 
****************************************
check_design summary:
Version:     T-2022.03-SP4
Date:        Wed Apr 15 10:31:11 2026
****************************************

                   Name                                            Total
--------------------------------------------------------------------------------
Inputs/Outputs                                                    104
    Unconnected ports (LINT-28)                                   103
    Constant outputs (LINT-52)                                      1

Cells                                                            1433
    Cells do not drive (LINT-1)                                     1
    Connected to power or ground (LINT-32)                       1407
    Nets connected to multiple pins on same cell (LINT-33)         25

Nets                                                               22
    Unloaded nets (LINT-2)                                         22
--------------------------------------------------------------------------------

Warning: In design 'msrv_soc_clk_generator', cell 'B_4' does not drive any nets. (LINT-1)
Warning: In design 'msrv_soc_system_controllerwrapper', net 'dut/eeprom_isolation_enb' driven by pin 'dut/PMU/eeprom_isolation_enb' has no loads. (LINT-2)
Warning: In design 'msrv_soc_system_controllerwrapper', net 'dut/eeprom_powergate_enb' driven by pin 'dut/PMU/eeprom_powergate_enb' has no loads. (LINT-2)
Warning: In design 'msrv_soc_system_controllerwrapper', net 'dut/spi_retention_restore_enb' driven by pin 'dut/PMU/spi_retention_restore_enb' has no loads. (LINT-2)
Warning: In design 'msrv_soc_system_controllerwrapper', net 'dut/spi_retention_save_enb' driven by pin 'dut/PMU/spi_retention_save_enb' has no loads. (LINT-2)
Warning: In design 'msrv_soc_system_controllerwrapper', net 'dut/spi_isolation_enb' driven by pin 'dut/PMU/spi_isolation_enb' has no loads. (LINT-2)
Warning: In design 'msrv_soc_system_controllerwrapper', net 'dut/spi_powergate_enb' driven by pin 'dut/PMU/spi_powergate_enb' has no loads. (LINT-2)
Warning: In design 'msrv_soc_system_controllerwrapper', net 'dut/uart_retention_restore_enb' driven by pin 'dut/PMU/uart_retention_restore_enb' has no loads. (LINT-2)
Warning: In design 'msrv_soc_system_controllerwrapper', net 'dut/uart_retention_save_enb' driven by pin 'dut/PMU/uart_retention_save_enb' has no loads. (LINT-2)
Warning: In design 'msrv_soc_system_controllerwrapper', net 'dut/uart_isolation_enb' driven by pin 'dut/PMU/uart_isolation_enb' has no loads. (LINT-2)
Warning: In design 'msrv_soc_system_controllerwrapper', net 'dut/uart_powergate_enb' driven by pin 'dut/PMU/uart_powergate_enb' has no loads. (LINT-2)
Warning: In design 'msrv_soc_system_controllerwrapper', net 'dut/HSELRegions[0]' driven by pin 'dut/adrdecs/SelRegions[0]' has no loads. (LINT-2)
Warning: In design 'msrv_soc_system_controllerwrapper', net 'dut/HSELRegions[1]' driven by pin 'dut/adrdecs/SelRegions[1]' has no loads. (LINT-2)
Warning: In design 'msrv_soc_system_controllerwrapper', net 'dut/HSELRegions[2]' driven by pin 'dut/adrdecs/SelRegions[2]' has no loads. (LINT-2)
Warning: In design 'msrv_soc_system_controllerwrapper', net 'dut/HSELRegions[3]' driven by pin 'dut/adrdecs/SelRegions[3]' has no loads. (LINT-2)
Warning: In design 'msrv_soc_system_controllerwrapper', net 'dut/HSELRegions[4]' driven by pin 'dut/adrdecs/SelRegions[4]' has no loads. (LINT-2)
Warning: In design 'msrv_soc_system_controllerwrapper', net 'dut/HSELRegions[5]' driven by pin 'dut/adrdecs/SelRegions[5]' has no loads. (LINT-2)
Warning: In design 'msrv_soc_system_controllerwrapper', net 'dut/HSELRegions[6]' driven by pin 'dut/adrdecs/SelRegions[6]' has no loads. (LINT-2)
Warning: In design 'msrv_soc_system_controllerwrapper', net 'dut/HSELRegions[7]' driven by pin 'dut/adrdecs/SelRegions[7]' has no loads. (LINT-2)
Warning: In design 'msrv_soc_system_controllerwrapper', net 'dut/HSELRegions[8]' driven by pin 'dut/adrdecs/SelRegions[8]' has no loads. (LINT-2)
Warning: In design 'msrv_soc_system_controllerwrapper', net 'dut/HSELRegions[9]' driven by pin 'dut/adrdecs/SelRegions[9]' has no loads. (LINT-2)
Warning: In design 'msrv_soc_system_controllerwrapper', net 'dut/HSELRegions[10]' driven by pin 'dut/adrdecs/SelRegions[10]' has no loads. (LINT-2)
Warning: In design 'msrv_soc_system_controllerwrapper', net 'dut/HSELRegions[11]' driven by pin 'dut/adrdecs/SelRegions[11]' has no loads. (LINT-2)
Warning: In design 'msrv_soc_system_controller__939583', port 'HSIZE[2]' is not connected to any nets. (LINT-28)
Warning: In design 'msrv_soc_system_controller__939583', port 'HWSTRB[7]' is not connected to any nets. (LINT-28)
Warning: In design 'msrv_soc_system_controller__939583', port 'HWSTRB[6]' is not connected to any nets. (LINT-28)
Warning: In design 'msrv_soc_system_controller__939583', port 'HWSTRB[5]' is not connected to any nets. (LINT-28)
Warning: In design 'msrv_soc_system_controller__939583', port 'HWSTRB[4]' is not connected to any nets. (LINT-28)
Warning: In design 'msrv_soc_system_controller__939583', port 'HWSTRB[3]' is not connected to any nets. (LINT-28)
Warning: In design 'msrv_soc_system_controller__939583', port 'HWSTRB[2]' is not connected to any nets. (LINT-28)
Warning: In design 'msrv_soc_system_controller__939583', port 'HWSTRB[1]' is not connected to any nets. (LINT-28)
Warning: In design 'msrv_soc_system_controller__939583', port 'HWSTRB[0]' is not connected to any nets. (LINT-28)
Warning: In design 'msrv_soc_clk_generator', port 'clk_divider_reg[31]' is not connected to any nets. (LINT-28)
Warning: In design 'msrv_soc_clk_generator', port 'clk_divider_reg[30]' is not connected to any nets. (LINT-28)
Warning: In design 'msrv_soc_clk_generator', port 'clk_divider_reg[29]' is not connected to any nets. (LINT-28)
Warning: In design 'msrv_soc_clk_generator', port 'clk_divider_reg[28]' is not connected to any nets. (LINT-28)
Warning: In design 'msrv_soc_clk_generator', port 'clk_divider_reg[27]' is not connected to any nets. (LINT-28)
Warning: In design 'msrv_soc_clk_generator', port 'clk_divider_reg[26]' is not connected to any nets. (LINT-28)
Warning: In design 'msrv_soc_clk_generator', port 'clk_divider_reg[25]' is not connected to any nets. (LINT-28)
Warning: In design 'msrv_soc_clk_generator', port 'clk_divider_reg[24]' is not connected to any nets. (LINT-28)
Warning: In design 'msrv_soc_clk_generator', port 'clk_divider_reg[23]' is not connected to any nets. (LINT-28)
Warning: In design 'msrv_soc_clk_generator', port 'clk_divider_reg[22]' is not connected to any nets. (LINT-28)
Warning: In design 'msrv_soc_clk_generator', port 'clk_divider_reg[21]' is not connected to any nets. (LINT-28)
Warning: In design 'msrv_soc_clk_generator', port 'clk_divider_reg[20]' is not connected to any nets. (LINT-28)
Warning: In design 'msrv_soc_clk_generator', port 'clk_divider_reg[19]' is not connected to any nets. (LINT-28)
Warning: In design 'msrv_soc_clk_generator', port 'clk_divider_reg[18]' is not connected to any nets. (LINT-28)
Warning: In design 'msrv_soc_clk_generator', port 'clk_divider_reg[17]' is not connected to any nets. (LINT-28)
Warning: In design 'msrv_soc_clk_generator', port 'clk_divider_reg[16]' is not connected to any nets. (LINT-28)
Warning: In design 'msrv_soc_clk_generator', port 'clk_divider_reg[15]' is not connected to any nets. (LINT-28)
Warning: In design 'msrv_soc_clk_generator', port 'clk_divider_reg[14]' is not connected to any nets. (LINT-28)
Warning: In design 'msrv_soc_clk_generator', port 'clk_divider_reg[13]' is not connected to any nets. (LINT-28)
Warning: In design 'msrv_soc_clk_generator', port 'clk_divider_reg[12]' is not connected to any nets. (LINT-28)
Warning: In design 'msrv_soc_clk_generator', port 'clk_divider_reg[11]' is not connected to any nets. (LINT-28)
Warning: In design 'msrv_soc_clk_generator', port 'clk_divider_reg[10]' is not connected to any nets. (LINT-28)
Warning: In design 'msrv_soc_clk_generator', port 'clk_divider_reg[9]' is not connected to any nets. (LINT-28)
Warning: In design 'msrv_soc_clk_generator', port 'clk_divider_reg[8]' is not connected to any nets. (LINT-28)
Warning: In design 'msrv_soc_clk_generator', port 'clk_divider_reg[7]' is not connected to any nets. (LINT-28)
Warning: In design 'msrv_soc_clk_generator', port 'clk_divider_reg[6]' is not connected to any nets. (LINT-28)
Warning: In design 'msrv_soc_clk_generator', port 'clk_divider_reg[5]' is not connected to any nets. (LINT-28)
Warning: In design 'msrv_soc_clk_generator', port 'clk_divider_reg[4]' is not connected to any nets. (LINT-28)
Warning: In design 'msrv_soc_clk_generator', port 'clk_divider_reg[3]' is not connected to any nets. (LINT-28)
Warning: In design 'msrv_soc_clk_generator', port 'clk_divider_reg[2]' is not connected to any nets. (LINT-28)
Warning: In design 'msrv_soc_clk_generator', port 'clk_shift_enb_reg[31]' is not connected to any nets. (LINT-28)
Warning: In design 'msrv_soc_clk_generator', port 'clk_shift_enb_reg[30]' is not connected to any nets. (LINT-28)
Warning: In design 'msrv_soc_clk_generator', port 'clk_shift_enb_reg[29]' is not connected to any nets. (LINT-28)
Warning: In design 'msrv_soc_clk_generator', port 'clk_shift_enb_reg[28]' is not connected to any nets. (LINT-28)
Warning: In design 'msrv_soc_clk_generator', port 'clk_shift_enb_reg[27]' is not connected to any nets. (LINT-28)
Warning: In design 'msrv_soc_clk_generator', port 'clk_shift_enb_reg[26]' is not connected to any nets. (LINT-28)
Warning: In design 'msrv_soc_clk_generator', port 'clk_shift_enb_reg[25]' is not connected to any nets. (LINT-28)
Warning: In design 'msrv_soc_clk_generator', port 'clk_shift_enb_reg[24]' is not connected to any nets. (LINT-28)
Warning: In design 'msrv_soc_clk_generator', port 'clk_shift_enb_reg[23]' is not connected to any nets. (LINT-28)
Warning: In design 'msrv_soc_clk_generator', port 'clk_shift_enb_reg[22]' is not connected to any nets. (LINT-28)
Warning: In design 'msrv_soc_clk_generator', port 'clk_shift_enb_reg[21]' is not connected to any nets. (LINT-28)
Warning: In design 'msrv_soc_clk_generator', port 'clk_shift_enb_reg[20]' is not connected to any nets. (LINT-28)
Warning: In design 'msrv_soc_clk_generator', port 'clk_shift_enb_reg[19]' is not connected to any nets. (LINT-28)
Warning: In design 'msrv_soc_clk_generator', port 'clk_shift_enb_reg[18]' is not connected to any nets. (LINT-28)
Warning: In design 'msrv_soc_clk_generator', port 'clk_shift_enb_reg[17]' is not connected to any nets. (LINT-28)
Warning: In design 'msrv_soc_clk_generator', port 'clk_shift_enb_reg[16]' is not connected to any nets. (LINT-28)
Warning: In design 'msrv_soc_clk_generator', port 'clk_shift_enb_reg[15]' is not connected to any nets. (LINT-28)
Warning: In design 'msrv_soc_clk_generator', port 'clk_shift_enb_reg[14]' is not connected to any nets. (LINT-28)
Warning: In design 'msrv_soc_clk_generator', port 'clk_shift_enb_reg[13]' is not connected to any nets. (LINT-28)
Warning: In design 'msrv_soc_clk_generator', port 'clk_shift_enb_reg[12]' is not connected to any nets. (LINT-28)
Warning: In design 'msrv_soc_clk_generator', port 'clk_shift_enb_reg[11]' is not connected to any nets. (LINT-28)
Warning: In design 'msrv_soc_clk_generator', port 'clk_shift_enb_reg[10]' is not connected to any nets. (LINT-28)
Warning: In design 'msrv_soc_clk_generator', port 'clk_shift_enb_reg[9]' is not connected to any nets. (LINT-28)
Warning: In design 'msrv_soc_clk_generator', port 'clk_shift_enb_reg[8]' is not connected to any nets. (LINT-28)
Warning: In design 'msrv_soc_clk_generator', port 'clk_shift_enb_reg[7]' is not connected to any nets. (LINT-28)
Warning: In design 'msrv_soc_clk_generator', port 'clk_shift_enb_reg[6]' is not connected to any nets. (LINT-28)
Warning: In design 'msrv_soc_clk_generator', port 'clk_shift_enb_reg[5]' is not connected to any nets. (LINT-28)
Warning: In design 'msrv_soc_clk_generator', port 'clk_shift_enb_reg[4]' is not connected to any nets. (LINT-28)
Warning: In design 'msrv_soc_clk_generator', port 'clk_shift_enb_reg[3]' is not connected to any nets. (LINT-28)
Warning: In design 'msrv_soc_clk_generator', port 'clk_shift_enb_reg[2]' is not connected to any nets. (LINT-28)
Warning: In design 'msrv_soc_clk_generator', port 'clk_shift_enb_reg[1]' is not connected to any nets. (LINT-28)
Warning: In design 'msrv_soc_register_bank__939583', port 'trans[0]' is not connected to any nets. (LINT-28)
Warning: In design 'msrv_soc_register_bank__939583', port 'wdata[63]' is not connected to any nets. (LINT-28)
Warning: In design 'msrv_soc_register_bank__939583', port 'wdata[62]' is not connected to any nets. (LINT-28)
Warning: In design 'msrv_soc_register_bank__939583', port 'wdata[61]' is not connected to any nets. (LINT-28)
Warning: In design 'msrv_soc_register_bank__939583', port 'wdata[60]' is not connected to any nets. (LINT-28)
Warning: In design 'msrv_soc_register_bank__939583', port 'wdata[59]' is not connected to any nets. (LINT-28)
Warning: In design 'msrv_soc_register_bank__939583', port 'wdata[58]' is not connected to any nets. (LINT-28)
Warning: In design 'msrv_soc_register_bank__939583', port 'wdata[57]' is not connected to any nets. (LINT-28)
Warning: In design 'msrv_soc_register_bank__939583', port 'wdata[56]' is not connected to any nets. (LINT-28)
Warning: In design 'msrv_soc_register_bank__939583', port 'wdata[55]' is not connected to any nets. (LINT-28)
Warning: In design 'msrv_soc_register_bank__939583', port 'wdata[54]' is not connected to any nets. (LINT-28)
Warning: In design 'msrv_soc_register_bank__939583', port 'wdata[53]' is not connected to any nets. (LINT-28)
Warning: In design 'msrv_soc_register_bank__939583', port 'wdata[52]' is not connected to any nets. (LINT-28)
Warning: In design 'msrv_soc_register_bank__939583', port 'wdata[51]' is not connected to any nets. (LINT-28)
Warning: In design 'msrv_soc_register_bank__939583', port 'wdata[50]' is not connected to any nets. (LINT-28)
Warning: In design 'msrv_soc_register_bank__939583', port 'wdata[49]' is not connected to any nets. (LINT-28)
Warning: In design 'msrv_soc_register_bank__939583', port 'wdata[48]' is not connected to any nets. (LINT-28)
Warning: In design 'msrv_soc_register_bank__939583', port 'wdata[47]' is not connected to any nets. (LINT-28)
Warning: In design 'msrv_soc_register_bank__939583', port 'wdata[46]' is not connected to any nets. (LINT-28)
Warning: In design 'msrv_soc_register_bank__939583', port 'wdata[45]' is not connected to any nets. (LINT-28)
Warning: In design 'msrv_soc_register_bank__939583', port 'wdata[44]' is not connected to any nets. (LINT-28)
Warning: In design 'msrv_soc_register_bank__939583', port 'wdata[43]' is not connected to any nets. (LINT-28)
Warning: In design 'msrv_soc_register_bank__939583', port 'wdata[42]' is not connected to any nets. (LINT-28)
Warning: In design 'msrv_soc_register_bank__939583', port 'wdata[41]' is not connected to any nets. (LINT-28)
Warning: In design 'msrv_soc_register_bank__939583', port 'wdata[40]' is not connected to any nets. (LINT-28)
Warning: In design 'msrv_soc_register_bank__939583', port 'wdata[39]' is not connected to any nets. (LINT-28)
Warning: In design 'msrv_soc_register_bank__939583', port 'wdata[38]' is not connected to any nets. (LINT-28)
Warning: In design 'msrv_soc_register_bank__939583', port 'wdata[37]' is not connected to any nets. (LINT-28)
Warning: In design 'msrv_soc_register_bank__939583', port 'wdata[36]' is not connected to any nets. (LINT-28)
Warning: In design 'msrv_soc_register_bank__939583', port 'wdata[35]' is not connected to any nets. (LINT-28)
Warning: In design 'msrv_soc_register_bank__939583', port 'wdata[34]' is not connected to any nets. (LINT-28)
Warning: In design 'msrv_soc_register_bank__939583', port 'wdata[33]' is not connected to any nets. (LINT-28)
Warning: In design 'msrv_soc_register_bank__939583', port 'wdata[32]' is not connected to any nets. (LINT-28)
Warning: In design 'msrv_soc_system_controller__939583', a pin on submodule 'adrdecs' is connected to logic 1 or logic 0. (LINT-32)
   Pin 'AccessRW' is connected to logic 1. 
Warning: In design 'msrv_soc_system_controller__939583', a pin on submodule 'adrdecs' is connected to logic 1 or logic 0. (LINT-32)
   Pin 'AccessRX' is connected to logic 1. 
Warning: In design 'msrv_soc_system_controller__939583', a pin on submodule 'adrdecs' is connected to logic 1 or logic 0. (LINT-32)
   Pin 'AccessRWXC' is connected to logic 1. 
Warning: In design 'msrv_soc_adrdecs__939583', a pin on submodule 'dtimdec' is connected to logic 1 or logic 0. (LINT-32)
   Pin 'Base[55]' is connected to logic 0. 
Warning: In design 'msrv_soc_adrdecs__939583', a pin on submodule 'dtimdec' is connected to logic 1 or logic 0. (LINT-32)
   Pin 'Base[54]' is connected to logic 0. 
Warning: In design 'msrv_soc_adrdecs__939583', a pin on submodule 'dtimdec' is connected to logic 1 or logic 0. (LINT-32)
   Pin 'Base[53]' is connected to logic 0. 
Warning: In design 'msrv_soc_adrdecs__939583', a pin on submodule 'dtimdec' is connected to logic 1 or logic 0. (LINT-32)
   Pin 'Base[52]' is connected to logic 0. 
Warning: In design 'msrv_soc_adrdecs__939583', a pin on submodule 'dtimdec' is connected to logic 1 or logic 0. (LINT-32)
   Pin 'Base[51]' is connected to logic 0. 
Warning: In design 'msrv_soc_adrdecs__939583', a pin on submodule 'dtimdec' is connected to logic 1 or logic 0. (LINT-32)
   Pin 'Base[50]' is connected to logic 0. 
Warning: In design 'msrv_soc_adrdecs__939583', a pin on submodule 'dtimdec' is connected to logic 1 or logic 0. (LINT-32)
   Pin 'Base[49]' is connected to logic 0. 
Warning: In design 'msrv_soc_adrdecs__939583', a pin on submodule 'dtimdec' is connected to logic 1 or logic 0. (LINT-32)
   Pin 'Base[48]' is connected to logic 0. 
Warning: In design 'msrv_soc_adrdecs__939583', a pin on submodule 'dtimdec' is connected to logic 1 or logic 0. (LINT-32)
   Pin 'Base[47]' is connected to logic 0. 
Warning: In design 'msrv_soc_adrdecs__939583', a pin on submodule 'dtimdec' is connected to logic 1 or logic 0. (LINT-32)
   Pin 'Base[46]' is connected to logic 0. 
Warning: In design 'msrv_soc_adrdecs__939583', a pin on submodule 'dtimdec' is connected to logic 1 or logic 0. (LINT-32)
   Pin 'Base[45]' is connected to logic 0. 
Warning: In design 'msrv_soc_adrdecs__939583', a pin on submodule 'dtimdec' is connected to logic 1 or logic 0. (LINT-32)
   Pin 'Base[44]' is connected to logic 0. 
Warning: In design 'msrv_soc_adrdecs__939583', a pin on submodule 'dtimdec' is connected to logic 1 or logic 0. (LINT-32)
   Pin 'Base[43]' is connected to logic 0. 
Warning: In design 'msrv_soc_adrdecs__939583', a pin on submodule 'dtimdec' is connected to logic 1 or logic 0. (LINT-32)
   Pin 'Base[42]' is connected to logic 0. 
Warning: In design 'msrv_soc_adrdecs__939583', a pin on submodule 'dtimdec' is connected to logic 1 or logic 0. (LINT-32)
   Pin 'Base[41]' is connected to logic 0. 
Warning: In design 'msrv_soc_adrdecs__939583', a pin on submodule 'dtimdec' is connected to logic 1 or logic 0. (LINT-32)
   Pin 'Base[40]' is connected to logic 0. 
Warning: In design 'msrv_soc_adrdecs__939583', a pin on submodule 'dtimdec' is connected to logic 1 or logic 0. (LINT-32)
   Pin 'Base[39]' is connected to logic 0. 
Warning: In design 'msrv_soc_adrdecs__939583', a pin on submodule 'dtimdec' is connected to logic 1 or logic 0. (LINT-32)
   Pin 'Base[38]' is connected to logic 0. 
Warning: In design 'msrv_soc_adrdecs__939583', a pin on submodule 'dtimdec' is connected to logic 1 or logic 0. (LINT-32)
   Pin 'Base[37]' is connected to logic 0. 
Warning: In design 'msrv_soc_adrdecs__939583', a pin on submodule 'dtimdec' is connected to logic 1 or logic 0. (LINT-32)
   Pin 'Base[36]' is connected to logic 0. 
Warning: In design 'msrv_soc_adrdecs__939583', a pin on submodule 'dtimdec' is connected to logic 1 or logic 0. (LINT-32)
   Pin 'Base[35]' is connected to logic 0. 
Warning: In design 'msrv_soc_adrdecs__939583', a pin on submodule 'dtimdec' is connected to logic 1 or logic 0. (LINT-32)
   Pin 'Base[34]' is connected to logic 0. 
Warning: In design 'msrv_soc_adrdecs__939583', a pin on submodule 'dtimdec' is connected to logic 1 or logic 0. (LINT-32)
   Pin 'Base[33]' is connected to logic 0. 
Warning: In design 'msrv_soc_adrdecs__939583', a pin on submodule 'dtimdec' is connected to logic 1 or logic 0. (LINT-32)
   Pin 'Base[32]' is connected to logic 0. 
Warning: In design 'msrv_soc_adrdecs__939583', a pin on submodule 'dtimdec' is connected to logic 1 or logic 0. (LINT-32)
   Pin 'Base[31]' is connected to logic 1. 
Warning: In design 'msrv_soc_adrdecs__939583', a pin on submodule 'dtimdec' is connected to logic 1 or logic 0. (LINT-32)
   Pin 'Base[30]' is connected to logic 0. 
Warning: In design 'msrv_soc_adrdecs__939583', a pin on submodule 'dtimdec' is connected to logic 1 or logic 0. (LINT-32)
   Pin 'Base[29]' is connected to logic 0. 
Warning: In design 'msrv_soc_adrdecs__939583', a pin on submodule 'dtimdec' is connected to logic 1 or logic 0. (LINT-32)
   Pin 'Base[28]' is connected to logic 0. 
Warning: In design 'msrv_soc_adrdecs__939583', a pin on submodule 'dtimdec' is connected to logic 1 or logic 0. (LINT-32)
   Pin 'Base[27]' is connected to logic 0. 
Warning: In design 'msrv_soc_adrdecs__939583', a pin on submodule 'dtimdec' is connected to logic 1 or logic 0. (LINT-32)
   Pin 'Base[26]' is connected to logic 0. 
Warning: In design 'msrv_soc_adrdecs__939583', a pin on submodule 'dtimdec' is connected to logic 1 or logic 0. (LINT-32)
   Pin 'Base[25]' is connected to logic 0. 
Warning: In design 'msrv_soc_adrdecs__939583', a pin on submodule 'dtimdec' is connected to logic 1 or logic 0. (LINT-32)
   Pin 'Base[24]' is connected to logic 0. 
Warning: In design 'msrv_soc_adrdecs__939583', a pin on submodule 'dtimdec' is connected to logic 1 or logic 0. (LINT-32)
   Pin 'Base[23]' is connected to logic 0. 
Warning: In design 'msrv_soc_adrdecs__939583', a pin on submodule 'dtimdec' is connected to logic 1 or logic 0. (LINT-32)
   Pin 'Base[22]' is connected to logic 0. 
Warning: In design 'msrv_soc_adrdecs__939583', a pin on submodule 'dtimdec' is connected to logic 1 or logic 0. (LINT-32)
   Pin 'Base[21]' is connected to logic 0. 
Warning: In design 'msrv_soc_adrdecs__939583', a pin on submodule 'dtimdec' is connected to logic 1 or logic 0. (LINT-32)
   Pin 'Base[20]' is connected to logic 0. 
Warning: In design 'msrv_soc_adrdecs__939583', a pin on submodule 'dtimdec' is connected to logic 1 or logic 0. (LINT-32)
   Pin 'Base[19]' is connected to logic 0. 
Warning: In design 'msrv_soc_adrdecs__939583', a pin on submodule 'dtimdec' is connected to logic 1 or logic 0. (LINT-32)
   Pin 'Base[18]' is connected to logic 0. 
Warning: In design 'msrv_soc_adrdecs__939583', a pin on submodule 'dtimdec' is connected to logic 1 or logic 0. (LINT-32)
   Pin 'Base[17]' is connected to logic 0. 
Warning: In design 'msrv_soc_adrdecs__939583', a pin on submodule 'dtimdec' is connected to logic 1 or logic 0. (LINT-32)
   Pin 'Base[16]' is connected to logic 0. 
Warning: In design 'msrv_soc_adrdecs__939583', a pin on submodule 'dtimdec' is connected to logic 1 or logic 0. (LINT-32)
   Pin 'Base[15]' is connected to logic 0. 
Warning: In design 'msrv_soc_adrdecs__939583', a pin on submodule 'dtimdec' is connected to logic 1 or logic 0. (LINT-32)
   Pin 'Base[14]' is connected to logic 0. 
Warning: In design 'msrv_soc_adrdecs__939583', a pin on submodule 'dtimdec' is connected to logic 1 or logic 0. (LINT-32)
   Pin 'Base[13]' is connected to logic 0. 
Warning: In design 'msrv_soc_adrdecs__939583', a pin on submodule 'dtimdec' is connected to logic 1 or logic 0. (LINT-32)
   Pin 'Base[12]' is connected to logic 0. 
Warning: In design 'msrv_soc_adrdecs__939583', a pin on submodule 'dtimdec' is connected to logic 1 or logic 0. (LINT-32)
   Pin 'Base[11]' is connected to logic 0. 
Warning: In design 'msrv_soc_adrdecs__939583', a pin on submodule 'dtimdec' is connected to logic 1 or logic 0. (LINT-32)
   Pin 'Base[10]' is connected to logic 0. 
Warning: In design 'msrv_soc_adrdecs__939583', a pin on submodule 'dtimdec' is connected to logic 1 or logic 0. (LINT-32)
   Pin 'Base[9]' is connected to logic 0. 
Warning: In design 'msrv_soc_adrdecs__939583', a pin on submodule 'dtimdec' is connected to logic 1 or logic 0. (LINT-32)
   Pin 'Base[8]' is connected to logic 0. 
Warning: In design 'msrv_soc_adrdecs__939583', a pin on submodule 'dtimdec' is connected to logic 1 or logic 0. (LINT-32)
   Pin 'Base[7]' is connected to logic 0. 
Warning: In design 'msrv_soc_adrdecs__939583', a pin on submodule 'dtimdec' is connected to logic 1 or logic 0. (LINT-32)
   Pin 'Base[6]' is connected to logic 0. 
Warning: In design 'msrv_soc_adrdecs__939583', a pin on submodule 'dtimdec' is connected to logic 1 or logic 0. (LINT-32)
   Pin 'Base[5]' is connected to logic 0. 
Warning: In design 'msrv_soc_adrdecs__939583', a pin on submodule 'dtimdec' is connected to logic 1 or logic 0. (LINT-32)
   Pin 'Base[4]' is connected to logic 0. 
Warning: In design 'msrv_soc_adrdecs__939583', a pin on submodule 'dtimdec' is connected to logic 1 or logic 0. (LINT-32)
   Pin 'Base[3]' is connected to logic 0. 
Warning: In design 'msrv_soc_adrdecs__939583', a pin on submodule 'dtimdec' is connected to logic 1 or logic 0. (LINT-32)
   Pin 'Base[2]' is connected to logic 0. 
Warning: In design 'msrv_soc_adrdecs__939583', a pin on submodule 'dtimdec' is connected to logic 1 or logic 0. (LINT-32)
   Pin 'Base[1]' is connected to logic 0. 
Warning: In design 'msrv_soc_adrdecs__939583', a pin on submodule 'dtimdec' is connected to logic 1 or logic 0. (LINT-32)
   Pin 'Base[0]' is connected to logic 0. 
Warning: In design 'msrv_soc_adrdecs__939583', a pin on submodule 'dtimdec' is connected to logic 1 or logic 0. (LINT-32)
   Pin 'Range[55]' is connected to logic 0. 
Warning: In design 'msrv_soc_adrdecs__939583', a pin on submodule 'dtimdec' is connected to logic 1 or logic 0. (LINT-32)
   Pin 'Range[54]' is connected to logic 0. 
Warning: In design 'msrv_soc_adrdecs__939583', a pin on submodule 'dtimdec' is connected to logic 1 or logic 0. (LINT-32)
   Pin 'Range[53]' is connected to logic 0. 
Warning: In design 'msrv_soc_adrdecs__939583', a pin on submodule 'dtimdec' is connected to logic 1 or logic 0. (LINT-32)
   Pin 'Range[52]' is connected to logic 0. 
Warning: In design 'msrv_soc_adrdecs__939583', a pin on submodule 'dtimdec' is connected to logic 1 or logic 0. (LINT-32)
   Pin 'Range[51]' is connected to logic 0. 
Warning: In design 'msrv_soc_adrdecs__939583', a pin on submodule 'dtimdec' is connected to logic 1 or logic 0. (LINT-32)
   Pin 'Range[50]' is connected to logic 0. 
Warning: In design 'msrv_soc_adrdecs__939583', a pin on submodule 'dtimdec' is connected to logic 1 or logic 0. (LINT-32)
   Pin 'Range[49]' is connected to logic 0. 
Warning: In design 'msrv_soc_adrdecs__939583', a pin on submodule 'dtimdec' is connected to logic 1 or logic 0. (LINT-32)
   Pin 'Range[48]' is connected to logic 0. 
Warning: In design 'msrv_soc_adrdecs__939583', a pin on submodule 'dtimdec' is connected to logic 1 or logic 0. (LINT-32)
   Pin 'Range[47]' is connected to logic 0. 
Warning: In design 'msrv_soc_adrdecs__939583', a pin on submodule 'dtimdec' is connected to logic 1 or logic 0. (LINT-32)
   Pin 'Range[46]' is connected to logic 0. 
Warning: In design 'msrv_soc_adrdecs__939583', a pin on submodule 'dtimdec' is connected to logic 1 or logic 0. (LINT-32)
   Pin 'Range[45]' is connected to logic 0. 
Warning: In design 'msrv_soc_adrdecs__939583', a pin on submodule 'dtimdec' is connected to logic 1 or logic 0. (LINT-32)
   Pin 'Range[44]' is connected to logic 0. 
Warning: In design 'msrv_soc_adrdecs__939583', a pin on submodule 'dtimdec' is connected to logic 1 or logic 0. (LINT-32)
   Pin 'Range[43]' is connected to logic 0. 
Warning: In design 'msrv_soc_adrdecs__939583', a pin on submodule 'dtimdec' is connected to logic 1 or logic 0. (LINT-32)
   Pin 'Range[42]' is connected to logic 0. 
Warning: In design 'msrv_soc_adrdecs__939583', a pin on submodule 'dtimdec' is connected to logic 1 or logic 0. (LINT-32)
   Pin 'Range[41]' is connected to logic 0. 
Warning: In design 'msrv_soc_adrdecs__939583', a pin on submodule 'dtimdec' is connected to logic 1 or logic 0. (LINT-32)
   Pin 'Range[40]' is connected to logic 0. 
Warning: In design 'msrv_soc_adrdecs__939583', a pin on submodule 'dtimdec' is connected to logic 1 or logic 0. (LINT-32)
   Pin 'Range[39]' is connected to logic 0. 
Warning: In design 'msrv_soc_adrdecs__939583', a pin on submodule 'dtimdec' is connected to logic 1 or logic 0. (LINT-32)
   Pin 'Range[38]' is connected to logic 0. 
Warning: In design 'msrv_soc_adrdecs__939583', a pin on submodule 'dtimdec' is connected to logic 1 or logic 0. (LINT-32)
   Pin 'Range[37]' is connected to logic 0. 
Warning: In design 'msrv_soc_adrdecs__939583', a pin on submodule 'dtimdec' is connected to logic 1 or logic 0. (LINT-32)
   Pin 'Range[36]' is connected to logic 0. 
Warning: In design 'msrv_soc_adrdecs__939583', a pin on submodule 'dtimdec' is connected to logic 1 or logic 0. (LINT-32)
   Pin 'Range[35]' is connected to logic 0. 
Warning: In design 'msrv_soc_adrdecs__939583', a pin on submodule 'dtimdec' is connected to logic 1 or logic 0. (LINT-32)
   Pin 'Range[34]' is connected to logic 0. 
Warning: In design 'msrv_soc_adrdecs__939583', a pin on submodule 'dtimdec' is connected to logic 1 or logic 0. (LINT-32)
   Pin 'Range[33]' is connected to logic 0. 
Warning: In design 'msrv_soc_adrdecs__939583', a pin on submodule 'dtimdec' is connected to logic 1 or logic 0. (LINT-32)
   Pin 'Range[32]' is connected to logic 0. 
Warning: In design 'msrv_soc_adrdecs__939583', a pin on submodule 'dtimdec' is connected to logic 1 or logic 0. (LINT-32)
   Pin 'Range[31]' is connected to logic 0. 
Warning: In design 'msrv_soc_adrdecs__939583', a pin on submodule 'dtimdec' is connected to logic 1 or logic 0. (LINT-32)
   Pin 'Range[30]' is connected to logic 0. 
Warning: In design 'msrv_soc_adrdecs__939583', a pin on submodule 'dtimdec' is connected to logic 1 or logic 0. (LINT-32)
   Pin 'Range[29]' is connected to logic 0. 
Warning: In design 'msrv_soc_adrdecs__939583', a pin on submodule 'dtimdec' is connected to logic 1 or logic 0. (LINT-32)
   Pin 'Range[28]' is connected to logic 0. 
Warning: In design 'msrv_soc_adrdecs__939583', a pin on submodule 'dtimdec' is connected to logic 1 or logic 0. (LINT-32)
   Pin 'Range[27]' is connected to logic 0. 
Warning: In design 'msrv_soc_adrdecs__939583', a pin on submodule 'dtimdec' is connected to logic 1 or logic 0. (LINT-32)
   Pin 'Range[26]' is connected to logic 0. 
Warning: In design 'msrv_soc_adrdecs__939583', a pin on submodule 'dtimdec' is connected to logic 1 or logic 0. (LINT-32)
   Pin 'Range[25]' is connected to logic 0. 
Warning: In design 'msrv_soc_adrdecs__939583', a pin on submodule 'dtimdec' is connected to logic 1 or logic 0. (LINT-32)
   Pin 'Range[24]' is connected to logic 0. 
Warning: In design 'msrv_soc_adrdecs__939583', a pin on submodule 'dtimdec' is connected to logic 1 or logic 0. (LINT-32)
   Pin 'Range[23]' is connected to logic 0. 
Warning: In design 'msrv_soc_adrdecs__939583', a pin on submodule 'dtimdec' is connected to logic 1 or logic 0. (LINT-32)
   Pin 'Range[22]' is connected to logic 1. 
Warning: In design 'msrv_soc_adrdecs__939583', a pin on submodule 'dtimdec' is connected to logic 1 or logic 0. (LINT-32)
   Pin 'Range[21]' is connected to logic 1. 
Warning: In design 'msrv_soc_adrdecs__939583', a pin on submodule 'dtimdec' is connected to logic 1 or logic 0. (LINT-32)
   Pin 'Range[20]' is connected to logic 1. 
Warning: In design 'msrv_soc_adrdecs__939583', a pin on submodule 'dtimdec' is connected to logic 1 or logic 0. (LINT-32)
   Pin 'Range[19]' is connected to logic 1. 
Warning: In design 'msrv_soc_adrdecs__939583', a pin on submodule 'dtimdec' is connected to logic 1 or logic 0. (LINT-32)
   Pin 'Range[18]' is connected to logic 1. 
Warning: In design 'msrv_soc_adrdecs__939583', a pin on submodule 'dtimdec' is connected to logic 1 or logic 0. (LINT-32)
   Pin 'Range[17]' is connected to logic 1. 
Warning: In design 'msrv_soc_adrdecs__939583', a pin on submodule 'dtimdec' is connected to logic 1 or logic 0. (LINT-32)
   Pin 'Range[16]' is connected to logic 1. 
Warning: In design 'msrv_soc_adrdecs__939583', a pin on submodule 'dtimdec' is connected to logic 1 or logic 0. (LINT-32)
   Pin 'Range[15]' is connected to logic 1. 
Warning: In design 'msrv_soc_adrdecs__939583', a pin on submodule 'dtimdec' is connected to logic 1 or logic 0. (LINT-32)
   Pin 'Range[14]' is connected to logic 1. 
Warning: In design 'msrv_soc_adrdecs__939583', a pin on submodule 'dtimdec' is connected to logic 1 or logic 0. (LINT-32)
   Pin 'Range[13]' is connected to logic 1. 
Warning: In design 'msrv_soc_adrdecs__939583', a pin on submodule 'dtimdec' is connected to logic 1 or logic 0. (LINT-32)
   Pin 'Range[12]' is connected to logic 1. 
Warning: In design 'msrv_soc_adrdecs__939583', a pin on submodule 'dtimdec' is connected to logic 1 or logic 0. (LINT-32)
   Pin 'Range[11]' is connected to logic 1. 
Warning: In design 'msrv_soc_adrdecs__939583', a pin on submodule 'dtimdec' is connected to logic 1 or logic 0. (LINT-32)
   Pin 'Range[10]' is connected to logic 1. 
Warning: In design 'msrv_soc_adrdecs__939583', a pin on submodule 'dtimdec' is connected to logic 1 or logic 0. (LINT-32)
   Pin 'Range[9]' is connected to logic 1. 
Warning: In design 'msrv_soc_adrdecs__939583', a pin on submodule 'dtimdec' is connected to logic 1 or logic 0. (LINT-32)
   Pin 'Range[8]' is connected to logic 1. 
Warning: In design 'msrv_soc_adrdecs__939583', a pin on submodule 'dtimdec' is connected to logic 1 or logic 0. (LINT-32)
   Pin 'Range[7]' is connected to logic 1. 
Warning: In design 'msrv_soc_adrdecs__939583', a pin on submodule 'dtimdec' is connected to logic 1 or logic 0. (LINT-32)
   Pin 'Range[6]' is connected to logic 1. 
Warning: In design 'msrv_soc_adrdecs__939583', a pin on submodule 'dtimdec' is connected to logic 1 or logic 0. (LINT-32)
   Pin 'Range[5]' is connected to logic 1. 
Warning: In design 'msrv_soc_adrdecs__939583', a pin on submodule 'dtimdec' is connected to logic 1 or logic 0. (LINT-32)
   Pin 'Range[4]' is connected to logic 1. 
Warning: In design 'msrv_soc_adrdecs__939583', a pin on submodule 'dtimdec' is connected to logic 1 or logic 0. (LINT-32)
   Pin 'Range[3]' is connected to logic 1. 
Warning: In design 'msrv_soc_adrdecs__939583', a pin on submodule 'dtimdec' is connected to logic 1 or logic 0. (LINT-32)
   Pin 'Range[2]' is connected to logic 1. 
Warning: In design 'msrv_soc_adrdecs__939583', a pin on submodule 'dtimdec' is connected to logic 1 or logic 0. (LINT-32)
   Pin 'Range[1]' is connected to logic 1. 
Warning: In design 'msrv_soc_adrdecs__939583', a pin on submodule 'dtimdec' is connected to logic 1 or logic 0. (LINT-32)
   Pin 'Range[0]' is connected to logic 1. 
Warning: In design 'msrv_soc_adrdecs__939583', a pin on submodule 'dtimdec' is connected to logic 1 or logic 0. (LINT-32)
   Pin 'Supported' is connected to logic 0. 
Warning: In design 'msrv_soc_adrdecs__939583', a pin on submodule 'dtimdec' is connected to logic 1 or logic 0. (LINT-32)
   Pin 'SizeMask[3]' is connected to logic 1. 
Warning: In design 'msrv_soc_adrdecs__939583', a pin on submodule 'dtimdec' is connected to logic 1 or logic 0. (LINT-32)
   Pin 'SizeMask[2]' is connected to logic 1. 
Warning: In design 'msrv_soc_adrdecs__939583', a pin on submodule 'dtimdec' is connected to logic 1 or logic 0. (LINT-32)
   Pin 'SizeMask[1]' is connected to logic 1. 
Warning: In design 'msrv_soc_adrdecs__939583', a pin on submodule 'dtimdec' is connected to logic 1 or logic 0. (LINT-32)
   Pin 'SizeMask[0]' is connected to logic 1. 
Warning: In design 'msrv_soc_adrdecs__939583', a pin on submodule 'iromdec' is connected to logic 1 or logic 0. (LINT-32)
   Pin 'Base[55]' is connected to logic 0. 
Warning: In design 'msrv_soc_adrdecs__939583', a pin on submodule 'iromdec' is connected to logic 1 or logic 0. (LINT-32)
   Pin 'Base[54]' is connected to logic 0. 
Warning: In design 'msrv_soc_adrdecs__939583', a pin on submodule 'iromdec' is connected to logic 1 or logic 0. (LINT-32)
   Pin 'Base[53]' is connected to logic 0. 
Warning: In design 'msrv_soc_adrdecs__939583', a pin on submodule 'iromdec' is connected to logic 1 or logic 0. (LINT-32)
   Pin 'Base[52]' is connected to logic 0. 
Warning: In design 'msrv_soc_adrdecs__939583', a pin on submodule 'iromdec' is connected to logic 1 or logic 0. (LINT-32)
   Pin 'Base[51]' is connected to logic 0. 
Warning: In design 'msrv_soc_adrdecs__939583', a pin on submodule 'iromdec' is connected to logic 1 or logic 0. (LINT-32)
   Pin 'Base[50]' is connected to logic 0. 
Warning: In design 'msrv_soc_adrdecs__939583', a pin on submodule 'iromdec' is connected to logic 1 or logic 0. (LINT-32)
   Pin 'Base[49]' is connected to logic 0. 
Warning: In design 'msrv_soc_adrdecs__939583', a pin on submodule 'iromdec' is connected to logic 1 or logic 0. (LINT-32)
   Pin 'Base[48]' is connected to logic 0. 
Warning: In design 'msrv_soc_adrdecs__939583', a pin on submodule 'iromdec' is connected to logic 1 or logic 0. (LINT-32)
   Pin 'Base[47]' is connected to logic 0. 
Warning: In design 'msrv_soc_adrdecs__939583', a pin on submodule 'iromdec' is connected to logic 1 or logic 0. (LINT-32)
   Pin 'Base[46]' is connected to logic 0. 
Warning: In design 'msrv_soc_adrdecs__939583', a pin on submodule 'iromdec' is connected to logic 1 or logic 0. (LINT-32)
   Pin 'Base[45]' is connected to logic 0. 
Warning: In design 'msrv_soc_adrdecs__939583', a pin on submodule 'iromdec' is connected to logic 1 or logic 0. (LINT-32)
   Pin 'Base[44]' is connected to logic 0. 
Warning: In design 'msrv_soc_adrdecs__939583', a pin on submodule 'iromdec' is connected to logic 1 or logic 0. (LINT-32)
   Pin 'Base[43]' is connected to logic 0. 
Warning: In design 'msrv_soc_adrdecs__939583', a pin on submodule 'iromdec' is connected to logic 1 or logic 0. (LINT-32)
   Pin 'Base[42]' is connected to logic 0. 
Warning: In design 'msrv_soc_adrdecs__939583', a pin on submodule 'iromdec' is connected to logic 1 or logic 0. (LINT-32)
   Pin 'Base[41]' is connected to logic 0. 
Warning: In design 'msrv_soc_adrdecs__939583', a pin on submodule 'iromdec' is connected to logic 1 or logic 0. (LINT-32)
   Pin 'Base[40]' is connected to logic 0. 
Warning: In design 'msrv_soc_adrdecs__939583', a pin on submodule 'iromdec' is connected to logic 1 or logic 0. (LINT-32)
   Pin 'Base[39]' is connected to logic 0. 
Warning: In design 'msrv_soc_adrdecs__939583', a pin on submodule 'iromdec' is connected to logic 1 or logic 0. (LINT-32)
   Pin 'Base[38]' is connected to logic 0. 
Warning: In design 'msrv_soc_adrdecs__939583', a pin on submodule 'iromdec' is connected to logic 1 or logic 0. (LINT-32)
   Pin 'Base[37]' is connected to logic 0. 
Warning: In design 'msrv_soc_adrdecs__939583', a pin on submodule 'iromdec' is connected to logic 1 or logic 0. (LINT-32)
   Pin 'Base[36]' is connected to logic 0. 
Warning: In design 'msrv_soc_adrdecs__939583', a pin on submodule 'iromdec' is connected to logic 1 or logic 0. (LINT-32)
   Pin 'Base[35]' is connected to logic 0. 
Warning: In design 'msrv_soc_adrdecs__939583', a pin on submodule 'iromdec' is connected to logic 1 or logic 0. (LINT-32)
   Pin 'Base[34]' is connected to logic 0. 
Warning: In design 'msrv_soc_adrdecs__939583', a pin on submodule 'iromdec' is connected to logic 1 or logic 0. (LINT-32)
   Pin 'Base[33]' is connected to logic 0. 
Warning: In design 'msrv_soc_adrdecs__939583', a pin on submodule 'iromdec' is connected to logic 1 or logic 0. (LINT-32)
   Pin 'Base[32]' is connected to logic 0. 
Warning: In design 'msrv_soc_adrdecs__939583', a pin on submodule 'iromdec' is connected to logic 1 or logic 0. (LINT-32)
   Pin 'Base[31]' is connected to logic 1. 
Warning: In design 'msrv_soc_adrdecs__939583', a pin on submodule 'iromdec' is connected to logic 1 or logic 0. (LINT-32)
   Pin 'Base[30]' is connected to logic 0. 
Warning: In design 'msrv_soc_adrdecs__939583', a pin on submodule 'iromdec' is connected to logic 1 or logic 0. (LINT-32)
   Pin 'Base[29]' is connected to logic 0. 
Warning: In design 'msrv_soc_adrdecs__939583', a pin on submodule 'iromdec' is connected to logic 1 or logic 0. (LINT-32)
   Pin 'Base[28]' is connected to logic 0. 
Warning: In design 'msrv_soc_adrdecs__939583', a pin on submodule 'iromdec' is connected to logic 1 or logic 0. (LINT-32)
   Pin 'Base[27]' is connected to logic 0. 
Warning: In design 'msrv_soc_adrdecs__939583', a pin on submodule 'iromdec' is connected to logic 1 or logic 0. (LINT-32)
   Pin 'Base[26]' is connected to logic 0. 
Warning: In design 'msrv_soc_adrdecs__939583', a pin on submodule 'iromdec' is connected to logic 1 or logic 0. (LINT-32)
   Pin 'Base[25]' is connected to logic 0. 
Warning: In design 'msrv_soc_adrdecs__939583', a pin on submodule 'iromdec' is connected to logic 1 or logic 0. (LINT-32)
   Pin 'Base[24]' is connected to logic 0. 
Warning: In design 'msrv_soc_adrdecs__939583', a pin on submodule 'iromdec' is connected to logic 1 or logic 0. (LINT-32)
   Pin 'Base[23]' is connected to logic 0. 
Warning: In design 'msrv_soc_adrdecs__939583', a pin on submodule 'iromdec' is connected to logic 1 or logic 0. (LINT-32)
   Pin 'Base[22]' is connected to logic 0. 
Warning: In design 'msrv_soc_adrdecs__939583', a pin on submodule 'iromdec' is connected to logic 1 or logic 0. (LINT-32)
   Pin 'Base[21]' is connected to logic 0. 
Warning: In design 'msrv_soc_adrdecs__939583', a pin on submodule 'iromdec' is connected to logic 1 or logic 0. (LINT-32)
   Pin 'Base[20]' is connected to logic 0. 
Warning: In design 'msrv_soc_adrdecs__939583', a pin on submodule 'iromdec' is connected to logic 1 or logic 0. (LINT-32)
   Pin 'Base[19]' is connected to logic 0. 
Warning: In design 'msrv_soc_adrdecs__939583', a pin on submodule 'iromdec' is connected to logic 1 or logic 0. (LINT-32)
   Pin 'Base[18]' is connected to logic 0. 
Warning: In design 'msrv_soc_adrdecs__939583', a pin on submodule 'iromdec' is connected to logic 1 or logic 0. (LINT-32)
   Pin 'Base[17]' is connected to logic 0. 
Warning: In design 'msrv_soc_adrdecs__939583', a pin on submodule 'iromdec' is connected to logic 1 or logic 0. (LINT-32)
   Pin 'Base[16]' is connected to logic 0. 
Warning: In design 'msrv_soc_adrdecs__939583', a pin on submodule 'iromdec' is connected to logic 1 or logic 0. (LINT-32)
   Pin 'Base[15]' is connected to logic 0. 
Warning: In design 'msrv_soc_adrdecs__939583', a pin on submodule 'iromdec' is connected to logic 1 or logic 0. (LINT-32)
   Pin 'Base[14]' is connected to logic 0. 
Warning: In design 'msrv_soc_adrdecs__939583', a pin on submodule 'iromdec' is connected to logic 1 or logic 0. (LINT-32)
   Pin 'Base[13]' is connected to logic 0. 
Warning: In design 'msrv_soc_adrdecs__939583', a pin on submodule 'iromdec' is connected to logic 1 or logic 0. (LINT-32)
   Pin 'Base[12]' is connected to logic 0. 
Warning: In design 'msrv_soc_adrdecs__939583', a pin on submodule 'iromdec' is connected to logic 1 or logic 0. (LINT-32)
   Pin 'Base[11]' is connected to logic 0. 
Warning: In design 'msrv_soc_adrdecs__939583', a pin on submodule 'iromdec' is connected to logic 1 or logic 0. (LINT-32)
   Pin 'Base[10]' is connected to logic 0. 
Warning: In design 'msrv_soc_adrdecs__939583', a pin on submodule 'iromdec' is connected to logic 1 or logic 0. (LINT-32)
   Pin 'Base[9]' is connected to logic 0. 
Warning: In design 'msrv_soc_adrdecs__939583', a pin on submodule 'iromdec' is connected to logic 1 or logic 0. (LINT-32)
   Pin 'Base[8]' is connected to logic 0. 
Warning: In design 'msrv_soc_adrdecs__939583', a pin on submodule 'iromdec' is connected to logic 1 or logic 0. (LINT-32)
   Pin 'Base[7]' is connected to logic 0. 
Warning: In design 'msrv_soc_adrdecs__939583', a pin on submodule 'iromdec' is connected to logic 1 or logic 0. (LINT-32)
   Pin 'Base[6]' is connected to logic 0. 
Warning: In design 'msrv_soc_adrdecs__939583', a pin on submodule 'iromdec' is connected to logic 1 or logic 0. (LINT-32)
   Pin 'Base[5]' is connected to logic 0. 
Warning: In design 'msrv_soc_adrdecs__939583', a pin on submodule 'iromdec' is connected to logic 1 or logic 0. (LINT-32)
   Pin 'Base[4]' is connected to logic 0. 
Warning: In design 'msrv_soc_adrdecs__939583', a pin on submodule 'iromdec' is connected to logic 1 or logic 0. (LINT-32)
   Pin 'Base[3]' is connected to logic 0. 
Warning: In design 'msrv_soc_adrdecs__939583', a pin on submodule 'iromdec' is connected to logic 1 or logic 0. (LINT-32)
   Pin 'Base[2]' is connected to logic 0. 
Warning: In design 'msrv_soc_adrdecs__939583', a pin on submodule 'iromdec' is connected to logic 1 or logic 0. (LINT-32)
   Pin 'Base[1]' is connected to logic 0. 
Warning: In design 'msrv_soc_adrdecs__939583', a pin on submodule 'iromdec' is connected to logic 1 or logic 0. (LINT-32)
   Pin 'Base[0]' is connected to logic 0. 
Warning: In design 'msrv_soc_adrdecs__939583', a pin on submodule 'iromdec' is connected to logic 1 or logic 0. (LINT-32)
   Pin 'Range[55]' is connected to logic 0. 
Warning: In design 'msrv_soc_adrdecs__939583', a pin on submodule 'iromdec' is connected to logic 1 or logic 0. (LINT-32)
   Pin 'Range[54]' is connected to logic 0. 
Warning: In design 'msrv_soc_adrdecs__939583', a pin on submodule 'iromdec' is connected to logic 1 or logic 0. (LINT-32)
   Pin 'Range[53]' is connected to logic 0. 
Warning: In design 'msrv_soc_adrdecs__939583', a pin on submodule 'iromdec' is connected to logic 1 or logic 0. (LINT-32)
   Pin 'Range[52]' is connected to logic 0. 
Warning: In design 'msrv_soc_adrdecs__939583', a pin on submodule 'iromdec' is connected to logic 1 or logic 0. (LINT-32)
   Pin 'Range[51]' is connected to logic 0. 
Warning: In design 'msrv_soc_adrdecs__939583', a pin on submodule 'iromdec' is connected to logic 1 or logic 0. (LINT-32)
   Pin 'Range[50]' is connected to logic 0. 
Warning: In design 'msrv_soc_adrdecs__939583', a pin on submodule 'iromdec' is connected to logic 1 or logic 0. (LINT-32)
   Pin 'Range[49]' is connected to logic 0. 
Warning: In design 'msrv_soc_adrdecs__939583', a pin on submodule 'iromdec' is connected to logic 1 or logic 0. (LINT-32)
   Pin 'Range[48]' is connected to logic 0. 
Warning: In design 'msrv_soc_adrdecs__939583', a pin on submodule 'iromdec' is connected to logic 1 or logic 0. (LINT-32)
   Pin 'Range[47]' is connected to logic 0. 
Warning: In design 'msrv_soc_adrdecs__939583', a pin on submodule 'iromdec' is connected to logic 1 or logic 0. (LINT-32)
   Pin 'Range[46]' is connected to logic 0. 
Warning: In design 'msrv_soc_adrdecs__939583', a pin on submodule 'iromdec' is connected to logic 1 or logic 0. (LINT-32)
   Pin 'Range[45]' is connected to logic 0. 
Warning: In design 'msrv_soc_adrdecs__939583', a pin on submodule 'iromdec' is connected to logic 1 or logic 0. (LINT-32)
   Pin 'Range[44]' is connected to logic 0. 
Warning: In design 'msrv_soc_adrdecs__939583', a pin on submodule 'iromdec' is connected to logic 1 or logic 0. (LINT-32)
   Pin 'Range[43]' is connected to logic 0. 
Warning: In design 'msrv_soc_adrdecs__939583', a pin on submodule 'iromdec' is connected to logic 1 or logic 0. (LINT-32)
   Pin 'Range[42]' is connected to logic 0. 
Warning: In design 'msrv_soc_adrdecs__939583', a pin on submodule 'iromdec' is connected to logic 1 or logic 0. (LINT-32)
   Pin 'Range[41]' is connected to logic 0. 
Warning: In design 'msrv_soc_adrdecs__939583', a pin on submodule 'iromdec' is connected to logic 1 or logic 0. (LINT-32)
   Pin 'Range[40]' is connected to logic 0. 
Warning: In design 'msrv_soc_adrdecs__939583', a pin on submodule 'iromdec' is connected to logic 1 or logic 0. (LINT-32)
   Pin 'Range[39]' is connected to logic 0. 
Warning: In design 'msrv_soc_adrdecs__939583', a pin on submodule 'iromdec' is connected to logic 1 or logic 0. (LINT-32)
   Pin 'Range[38]' is connected to logic 0. 
Warning: In design 'msrv_soc_adrdecs__939583', a pin on submodule 'iromdec' is connected to logic 1 or logic 0. (LINT-32)
   Pin 'Range[37]' is connected to logic 0. 
Warning: In design 'msrv_soc_adrdecs__939583', a pin on submodule 'iromdec' is connected to logic 1 or logic 0. (LINT-32)
   Pin 'Range[36]' is connected to logic 0. 
Warning: In design 'msrv_soc_adrdecs__939583', a pin on submodule 'iromdec' is connected to logic 1 or logic 0. (LINT-32)
   Pin 'Range[35]' is connected to logic 0. 
Warning: In design 'msrv_soc_adrdecs__939583', a pin on submodule 'iromdec' is connected to logic 1 or logic 0. (LINT-32)
   Pin 'Range[34]' is connected to logic 0. 
Warning: In design 'msrv_soc_adrdecs__939583', a pin on submodule 'iromdec' is connected to logic 1 or logic 0. (LINT-32)
   Pin 'Range[33]' is connected to logic 0. 
Warning: In design 'msrv_soc_adrdecs__939583', a pin on submodule 'iromdec' is connected to logic 1 or logic 0. (LINT-32)
   Pin 'Range[32]' is connected to logic 0. 
Warning: In design 'msrv_soc_adrdecs__939583', a pin on submodule 'iromdec' is connected to logic 1 or logic 0. (LINT-32)
   Pin 'Range[31]' is connected to logic 0. 
Warning: In design 'msrv_soc_adrdecs__939583', a pin on submodule 'iromdec' is connected to logic 1 or logic 0. (LINT-32)
   Pin 'Range[30]' is connected to logic 0. 
Warning: In design 'msrv_soc_adrdecs__939583', a pin on submodule 'iromdec' is connected to logic 1 or logic 0. (LINT-32)
   Pin 'Range[29]' is connected to logic 0. 
Warning: In design 'msrv_soc_adrdecs__939583', a pin on submodule 'iromdec' is connected to logic 1 or logic 0. (LINT-32)
   Pin 'Range[28]' is connected to logic 0. 
Warning: In design 'msrv_soc_adrdecs__939583', a pin on submodule 'iromdec' is connected to logic 1 or logic 0. (LINT-32)
   Pin 'Range[27]' is connected to logic 0. 
Warning: In design 'msrv_soc_adrdecs__939583', a pin on submodule 'iromdec' is connected to logic 1 or logic 0. (LINT-32)
   Pin 'Range[26]' is connected to logic 0. 
Warning: In design 'msrv_soc_adrdecs__939583', a pin on submodule 'iromdec' is connected to logic 1 or logic 0. (LINT-32)
   Pin 'Range[25]' is connected to logic 0. 
Warning: In design 'msrv_soc_adrdecs__939583', a pin on submodule 'iromdec' is connected to logic 1 or logic 0. (LINT-32)
   Pin 'Range[24]' is connected to logic 0. 
Warning: In design 'msrv_soc_adrdecs__939583', a pin on submodule 'iromdec' is connected to logic 1 or logic 0. (LINT-32)
   Pin 'Range[23]' is connected to logic 0. 
Warning: In design 'msrv_soc_adrdecs__939583', a pin on submodule 'iromdec' is connected to logic 1 or logic 0. (LINT-32)
   Pin 'Range[22]' is connected to logic 1. 
Warning: In design 'msrv_soc_adrdecs__939583', a pin on submodule 'iromdec' is connected to logic 1 or logic 0. (LINT-32)
   Pin 'Range[21]' is connected to logic 1. 
Warning: In design 'msrv_soc_adrdecs__939583', a pin on submodule 'iromdec' is connected to logic 1 or logic 0. (LINT-32)
   Pin 'Range[20]' is connected to logic 1. 
Warning: In design 'msrv_soc_adrdecs__939583', a pin on submodule 'iromdec' is connected to logic 1 or logic 0. (LINT-32)
   Pin 'Range[19]' is connected to logic 1. 
Warning: In design 'msrv_soc_adrdecs__939583', a pin on submodule 'iromdec' is connected to logic 1 or logic 0. (LINT-32)
   Pin 'Range[18]' is connected to logic 1. 
Warning: In design 'msrv_soc_adrdecs__939583', a pin on submodule 'iromdec' is connected to logic 1 or logic 0. (LINT-32)
   Pin 'Range[17]' is connected to logic 1. 
Warning: In design 'msrv_soc_adrdecs__939583', a pin on submodule 'iromdec' is connected to logic 1 or logic 0. (LINT-32)
   Pin 'Range[16]' is connected to logic 1. 
Warning: In design 'msrv_soc_adrdecs__939583', a pin on submodule 'iromdec' is connected to logic 1 or logic 0. (LINT-32)
   Pin 'Range[15]' is connected to logic 1. 
Warning: In design 'msrv_soc_adrdecs__939583', a pin on submodule 'iromdec' is connected to logic 1 or logic 0. (LINT-32)
   Pin 'Range[14]' is connected to logic 1. 
Warning: In design 'msrv_soc_adrdecs__939583', a pin on submodule 'iromdec' is connected to logic 1 or logic 0. (LINT-32)
   Pin 'Range[13]' is connected to logic 1. 
Warning: In design 'msrv_soc_adrdecs__939583', a pin on submodule 'iromdec' is connected to logic 1 or logic 0. (LINT-32)
   Pin 'Range[12]' is connected to logic 1. 
Warning: In design 'msrv_soc_adrdecs__939583', a pin on submodule 'iromdec' is connected to logic 1 or logic 0. (LINT-32)
   Pin 'Range[11]' is connected to logic 1. 
Warning: In design 'msrv_soc_adrdecs__939583', a pin on submodule 'iromdec' is connected to logic 1 or logic 0. (LINT-32)
   Pin 'Range[10]' is connected to logic 1. 
Warning: In design 'msrv_soc_adrdecs__939583', a pin on submodule 'iromdec' is connected to logic 1 or logic 0. (LINT-32)
   Pin 'Range[9]' is connected to logic 1. 
Warning: In design 'msrv_soc_adrdecs__939583', a pin on submodule 'iromdec' is connected to logic 1 or logic 0. (LINT-32)
   Pin 'Range[8]' is connected to logic 1. 
Warning: In design 'msrv_soc_adrdecs__939583', a pin on submodule 'iromdec' is connected to logic 1 or logic 0. (LINT-32)
   Pin 'Range[7]' is connected to logic 1. 
Warning: In design 'msrv_soc_adrdecs__939583', a pin on submodule 'iromdec' is connected to logic 1 or logic 0. (LINT-32)
   Pin 'Range[6]' is connected to logic 1. 
Warning: In design 'msrv_soc_adrdecs__939583', a pin on submodule 'iromdec' is connected to logic 1 or logic 0. (LINT-32)
   Pin 'Range[5]' is connected to logic 1. 
Warning: In design 'msrv_soc_adrdecs__939583', a pin on submodule 'iromdec' is connected to logic 1 or logic 0. (LINT-32)
   Pin 'Range[4]' is connected to logic 1. 
Warning: In design 'msrv_soc_adrdecs__939583', a pin on submodule 'iromdec' is connected to logic 1 or logic 0. (LINT-32)
   Pin 'Range[3]' is connected to logic 1. 
Warning: In design 'msrv_soc_adrdecs__939583', a pin on submodule 'iromdec' is connected to logic 1 or logic 0. (LINT-32)
   Pin 'Range[2]' is connected to logic 1. 
Warning: In design 'msrv_soc_adrdecs__939583', a pin on submodule 'iromdec' is connected to logic 1 or logic 0. (LINT-32)
   Pin 'Range[1]' is connected to logic 1. 
Warning: In design 'msrv_soc_adrdecs__939583', a pin on submodule 'iromdec' is connected to logic 1 or logic 0. (LINT-32)
   Pin 'Range[0]' is connected to logic 1. 
Warning: In design 'msrv_soc_adrdecs__939583', a pin on submodule 'iromdec' is connected to logic 1 or logic 0. (LINT-32)
   Pin 'Supported' is connected to logic 0. 
Warning: In design 'msrv_soc_adrdecs__939583', a pin on submodule 'iromdec' is connected to logic 1 or logic 0. (LINT-32)
   Pin 'SizeMask[3]' is connected to logic 1. 
Warning: In design 'msrv_soc_adrdecs__939583', a pin on submodule 'iromdec' is connected to logic 1 or logic 0. (LINT-32)
   Pin 'SizeMask[2]' is connected to logic 1. 
Warning: In design 'msrv_soc_adrdecs__939583', a pin on submodule 'iromdec' is connected to logic 1 or logic 0. (LINT-32)
   Pin 'SizeMask[1]' is connected to logic 1. 
Warning: In design 'msrv_soc_adrdecs__939583', a pin on submodule 'iromdec' is connected to logic 1 or logic 0. (LINT-32)
   Pin 'SizeMask[0]' is connected to logic 1. 
Warning: In design 'msrv_soc_adrdecs__939583', a pin on submodule 'ddr4dec' is connected to logic 1 or logic 0. (LINT-32)
   Pin 'Base[55]' is connected to logic 0. 
Warning: In design 'msrv_soc_adrdecs__939583', a pin on submodule 'ddr4dec' is connected to logic 1 or logic 0. (LINT-32)
   Pin 'Base[54]' is connected to logic 0. 
Warning: In design 'msrv_soc_adrdecs__939583', a pin on submodule 'ddr4dec' is connected to logic 1 or logic 0. (LINT-32)
   Pin 'Base[53]' is connected to logic 0. 
Warning: In design 'msrv_soc_adrdecs__939583', a pin on submodule 'ddr4dec' is connected to logic 1 or logic 0. (LINT-32)
   Pin 'Base[52]' is connected to logic 0. 
Warning: In design 'msrv_soc_adrdecs__939583', a pin on submodule 'ddr4dec' is connected to logic 1 or logic 0. (LINT-32)
   Pin 'Base[51]' is connected to logic 0. 
Warning: In design 'msrv_soc_adrdecs__939583', a pin on submodule 'ddr4dec' is connected to logic 1 or logic 0. (LINT-32)
   Pin 'Base[50]' is connected to logic 0. 
Warning: In design 'msrv_soc_adrdecs__939583', a pin on submodule 'ddr4dec' is connected to logic 1 or logic 0. (LINT-32)
   Pin 'Base[49]' is connected to logic 0. 
Warning: In design 'msrv_soc_adrdecs__939583', a pin on submodule 'ddr4dec' is connected to logic 1 or logic 0. (LINT-32)
   Pin 'Base[48]' is connected to logic 0. 
Warning: In design 'msrv_soc_adrdecs__939583', a pin on submodule 'ddr4dec' is connected to logic 1 or logic 0. (LINT-32)
   Pin 'Base[47]' is connected to logic 0. 
Warning: In design 'msrv_soc_adrdecs__939583', a pin on submodule 'ddr4dec' is connected to logic 1 or logic 0. (LINT-32)
   Pin 'Base[46]' is connected to logic 0. 
Warning: In design 'msrv_soc_adrdecs__939583', a pin on submodule 'ddr4dec' is connected to logic 1 or logic 0. (LINT-32)
   Pin 'Base[45]' is connected to logic 0. 
Warning: In design 'msrv_soc_adrdecs__939583', a pin on submodule 'ddr4dec' is connected to logic 1 or logic 0. (LINT-32)
   Pin 'Base[44]' is connected to logic 0. 
Warning: In design 'msrv_soc_adrdecs__939583', a pin on submodule 'ddr4dec' is connected to logic 1 or logic 0. (LINT-32)
   Pin 'Base[43]' is connected to logic 0. 
Warning: In design 'msrv_soc_adrdecs__939583', a pin on submodule 'ddr4dec' is connected to logic 1 or logic 0. (LINT-32)
   Pin 'Base[42]' is connected to logic 0. 
Warning: In design 'msrv_soc_adrdecs__939583', a pin on submodule 'ddr4dec' is connected to logic 1 or logic 0. (LINT-32)
   Pin 'Base[41]' is connected to logic 0. 
Warning: In design 'msrv_soc_adrdecs__939583', a pin on submodule 'ddr4dec' is connected to logic 1 or logic 0. (LINT-32)
   Pin 'Base[40]' is connected to logic 0. 
Warning: In design 'msrv_soc_adrdecs__939583', a pin on submodule 'ddr4dec' is connected to logic 1 or logic 0. (LINT-32)
   Pin 'Base[39]' is connected to logic 0. 
Warning: In design 'msrv_soc_adrdecs__939583', a pin on submodule 'ddr4dec' is connected to logic 1 or logic 0. (LINT-32)
   Pin 'Base[38]' is connected to logic 0. 
Warning: In design 'msrv_soc_adrdecs__939583', a pin on submodule 'ddr4dec' is connected to logic 1 or logic 0. (LINT-32)
   Pin 'Base[37]' is connected to logic 0. 
Warning: In design 'msrv_soc_adrdecs__939583', a pin on submodule 'ddr4dec' is connected to logic 1 or logic 0. (LINT-32)
   Pin 'Base[36]' is connected to logic 0. 
Warning: In design 'msrv_soc_adrdecs__939583', a pin on submodule 'ddr4dec' is connected to logic 1 or logic 0. (LINT-32)
   Pin 'Base[35]' is connected to logic 0. 
Warning: In design 'msrv_soc_adrdecs__939583', a pin on submodule 'ddr4dec' is connected to logic 1 or logic 0. (LINT-32)
   Pin 'Base[34]' is connected to logic 0. 
Warning: In design 'msrv_soc_adrdecs__939583', a pin on submodule 'ddr4dec' is connected to logic 1 or logic 0. (LINT-32)
   Pin 'Base[33]' is connected to logic 0. 
Warning: In design 'msrv_soc_adrdecs__939583', a pin on submodule 'ddr4dec' is connected to logic 1 or logic 0. (LINT-32)
   Pin 'Base[32]' is connected to logic 0. 
Warning: In design 'msrv_soc_adrdecs__939583', a pin on submodule 'ddr4dec' is connected to logic 1 or logic 0. (LINT-32)
   Pin 'Base[31]' is connected to logic 1. 
Warning: In design 'msrv_soc_adrdecs__939583', a pin on submodule 'ddr4dec' is connected to logic 1 or logic 0. (LINT-32)
   Pin 'Base[30]' is connected to logic 0. 
Warning: In design 'msrv_soc_adrdecs__939583', a pin on submodule 'ddr4dec' is connected to logic 1 or logic 0. (LINT-32)
   Pin 'Base[29]' is connected to logic 0. 
Warning: In design 'msrv_soc_adrdecs__939583', a pin on submodule 'ddr4dec' is connected to logic 1 or logic 0. (LINT-32)
   Pin 'Base[28]' is connected to logic 0. 
Warning: In design 'msrv_soc_adrdecs__939583', a pin on submodule 'ddr4dec' is connected to logic 1 or logic 0. (LINT-32)
   Pin 'Base[27]' is connected to logic 0. 
Warning: In design 'msrv_soc_adrdecs__939583', a pin on submodule 'ddr4dec' is connected to logic 1 or logic 0. (LINT-32)
   Pin 'Base[26]' is connected to logic 0. 
Warning: In design 'msrv_soc_adrdecs__939583', a pin on submodule 'ddr4dec' is connected to logic 1 or logic 0. (LINT-32)
   Pin 'Base[25]' is connected to logic 0. 
Warning: In design 'msrv_soc_adrdecs__939583', a pin on submodule 'ddr4dec' is connected to logic 1 or logic 0. (LINT-32)
   Pin 'Base[24]' is connected to logic 0. 
Warning: In design 'msrv_soc_adrdecs__939583', a pin on submodule 'ddr4dec' is connected to logic 1 or logic 0. (LINT-32)
   Pin 'Base[23]' is connected to logic 0. 
Warning: In design 'msrv_soc_adrdecs__939583', a pin on submodule 'ddr4dec' is connected to logic 1 or logic 0. (LINT-32)
   Pin 'Base[22]' is connected to logic 0. 
Warning: In design 'msrv_soc_adrdecs__939583', a pin on submodule 'ddr4dec' is connected to logic 1 or logic 0. (LINT-32)
   Pin 'Base[21]' is connected to logic 0. 
Warning: In design 'msrv_soc_adrdecs__939583', a pin on submodule 'ddr4dec' is connected to logic 1 or logic 0. (LINT-32)
   Pin 'Base[20]' is connected to logic 0. 
Warning: In design 'msrv_soc_adrdecs__939583', a pin on submodule 'ddr4dec' is connected to logic 1 or logic 0. (LINT-32)
   Pin 'Base[19]' is connected to logic 0. 
Warning: In design 'msrv_soc_adrdecs__939583', a pin on submodule 'ddr4dec' is connected to logic 1 or logic 0. (LINT-32)
   Pin 'Base[18]' is connected to logic 0. 
Warning: In design 'msrv_soc_adrdecs__939583', a pin on submodule 'ddr4dec' is connected to logic 1 or logic 0. (LINT-32)
   Pin 'Base[17]' is connected to logic 0. 
Warning: In design 'msrv_soc_adrdecs__939583', a pin on submodule 'ddr4dec' is connected to logic 1 or logic 0. (LINT-32)
   Pin 'Base[16]' is connected to logic 0. 
Warning: In design 'msrv_soc_adrdecs__939583', a pin on submodule 'ddr4dec' is connected to logic 1 or logic 0. (LINT-32)
   Pin 'Base[15]' is connected to logic 0. 
Warning: In design 'msrv_soc_adrdecs__939583', a pin on submodule 'ddr4dec' is connected to logic 1 or logic 0. (LINT-32)
   Pin 'Base[14]' is connected to logic 0. 
Warning: In design 'msrv_soc_adrdecs__939583', a pin on submodule 'ddr4dec' is connected to logic 1 or logic 0. (LINT-32)
   Pin 'Base[13]' is connected to logic 0. 
Warning: In design 'msrv_soc_adrdecs__939583', a pin on submodule 'ddr4dec' is connected to logic 1 or logic 0. (LINT-32)
   Pin 'Base[12]' is connected to logic 0. 
Warning: In design 'msrv_soc_adrdecs__939583', a pin on submodule 'ddr4dec' is connected to logic 1 or logic 0. (LINT-32)
   Pin 'Base[11]' is connected to logic 0. 
Warning: In design 'msrv_soc_adrdecs__939583', a pin on submodule 'ddr4dec' is connected to logic 1 or logic 0. (LINT-32)
   Pin 'Base[10]' is connected to logic 0. 
Warning: In design 'msrv_soc_adrdecs__939583', a pin on submodule 'ddr4dec' is connected to logic 1 or logic 0. (LINT-32)
   Pin 'Base[9]' is connected to logic 0. 
Warning: In design 'msrv_soc_adrdecs__939583', a pin on submodule 'ddr4dec' is connected to logic 1 or logic 0. (LINT-32)
   Pin 'Base[8]' is connected to logic 0. 
Warning: In design 'msrv_soc_adrdecs__939583', a pin on submodule 'ddr4dec' is connected to logic 1 or logic 0. (LINT-32)
   Pin 'Base[7]' is connected to logic 0. 
Warning: In design 'msrv_soc_adrdecs__939583', a pin on submodule 'ddr4dec' is connected to logic 1 or logic 0. (LINT-32)
   Pin 'Base[6]' is connected to logic 0. 
Warning: In design 'msrv_soc_adrdecs__939583', a pin on submodule 'ddr4dec' is connected to logic 1 or logic 0. (LINT-32)
   Pin 'Base[5]' is connected to logic 0. 
Warning: In design 'msrv_soc_adrdecs__939583', a pin on submodule 'ddr4dec' is connected to logic 1 or logic 0. (LINT-32)
   Pin 'Base[4]' is connected to logic 0. 
Warning: In design 'msrv_soc_adrdecs__939583', a pin on submodule 'ddr4dec' is connected to logic 1 or logic 0. (LINT-32)
   Pin 'Base[3]' is connected to logic 0. 
Warning: In design 'msrv_soc_adrdecs__939583', a pin on submodule 'ddr4dec' is connected to logic 1 or logic 0. (LINT-32)
   Pin 'Base[2]' is connected to logic 0. 
Warning: In design 'msrv_soc_adrdecs__939583', a pin on submodule 'ddr4dec' is connected to logic 1 or logic 0. (LINT-32)
   Pin 'Base[1]' is connected to logic 0. 
Warning: In design 'msrv_soc_adrdecs__939583', a pin on submodule 'ddr4dec' is connected to logic 1 or logic 0. (LINT-32)
   Pin 'Base[0]' is connected to logic 0. 
Warning: In design 'msrv_soc_adrdecs__939583', a pin on submodule 'ddr4dec' is connected to logic 1 or logic 0. (LINT-32)
   Pin 'Range[55]' is connected to logic 0. 
Warning: In design 'msrv_soc_adrdecs__939583', a pin on submodule 'ddr4dec' is connected to logic 1 or logic 0. (LINT-32)
   Pin 'Range[54]' is connected to logic 0. 
Warning: In design 'msrv_soc_adrdecs__939583', a pin on submodule 'ddr4dec' is connected to logic 1 or logic 0. (LINT-32)
   Pin 'Range[53]' is connected to logic 0. 
Warning: In design 'msrv_soc_adrdecs__939583', a pin on submodule 'ddr4dec' is connected to logic 1 or logic 0. (LINT-32)
   Pin 'Range[52]' is connected to logic 0. 
Warning: In design 'msrv_soc_adrdecs__939583', a pin on submodule 'ddr4dec' is connected to logic 1 or logic 0. (LINT-32)
   Pin 'Range[51]' is connected to logic 0. 
Warning: In design 'msrv_soc_adrdecs__939583', a pin on submodule 'ddr4dec' is connected to logic 1 or logic 0. (LINT-32)
   Pin 'Range[50]' is connected to logic 0. 
Warning: In design 'msrv_soc_adrdecs__939583', a pin on submodule 'ddr4dec' is connected to logic 1 or logic 0. (LINT-32)
   Pin 'Range[49]' is connected to logic 0. 
Warning: In design 'msrv_soc_adrdecs__939583', a pin on submodule 'ddr4dec' is connected to logic 1 or logic 0. (LINT-32)
   Pin 'Range[48]' is connected to logic 0. 
Warning: In design 'msrv_soc_adrdecs__939583', a pin on submodule 'ddr4dec' is connected to logic 1 or logic 0. (LINT-32)
   Pin 'Range[47]' is connected to logic 0. 
Warning: In design 'msrv_soc_adrdecs__939583', a pin on submodule 'ddr4dec' is connected to logic 1 or logic 0. (LINT-32)
   Pin 'Range[46]' is connected to logic 0. 
Warning: In design 'msrv_soc_adrdecs__939583', a pin on submodule 'ddr4dec' is connected to logic 1 or logic 0. (LINT-32)
   Pin 'Range[45]' is connected to logic 0. 
Warning: In design 'msrv_soc_adrdecs__939583', a pin on submodule 'ddr4dec' is connected to logic 1 or logic 0. (LINT-32)
   Pin 'Range[44]' is connected to logic 0. 
Warning: In design 'msrv_soc_adrdecs__939583', a pin on submodule 'ddr4dec' is connected to logic 1 or logic 0. (LINT-32)
   Pin 'Range[43]' is connected to logic 0. 
Warning: In design 'msrv_soc_adrdecs__939583', a pin on submodule 'ddr4dec' is connected to logic 1 or logic 0. (LINT-32)
   Pin 'Range[42]' is connected to logic 0. 
Warning: In design 'msrv_soc_adrdecs__939583', a pin on submodule 'ddr4dec' is connected to logic 1 or logic 0. (LINT-32)
   Pin 'Range[41]' is connected to logic 0. 
Warning: In design 'msrv_soc_adrdecs__939583', a pin on submodule 'ddr4dec' is connected to logic 1 or logic 0. (LINT-32)
   Pin 'Range[40]' is connected to logic 0. 
Warning: In design 'msrv_soc_adrdecs__939583', a pin on submodule 'ddr4dec' is connected to logic 1 or logic 0. (LINT-32)
   Pin 'Range[39]' is connected to logic 0. 
Warning: In design 'msrv_soc_adrdecs__939583', a pin on submodule 'ddr4dec' is connected to logic 1 or logic 0. (LINT-32)
   Pin 'Range[38]' is connected to logic 0. 
Warning: In design 'msrv_soc_adrdecs__939583', a pin on submodule 'ddr4dec' is connected to logic 1 or logic 0. (LINT-32)
   Pin 'Range[37]' is connected to logic 0. 
Warning: In design 'msrv_soc_adrdecs__939583', a pin on submodule 'ddr4dec' is connected to logic 1 or logic 0. (LINT-32)
   Pin 'Range[36]' is connected to logic 0. 
Warning: In design 'msrv_soc_adrdecs__939583', a pin on submodule 'ddr4dec' is connected to logic 1 or logic 0. (LINT-32)
   Pin 'Range[35]' is connected to logic 0. 
Warning: In design 'msrv_soc_adrdecs__939583', a pin on submodule 'ddr4dec' is connected to logic 1 or logic 0. (LINT-32)
   Pin 'Range[34]' is connected to logic 0. 
Warning: In design 'msrv_soc_adrdecs__939583', a pin on submodule 'ddr4dec' is connected to logic 1 or logic 0. (LINT-32)
   Pin 'Range[33]' is connected to logic 0. 
Warning: In design 'msrv_soc_adrdecs__939583', a pin on submodule 'ddr4dec' is connected to logic 1 or logic 0. (LINT-32)
   Pin 'Range[32]' is connected to logic 0. 
Warning: In design 'msrv_soc_adrdecs__939583', a pin on submodule 'ddr4dec' is connected to logic 1 or logic 0. (LINT-32)
   Pin 'Range[31]' is connected to logic 0. 
Warning: In design 'msrv_soc_adrdecs__939583', a pin on submodule 'ddr4dec' is connected to logic 1 or logic 0. (LINT-32)
   Pin 'Range[30]' is connected to logic 0. 
Warning: In design 'msrv_soc_adrdecs__939583', a pin on submodule 'ddr4dec' is connected to logic 1 or logic 0. (LINT-32)
   Pin 'Range[29]' is connected to logic 0. 
Warning: In design 'msrv_soc_adrdecs__939583', a pin on submodule 'ddr4dec' is connected to logic 1 or logic 0. (LINT-32)
   Pin 'Range[28]' is connected to logic 0. 
Warning: In design 'msrv_soc_adrdecs__939583', a pin on submodule 'ddr4dec' is connected to logic 1 or logic 0. (LINT-32)
   Pin 'Range[27]' is connected to logic 0. 
Warning: In design 'msrv_soc_adrdecs__939583', a pin on submodule 'ddr4dec' is connected to logic 1 or logic 0. (LINT-32)
   Pin 'Range[26]' is connected to logic 1. 
Warning: In design 'msrv_soc_adrdecs__939583', a pin on submodule 'ddr4dec' is connected to logic 1 or logic 0. (LINT-32)
   Pin 'Range[25]' is connected to logic 1. 
Warning: In design 'msrv_soc_adrdecs__939583', a pin on submodule 'ddr4dec' is connected to logic 1 or logic 0. (LINT-32)
   Pin 'Range[24]' is connected to logic 1. 
Warning: In design 'msrv_soc_adrdecs__939583', a pin on submodule 'ddr4dec' is connected to logic 1 or logic 0. (LINT-32)
   Pin 'Range[23]' is connected to logic 1. 
Warning: In design 'msrv_soc_adrdecs__939583', a pin on submodule 'ddr4dec' is connected to logic 1 or logic 0. (LINT-32)
   Pin 'Range[22]' is connected to logic 1. 
Warning: In design 'msrv_soc_adrdecs__939583', a pin on submodule 'ddr4dec' is connected to logic 1 or logic 0. (LINT-32)
   Pin 'Range[21]' is connected to logic 1. 
Warning: In design 'msrv_soc_adrdecs__939583', a pin on submodule 'ddr4dec' is connected to logic 1 or logic 0. (LINT-32)
   Pin 'Range[20]' is connected to logic 1. 
Warning: In design 'msrv_soc_adrdecs__939583', a pin on submodule 'ddr4dec' is connected to logic 1 or logic 0. (LINT-32)
   Pin 'Range[19]' is connected to logic 1. 
Warning: In design 'msrv_soc_adrdecs__939583', a pin on submodule 'ddr4dec' is connected to logic 1 or logic 0. (LINT-32)
   Pin 'Range[18]' is connected to logic 1. 
Warning: In design 'msrv_soc_adrdecs__939583', a pin on submodule 'ddr4dec' is connected to logic 1 or logic 0. (LINT-32)
   Pin 'Range[17]' is connected to logic 1. 
Warning: In design 'msrv_soc_adrdecs__939583', a pin on submodule 'ddr4dec' is connected to logic 1 or logic 0. (LINT-32)
   Pin 'Range[16]' is connected to logic 1. 
Warning: In design 'msrv_soc_adrdecs__939583', a pin on submodule 'ddr4dec' is connected to logic 1 or logic 0. (LINT-32)
   Pin 'Range[15]' is connected to logic 1. 
Warning: In design 'msrv_soc_adrdecs__939583', a pin on submodule 'ddr4dec' is connected to logic 1 or logic 0. (LINT-32)
   Pin 'Range[14]' is connected to logic 1. 
Warning: In design 'msrv_soc_adrdecs__939583', a pin on submodule 'ddr4dec' is connected to logic 1 or logic 0. (LINT-32)
   Pin 'Range[13]' is connected to logic 1. 
Warning: In design 'msrv_soc_adrdecs__939583', a pin on submodule 'ddr4dec' is connected to logic 1 or logic 0. (LINT-32)
   Pin 'Range[12]' is connected to logic 1. 
Warning: In design 'msrv_soc_adrdecs__939583', a pin on submodule 'ddr4dec' is connected to logic 1 or logic 0. (LINT-32)
   Pin 'Range[11]' is connected to logic 1. 
Warning: In design 'msrv_soc_adrdecs__939583', a pin on submodule 'ddr4dec' is connected to logic 1 or logic 0. (LINT-32)
   Pin 'Range[10]' is connected to logic 1. 
Warning: In design 'msrv_soc_adrdecs__939583', a pin on submodule 'ddr4dec' is connected to logic 1 or logic 0. (LINT-32)
   Pin 'Range[9]' is connected to logic 1. 
Warning: In design 'msrv_soc_adrdecs__939583', a pin on submodule 'ddr4dec' is connected to logic 1 or logic 0. (LINT-32)
   Pin 'Range[8]' is connected to logic 1. 
Warning: In design 'msrv_soc_adrdecs__939583', a pin on submodule 'ddr4dec' is connected to logic 1 or logic 0. (LINT-32)
   Pin 'Range[7]' is connected to logic 1. 
Warning: In design 'msrv_soc_adrdecs__939583', a pin on submodule 'ddr4dec' is connected to logic 1 or logic 0. (LINT-32)
   Pin 'Range[6]' is connected to logic 1. 
Warning: In design 'msrv_soc_adrdecs__939583', a pin on submodule 'ddr4dec' is connected to logic 1 or logic 0. (LINT-32)
   Pin 'Range[5]' is connected to logic 1. 
Warning: In design 'msrv_soc_adrdecs__939583', a pin on submodule 'ddr4dec' is connected to logic 1 or logic 0. (LINT-32)
   Pin 'Range[4]' is connected to logic 1. 
Warning: In design 'msrv_soc_adrdecs__939583', a pin on submodule 'ddr4dec' is connected to logic 1 or logic 0. (LINT-32)
   Pin 'Range[3]' is connected to logic 1. 
Warning: In design 'msrv_soc_adrdecs__939583', a pin on submodule 'ddr4dec' is connected to logic 1 or logic 0. (LINT-32)
   Pin 'Range[2]' is connected to logic 1. 
Warning: In design 'msrv_soc_adrdecs__939583', a pin on submodule 'ddr4dec' is connected to logic 1 or logic 0. (LINT-32)
   Pin 'Range[1]' is connected to logic 1. 
Warning: In design 'msrv_soc_adrdecs__939583', a pin on submodule 'ddr4dec' is connected to logic 1 or logic 0. (LINT-32)
   Pin 'Range[0]' is connected to logic 1. 
Warning: In design 'msrv_soc_adrdecs__939583', a pin on submodule 'ddr4dec' is connected to logic 1 or logic 0. (LINT-32)
   Pin 'Supported' is connected to logic 0. 
Warning: In design 'msrv_soc_adrdecs__939583', a pin on submodule 'ddr4dec' is connected to logic 1 or logic 0. (LINT-32)
   Pin 'SizeMask[3]' is connected to logic 1. 
Warning: In design 'msrv_soc_adrdecs__939583', a pin on submodule 'ddr4dec' is connected to logic 1 or logic 0. (LINT-32)
   Pin 'SizeMask[2]' is connected to logic 1. 
Warning: In design 'msrv_soc_adrdecs__939583', a pin on submodule 'ddr4dec' is connected to logic 1 or logic 0. (LINT-32)
   Pin 'SizeMask[1]' is connected to logic 1. 
Warning: In design 'msrv_soc_adrdecs__939583', a pin on submodule 'ddr4dec' is connected to logic 1 or logic 0. (LINT-32)
   Pin 'SizeMask[0]' is connected to logic 1. 
Warning: In design 'msrv_soc_adrdecs__939583', a pin on submodule 'bootromdec' is connected to logic 1 or logic 0. (LINT-32)
   Pin 'Base[55]' is connected to logic 0. 
Warning: In design 'msrv_soc_adrdecs__939583', a pin on submodule 'bootromdec' is connected to logic 1 or logic 0. (LINT-32)
   Pin 'Base[54]' is connected to logic 0. 
Warning: In design 'msrv_soc_adrdecs__939583', a pin on submodule 'bootromdec' is connected to logic 1 or logic 0. (LINT-32)
   Pin 'Base[53]' is connected to logic 0. 
Warning: In design 'msrv_soc_adrdecs__939583', a pin on submodule 'bootromdec' is connected to logic 1 or logic 0. (LINT-32)
   Pin 'Base[52]' is connected to logic 0. 
Warning: In design 'msrv_soc_adrdecs__939583', a pin on submodule 'bootromdec' is connected to logic 1 or logic 0. (LINT-32)
   Pin 'Base[51]' is connected to logic 0. 
Warning: In design 'msrv_soc_adrdecs__939583', a pin on submodule 'bootromdec' is connected to logic 1 or logic 0. (LINT-32)
   Pin 'Base[50]' is connected to logic 0. 
Warning: In design 'msrv_soc_adrdecs__939583', a pin on submodule 'bootromdec' is connected to logic 1 or logic 0. (LINT-32)
   Pin 'Base[49]' is connected to logic 0. 
Warning: In design 'msrv_soc_adrdecs__939583', a pin on submodule 'bootromdec' is connected to logic 1 or logic 0. (LINT-32)
   Pin 'Base[48]' is connected to logic 0. 
Warning: In design 'msrv_soc_adrdecs__939583', a pin on submodule 'bootromdec' is connected to logic 1 or logic 0. (LINT-32)
   Pin 'Base[47]' is connected to logic 0. 
Warning: In design 'msrv_soc_adrdecs__939583', a pin on submodule 'bootromdec' is connected to logic 1 or logic 0. (LINT-32)
   Pin 'Base[46]' is connected to logic 0. 
Warning: In design 'msrv_soc_adrdecs__939583', a pin on submodule 'bootromdec' is connected to logic 1 or logic 0. (LINT-32)
   Pin 'Base[45]' is connected to logic 0. 
Warning: In design 'msrv_soc_adrdecs__939583', a pin on submodule 'bootromdec' is connected to logic 1 or logic 0. (LINT-32)
   Pin 'Base[44]' is connected to logic 0. 
Warning: In design 'msrv_soc_adrdecs__939583', a pin on submodule 'bootromdec' is connected to logic 1 or logic 0. (LINT-32)
   Pin 'Base[43]' is connected to logic 0. 
Warning: In design 'msrv_soc_adrdecs__939583', a pin on submodule 'bootromdec' is connected to logic 1 or logic 0. (LINT-32)
   Pin 'Base[42]' is connected to logic 0. 
Warning: In design 'msrv_soc_adrdecs__939583', a pin on submodule 'bootromdec' is connected to logic 1 or logic 0. (LINT-32)
   Pin 'Base[41]' is connected to logic 0. 
Warning: In design 'msrv_soc_adrdecs__939583', a pin on submodule 'bootromdec' is connected to logic 1 or logic 0. (LINT-32)
   Pin 'Base[40]' is connected to logic 0. 
Warning: In design 'msrv_soc_adrdecs__939583', a pin on submodule 'bootromdec' is connected to logic 1 or logic 0. (LINT-32)
   Pin 'Base[39]' is connected to logic 0. 
Warning: In design 'msrv_soc_adrdecs__939583', a pin on submodule 'bootromdec' is connected to logic 1 or logic 0. (LINT-32)
   Pin 'Base[38]' is connected to logic 0. 
Warning: In design 'msrv_soc_adrdecs__939583', a pin on submodule 'bootromdec' is connected to logic 1 or logic 0. (LINT-32)
   Pin 'Base[37]' is connected to logic 0. 
Warning: In design 'msrv_soc_adrdecs__939583', a pin on submodule 'bootromdec' is connected to logic 1 or logic 0. (LINT-32)
   Pin 'Base[36]' is connected to logic 0. 
Warning: In design 'msrv_soc_adrdecs__939583', a pin on submodule 'bootromdec' is connected to logic 1 or logic 0. (LINT-32)
   Pin 'Base[35]' is connected to logic 0. 
Warning: In design 'msrv_soc_adrdecs__939583', a pin on submodule 'bootromdec' is connected to logic 1 or logic 0. (LINT-32)
   Pin 'Base[34]' is connected to logic 0. 
Warning: In design 'msrv_soc_adrdecs__939583', a pin on submodule 'bootromdec' is connected to logic 1 or logic 0. (LINT-32)
   Pin 'Base[33]' is connected to logic 0. 
Warning: In design 'msrv_soc_adrdecs__939583', a pin on submodule 'bootromdec' is connected to logic 1 or logic 0. (LINT-32)
   Pin 'Base[32]' is connected to logic 0. 
Warning: In design 'msrv_soc_adrdecs__939583', a pin on submodule 'bootromdec' is connected to logic 1 or logic 0. (LINT-32)
   Pin 'Base[31]' is connected to logic 0. 
Warning: In design 'msrv_soc_adrdecs__939583', a pin on submodule 'bootromdec' is connected to logic 1 or logic 0. (LINT-32)
   Pin 'Base[30]' is connected to logic 0. 
Warning: In design 'msrv_soc_adrdecs__939583', a pin on submodule 'bootromdec' is connected to logic 1 or logic 0. (LINT-32)
   Pin 'Base[29]' is connected to logic 0. 
Warning: In design 'msrv_soc_adrdecs__939583', a pin on submodule 'bootromdec' is connected to logic 1 or logic 0. (LINT-32)
   Pin 'Base[28]' is connected to logic 0. 
Warning: In design 'msrv_soc_adrdecs__939583', a pin on submodule 'bootromdec' is connected to logic 1 or logic 0. (LINT-32)
   Pin 'Base[27]' is connected to logic 0. 
Warning: In design 'msrv_soc_adrdecs__939583', a pin on submodule 'bootromdec' is connected to logic 1 or logic 0. (LINT-32)
   Pin 'Base[26]' is connected to logic 0. 
Warning: In design 'msrv_soc_adrdecs__939583', a pin on submodule 'bootromdec' is connected to logic 1 or logic 0. (LINT-32)
   Pin 'Base[25]' is connected to logic 0. 
Warning: In design 'msrv_soc_adrdecs__939583', a pin on submodule 'bootromdec' is connected to logic 1 or logic 0. (LINT-32)
   Pin 'Base[24]' is connected to logic 0. 
Warning: In design 'msrv_soc_adrdecs__939583', a pin on submodule 'bootromdec' is connected to logic 1 or logic 0. (LINT-32)
   Pin 'Base[23]' is connected to logic 0. 
Warning: In design 'msrv_soc_adrdecs__939583', a pin on submodule 'bootromdec' is connected to logic 1 or logic 0. (LINT-32)
   Pin 'Base[22]' is connected to logic 0. 
Warning: In design 'msrv_soc_adrdecs__939583', a pin on submodule 'bootromdec' is connected to logic 1 or logic 0. (LINT-32)
   Pin 'Base[21]' is connected to logic 0. 
Warning: In design 'msrv_soc_adrdecs__939583', a pin on submodule 'bootromdec' is connected to logic 1 or logic 0. (LINT-32)
   Pin 'Base[20]' is connected to logic 0. 
Warning: In design 'msrv_soc_adrdecs__939583', a pin on submodule 'bootromdec' is connected to logic 1 or logic 0. (LINT-32)
   Pin 'Base[19]' is connected to logic 0. 
Warning: In design 'msrv_soc_adrdecs__939583', a pin on submodule 'bootromdec' is connected to logic 1 or logic 0. (LINT-32)
   Pin 'Base[18]' is connected to logic 0. 
Warning: In design 'msrv_soc_adrdecs__939583', a pin on submodule 'bootromdec' is connected to logic 1 or logic 0. (LINT-32)
   Pin 'Base[17]' is connected to logic 0. 
Warning: In design 'msrv_soc_adrdecs__939583', a pin on submodule 'bootromdec' is connected to logic 1 or logic 0. (LINT-32)
   Pin 'Base[16]' is connected to logic 0. 
Warning: In design 'msrv_soc_adrdecs__939583', a pin on submodule 'bootromdec' is connected to logic 1 or logic 0. (LINT-32)
   Pin 'Base[15]' is connected to logic 0. 
Warning: In design 'msrv_soc_adrdecs__939583', a pin on submodule 'bootromdec' is connected to logic 1 or logic 0. (LINT-32)
   Pin 'Base[14]' is connected to logic 0. 
Warning: In design 'msrv_soc_adrdecs__939583', a pin on submodule 'bootromdec' is connected to logic 1 or logic 0. (LINT-32)
   Pin 'Base[13]' is connected to logic 0. 
Warning: In design 'msrv_soc_adrdecs__939583', a pin on submodule 'bootromdec' is connected to logic 1 or logic 0. (LINT-32)
   Pin 'Base[12]' is connected to logic 1. 
Warning: In design 'msrv_soc_adrdecs__939583', a pin on submodule 'bootromdec' is connected to logic 1 or logic 0. (LINT-32)
   Pin 'Base[11]' is connected to logic 0. 
Warning: In design 'msrv_soc_adrdecs__939583', a pin on submodule 'bootromdec' is connected to logic 1 or logic 0. (LINT-32)
   Pin 'Base[10]' is connected to logic 0. 
Warning: In design 'msrv_soc_adrdecs__939583', a pin on submodule 'bootromdec' is connected to logic 1 or logic 0. (LINT-32)
   Pin 'Base[9]' is connected to logic 0. 
Warning: In design 'msrv_soc_adrdecs__939583', a pin on submodule 'bootromdec' is connected to logic 1 or logic 0. (LINT-32)
   Pin 'Base[8]' is connected to logic 0. 
Warning: In design 'msrv_soc_adrdecs__939583', a pin on submodule 'bootromdec' is connected to logic 1 or logic 0. (LINT-32)
   Pin 'Base[7]' is connected to logic 0. 
Warning: In design 'msrv_soc_adrdecs__939583', a pin on submodule 'bootromdec' is connected to logic 1 or logic 0. (LINT-32)
   Pin 'Base[6]' is connected to logic 0. 
Warning: In design 'msrv_soc_adrdecs__939583', a pin on submodule 'bootromdec' is connected to logic 1 or logic 0. (LINT-32)
   Pin 'Base[5]' is connected to logic 0. 
Warning: In design 'msrv_soc_adrdecs__939583', a pin on submodule 'bootromdec' is connected to logic 1 or logic 0. (LINT-32)
   Pin 'Base[4]' is connected to logic 0. 
Warning: In design 'msrv_soc_adrdecs__939583', a pin on submodule 'bootromdec' is connected to logic 1 or logic 0. (LINT-32)
   Pin 'Base[3]' is connected to logic 0. 
Warning: In design 'msrv_soc_adrdecs__939583', a pin on submodule 'bootromdec' is connected to logic 1 or logic 0. (LINT-32)
   Pin 'Base[2]' is connected to logic 0. 
Warning: In design 'msrv_soc_adrdecs__939583', a pin on submodule 'bootromdec' is connected to logic 1 or logic 0. (LINT-32)
   Pin 'Base[1]' is connected to logic 0. 
Warning: In design 'msrv_soc_adrdecs__939583', a pin on submodule 'bootromdec' is connected to logic 1 or logic 0. (LINT-32)
   Pin 'Base[0]' is connected to logic 0. 
Warning: In design 'msrv_soc_adrdecs__939583', a pin on submodule 'bootromdec' is connected to logic 1 or logic 0. (LINT-32)
   Pin 'Range[55]' is connected to logic 0. 
Warning: In design 'msrv_soc_adrdecs__939583', a pin on submodule 'bootromdec' is connected to logic 1 or logic 0. (LINT-32)
   Pin 'Range[54]' is connected to logic 0. 
Warning: In design 'msrv_soc_adrdecs__939583', a pin on submodule 'bootromdec' is connected to logic 1 or logic 0. (LINT-32)
   Pin 'Range[53]' is connected to logic 0. 
Warning: In design 'msrv_soc_adrdecs__939583', a pin on submodule 'bootromdec' is connected to logic 1 or logic 0. (LINT-32)
   Pin 'Range[52]' is connected to logic 0. 
Warning: In design 'msrv_soc_adrdecs__939583', a pin on submodule 'bootromdec' is connected to logic 1 or logic 0. (LINT-32)
   Pin 'Range[51]' is connected to logic 0. 
Warning: In design 'msrv_soc_adrdecs__939583', a pin on submodule 'bootromdec' is connected to logic 1 or logic 0. (LINT-32)
   Pin 'Range[50]' is connected to logic 0. 
Warning: In design 'msrv_soc_adrdecs__939583', a pin on submodule 'bootromdec' is connected to logic 1 or logic 0. (LINT-32)
   Pin 'Range[49]' is connected to logic 0. 
Warning: In design 'msrv_soc_adrdecs__939583', a pin on submodule 'bootromdec' is connected to logic 1 or logic 0. (LINT-32)
   Pin 'Range[48]' is connected to logic 0. 
Warning: In design 'msrv_soc_adrdecs__939583', a pin on submodule 'bootromdec' is connected to logic 1 or logic 0. (LINT-32)
   Pin 'Range[47]' is connected to logic 0. 
Warning: In design 'msrv_soc_adrdecs__939583', a pin on submodule 'bootromdec' is connected to logic 1 or logic 0. (LINT-32)
   Pin 'Range[46]' is connected to logic 0. 
Warning: In design 'msrv_soc_adrdecs__939583', a pin on submodule 'bootromdec' is connected to logic 1 or logic 0. (LINT-32)
   Pin 'Range[45]' is connected to logic 0. 
Warning: In design 'msrv_soc_adrdecs__939583', a pin on submodule 'bootromdec' is connected to logic 1 or logic 0. (LINT-32)
   Pin 'Range[44]' is connected to logic 0. 
Warning: In design 'msrv_soc_adrdecs__939583', a pin on submodule 'bootromdec' is connected to logic 1 or logic 0. (LINT-32)
   Pin 'Range[43]' is connected to logic 0. 
Warning: In design 'msrv_soc_adrdecs__939583', a pin on submodule 'bootromdec' is connected to logic 1 or logic 0. (LINT-32)
   Pin 'Range[42]' is connected to logic 0. 
Warning: In design 'msrv_soc_adrdecs__939583', a pin on submodule 'bootromdec' is connected to logic 1 or logic 0. (LINT-32)
   Pin 'Range[41]' is connected to logic 0. 
Warning: In design 'msrv_soc_adrdecs__939583', a pin on submodule 'bootromdec' is connected to logic 1 or logic 0. (LINT-32)
   Pin 'Range[40]' is connected to logic 0. 
Warning: In design 'msrv_soc_adrdecs__939583', a pin on submodule 'bootromdec' is connected to logic 1 or logic 0. (LINT-32)
   Pin 'Range[39]' is connected to logic 0. 
Warning: In design 'msrv_soc_adrdecs__939583', a pin on submodule 'bootromdec' is connected to logic 1 or logic 0. (LINT-32)
   Pin 'Range[38]' is connected to logic 0. 
Warning: In design 'msrv_soc_adrdecs__939583', a pin on submodule 'bootromdec' is connected to logic 1 or logic 0. (LINT-32)
   Pin 'Range[37]' is connected to logic 0. 
Warning: In design 'msrv_soc_adrdecs__939583', a pin on submodule 'bootromdec' is connected to logic 1 or logic 0. (LINT-32)
   Pin 'Range[36]' is connected to logic 0. 
Warning: In design 'msrv_soc_adrdecs__939583', a pin on submodule 'bootromdec' is connected to logic 1 or logic 0. (LINT-32)
   Pin 'Range[35]' is connected to logic 0. 
Warning: In design 'msrv_soc_adrdecs__939583', a pin on submodule 'bootromdec' is connected to logic 1 or logic 0. (LINT-32)
   Pin 'Range[34]' is connected to logic 0. 
Warning: In design 'msrv_soc_adrdecs__939583', a pin on submodule 'bootromdec' is connected to logic 1 or logic 0. (LINT-32)
   Pin 'Range[33]' is connected to logic 0. 
Warning: In design 'msrv_soc_adrdecs__939583', a pin on submodule 'bootromdec' is connected to logic 1 or logic 0. (LINT-32)
   Pin 'Range[32]' is connected to logic 0. 
Warning: In design 'msrv_soc_adrdecs__939583', a pin on submodule 'bootromdec' is connected to logic 1 or logic 0. (LINT-32)
   Pin 'Range[31]' is connected to logic 0. 
Warning: In design 'msrv_soc_adrdecs__939583', a pin on submodule 'bootromdec' is connected to logic 1 or logic 0. (LINT-32)
   Pin 'Range[30]' is connected to logic 0. 
Warning: In design 'msrv_soc_adrdecs__939583', a pin on submodule 'bootromdec' is connected to logic 1 or logic 0. (LINT-32)
   Pin 'Range[29]' is connected to logic 0. 
Warning: In design 'msrv_soc_adrdecs__939583', a pin on submodule 'bootromdec' is connected to logic 1 or logic 0. (LINT-32)
   Pin 'Range[28]' is connected to logic 0. 
Warning: In design 'msrv_soc_adrdecs__939583', a pin on submodule 'bootromdec' is connected to logic 1 or logic 0. (LINT-32)
   Pin 'Range[27]' is connected to logic 0. 
Warning: In design 'msrv_soc_adrdecs__939583', a pin on submodule 'bootromdec' is connected to logic 1 or logic 0. (LINT-32)
   Pin 'Range[26]' is connected to logic 0. 
Warning: In design 'msrv_soc_adrdecs__939583', a pin on submodule 'bootromdec' is connected to logic 1 or logic 0. (LINT-32)
   Pin 'Range[25]' is connected to logic 0. 
Warning: In design 'msrv_soc_adrdecs__939583', a pin on submodule 'bootromdec' is connected to logic 1 or logic 0. (LINT-32)
   Pin 'Range[24]' is connected to logic 0. 
Warning: In design 'msrv_soc_adrdecs__939583', a pin on submodule 'bootromdec' is connected to logic 1 or logic 0. (LINT-32)
   Pin 'Range[23]' is connected to logic 0. 
Warning: In design 'msrv_soc_adrdecs__939583', a pin on submodule 'bootromdec' is connected to logic 1 or logic 0. (LINT-32)
   Pin 'Range[22]' is connected to logic 0. 
Warning: In design 'msrv_soc_adrdecs__939583', a pin on submodule 'bootromdec' is connected to logic 1 or logic 0. (LINT-32)
   Pin 'Range[21]' is connected to logic 0. 
Warning: In design 'msrv_soc_adrdecs__939583', a pin on submodule 'bootromdec' is connected to logic 1 or logic 0. (LINT-32)
   Pin 'Range[20]' is connected to logic 0. 
Warning: In design 'msrv_soc_adrdecs__939583', a pin on submodule 'bootromdec' is connected to logic 1 or logic 0. (LINT-32)
   Pin 'Range[19]' is connected to logic 0. 
Warning: In design 'msrv_soc_adrdecs__939583', a pin on submodule 'bootromdec' is connected to logic 1 or logic 0. (LINT-32)
   Pin 'Range[18]' is connected to logic 0. 
Warning: In design 'msrv_soc_adrdecs__939583', a pin on submodule 'bootromdec' is connected to logic 1 or logic 0. (LINT-32)
   Pin 'Range[17]' is connected to logic 0. 
Warning: In design 'msrv_soc_adrdecs__939583', a pin on submodule 'bootromdec' is connected to logic 1 or logic 0. (LINT-32)
   Pin 'Range[16]' is connected to logic 0. 
Warning: In design 'msrv_soc_adrdecs__939583', a pin on submodule 'bootromdec' is connected to logic 1 or logic 0. (LINT-32)
   Pin 'Range[15]' is connected to logic 0. 
Warning: In design 'msrv_soc_adrdecs__939583', a pin on submodule 'bootromdec' is connected to logic 1 or logic 0. (LINT-32)
   Pin 'Range[14]' is connected to logic 0. 
Warning: In design 'msrv_soc_adrdecs__939583', a pin on submodule 'bootromdec' is connected to logic 1 or logic 0. (LINT-32)
   Pin 'Range[13]' is connected to logic 0. 
Warning: In design 'msrv_soc_adrdecs__939583', a pin on submodule 'bootromdec' is connected to logic 1 or logic 0. (LINT-32)
   Pin 'Range[12]' is connected to logic 0. 
Warning: In design 'msrv_soc_adrdecs__939583', a pin on submodule 'bootromdec' is connected to logic 1 or logic 0. (LINT-32)
   Pin 'Range[11]' is connected to logic 1. 
Warning: In design 'msrv_soc_adrdecs__939583', a pin on submodule 'bootromdec' is connected to logic 1 or logic 0. (LINT-32)
   Pin 'Range[10]' is connected to logic 1. 
Warning: In design 'msrv_soc_adrdecs__939583', a pin on submodule 'bootromdec' is connected to logic 1 or logic 0. (LINT-32)
   Pin 'Range[9]' is connected to logic 1. 
Warning: In design 'msrv_soc_adrdecs__939583', a pin on submodule 'bootromdec' is connected to logic 1 or logic 0. (LINT-32)
   Pin 'Range[8]' is connected to logic 1. 
Warning: In design 'msrv_soc_adrdecs__939583', a pin on submodule 'bootromdec' is connected to logic 1 or logic 0. (LINT-32)
   Pin 'Range[7]' is connected to logic 1. 
Warning: In design 'msrv_soc_adrdecs__939583', a pin on submodule 'bootromdec' is connected to logic 1 or logic 0. (LINT-32)
   Pin 'Range[6]' is connected to logic 1. 
Warning: In design 'msrv_soc_adrdecs__939583', a pin on submodule 'bootromdec' is connected to logic 1 or logic 0. (LINT-32)
   Pin 'Range[5]' is connected to logic 1. 
Warning: In design 'msrv_soc_adrdecs__939583', a pin on submodule 'bootromdec' is connected to logic 1 or logic 0. (LINT-32)
   Pin 'Range[4]' is connected to logic 1. 
Warning: In design 'msrv_soc_adrdecs__939583', a pin on submodule 'bootromdec' is connected to logic 1 or logic 0. (LINT-32)
   Pin 'Range[3]' is connected to logic 1. 
Warning: In design 'msrv_soc_adrdecs__939583', a pin on submodule 'bootromdec' is connected to logic 1 or logic 0. (LINT-32)
   Pin 'Range[2]' is connected to logic 1. 
Warning: In design 'msrv_soc_adrdecs__939583', a pin on submodule 'bootromdec' is connected to logic 1 or logic 0. (LINT-32)
   Pin 'Range[1]' is connected to logic 1. 
Warning: In design 'msrv_soc_adrdecs__939583', a pin on submodule 'bootromdec' is connected to logic 1 or logic 0. (LINT-32)
   Pin 'Range[0]' is connected to logic 1. 
Warning: In design 'msrv_soc_adrdecs__939583', a pin on submodule 'bootromdec' is connected to logic 1 or logic 0. (LINT-32)
   Pin 'Supported' is connected to logic 1. 
Warning: In design 'msrv_soc_adrdecs__939583', a pin on submodule 'bootromdec' is connected to logic 1 or logic 0. (LINT-32)
   Pin 'SizeMask[3]' is connected to logic 1. 
Warning: In design 'msrv_soc_adrdecs__939583', a pin on submodule 'bootromdec' is connected to logic 1 or logic 0. (LINT-32)
   Pin 'SizeMask[2]' is connected to logic 1. 
Warning: In design 'msrv_soc_adrdecs__939583', a pin on submodule 'bootromdec' is connected to logic 1 or logic 0. (LINT-32)
   Pin 'SizeMask[1]' is connected to logic 1. 
Warning: In design 'msrv_soc_adrdecs__939583', a pin on submodule 'bootromdec' is connected to logic 1 or logic 0. (LINT-32)
   Pin 'SizeMask[0]' is connected to logic 1. 
Warning: In design 'msrv_soc_adrdecs__939583', a pin on submodule 'uncoreramdec' is connected to logic 1 or logic 0. (LINT-32)
   Pin 'Base[55]' is connected to logic 0. 
Warning: In design 'msrv_soc_adrdecs__939583', a pin on submodule 'uncoreramdec' is connected to logic 1 or logic 0. (LINT-32)
   Pin 'Base[54]' is connected to logic 0. 
Warning: In design 'msrv_soc_adrdecs__939583', a pin on submodule 'uncoreramdec' is connected to logic 1 or logic 0. (LINT-32)
   Pin 'Base[53]' is connected to logic 0. 
Warning: In design 'msrv_soc_adrdecs__939583', a pin on submodule 'uncoreramdec' is connected to logic 1 or logic 0. (LINT-32)
   Pin 'Base[52]' is connected to logic 0. 
Warning: In design 'msrv_soc_adrdecs__939583', a pin on submodule 'uncoreramdec' is connected to logic 1 or logic 0. (LINT-32)
   Pin 'Base[51]' is connected to logic 0. 
Warning: In design 'msrv_soc_adrdecs__939583', a pin on submodule 'uncoreramdec' is connected to logic 1 or logic 0. (LINT-32)
   Pin 'Base[50]' is connected to logic 0. 
Warning: In design 'msrv_soc_adrdecs__939583', a pin on submodule 'uncoreramdec' is connected to logic 1 or logic 0. (LINT-32)
   Pin 'Base[49]' is connected to logic 0. 
Warning: In design 'msrv_soc_adrdecs__939583', a pin on submodule 'uncoreramdec' is connected to logic 1 or logic 0. (LINT-32)
   Pin 'Base[48]' is connected to logic 0. 
Warning: In design 'msrv_soc_adrdecs__939583', a pin on submodule 'uncoreramdec' is connected to logic 1 or logic 0. (LINT-32)
   Pin 'Base[47]' is connected to logic 0. 
Warning: In design 'msrv_soc_adrdecs__939583', a pin on submodule 'uncoreramdec' is connected to logic 1 or logic 0. (LINT-32)
   Pin 'Base[46]' is connected to logic 0. 
Warning: In design 'msrv_soc_adrdecs__939583', a pin on submodule 'uncoreramdec' is connected to logic 1 or logic 0. (LINT-32)
   Pin 'Base[45]' is connected to logic 0. 
Warning: In design 'msrv_soc_adrdecs__939583', a pin on submodule 'uncoreramdec' is connected to logic 1 or logic 0. (LINT-32)
   Pin 'Base[44]' is connected to logic 0. 
Warning: In design 'msrv_soc_adrdecs__939583', a pin on submodule 'uncoreramdec' is connected to logic 1 or logic 0. (LINT-32)
   Pin 'Base[43]' is connected to logic 0. 
Warning: In design 'msrv_soc_adrdecs__939583', a pin on submodule 'uncoreramdec' is connected to logic 1 or logic 0. (LINT-32)
   Pin 'Base[42]' is connected to logic 0. 
Warning: In design 'msrv_soc_adrdecs__939583', a pin on submodule 'uncoreramdec' is connected to logic 1 or logic 0. (LINT-32)
   Pin 'Base[41]' is connected to logic 0. 
Warning: In design 'msrv_soc_adrdecs__939583', a pin on submodule 'uncoreramdec' is connected to logic 1 or logic 0. (LINT-32)
   Pin 'Base[40]' is connected to logic 0. 
Warning: In design 'msrv_soc_adrdecs__939583', a pin on submodule 'uncoreramdec' is connected to logic 1 or logic 0. (LINT-32)
   Pin 'Base[39]' is connected to logic 0. 
Warning: In design 'msrv_soc_adrdecs__939583', a pin on submodule 'uncoreramdec' is connected to logic 1 or logic 0. (LINT-32)
   Pin 'Base[38]' is connected to logic 0. 
Warning: In design 'msrv_soc_adrdecs__939583', a pin on submodule 'uncoreramdec' is connected to logic 1 or logic 0. (LINT-32)
   Pin 'Base[37]' is connected to logic 0. 
Warning: In design 'msrv_soc_adrdecs__939583', a pin on submodule 'uncoreramdec' is connected to logic 1 or logic 0. (LINT-32)
   Pin 'Base[36]' is connected to logic 0. 
Warning: In design 'msrv_soc_adrdecs__939583', a pin on submodule 'uncoreramdec' is connected to logic 1 or logic 0. (LINT-32)
   Pin 'Base[35]' is connected to logic 0. 
Warning: In design 'msrv_soc_adrdecs__939583', a pin on submodule 'uncoreramdec' is connected to logic 1 or logic 0. (LINT-32)
   Pin 'Base[34]' is connected to logic 0. 
Warning: In design 'msrv_soc_adrdecs__939583', a pin on submodule 'uncoreramdec' is connected to logic 1 or logic 0. (LINT-32)
   Pin 'Base[33]' is connected to logic 0. 
Warning: In design 'msrv_soc_adrdecs__939583', a pin on submodule 'uncoreramdec' is connected to logic 1 or logic 0. (LINT-32)
   Pin 'Base[32]' is connected to logic 0. 
Warning: In design 'msrv_soc_adrdecs__939583', a pin on submodule 'uncoreramdec' is connected to logic 1 or logic 0. (LINT-32)
   Pin 'Base[31]' is connected to logic 1. 
Warning: In design 'msrv_soc_adrdecs__939583', a pin on submodule 'uncoreramdec' is connected to logic 1 or logic 0. (LINT-32)
   Pin 'Base[30]' is connected to logic 0. 
Warning: In design 'msrv_soc_adrdecs__939583', a pin on submodule 'uncoreramdec' is connected to logic 1 or logic 0. (LINT-32)
   Pin 'Base[29]' is connected to logic 0. 
Warning: In design 'msrv_soc_adrdecs__939583', a pin on submodule 'uncoreramdec' is connected to logic 1 or logic 0. (LINT-32)
   Pin 'Base[28]' is connected to logic 0. 
Warning: In design 'msrv_soc_adrdecs__939583', a pin on submodule 'uncoreramdec' is connected to logic 1 or logic 0. (LINT-32)
   Pin 'Base[27]' is connected to logic 0. 
Warning: In design 'msrv_soc_adrdecs__939583', a pin on submodule 'uncoreramdec' is connected to logic 1 or logic 0. (LINT-32)
   Pin 'Base[26]' is connected to logic 0. 
Warning: In design 'msrv_soc_adrdecs__939583', a pin on submodule 'uncoreramdec' is connected to logic 1 or logic 0. (LINT-32)
   Pin 'Base[25]' is connected to logic 0. 
Warning: In design 'msrv_soc_adrdecs__939583', a pin on submodule 'uncoreramdec' is connected to logic 1 or logic 0. (LINT-32)
   Pin 'Base[24]' is connected to logic 0. 
Warning: In design 'msrv_soc_adrdecs__939583', a pin on submodule 'uncoreramdec' is connected to logic 1 or logic 0. (LINT-32)
   Pin 'Base[23]' is connected to logic 0. 
Warning: In design 'msrv_soc_adrdecs__939583', a pin on submodule 'uncoreramdec' is connected to logic 1 or logic 0. (LINT-32)
   Pin 'Base[22]' is connected to logic 0. 
Warning: In design 'msrv_soc_adrdecs__939583', a pin on submodule 'uncoreramdec' is connected to logic 1 or logic 0. (LINT-32)
   Pin 'Base[21]' is connected to logic 0. 
Warning: In design 'msrv_soc_adrdecs__939583', a pin on submodule 'uncoreramdec' is connected to logic 1 or logic 0. (LINT-32)
   Pin 'Base[20]' is connected to logic 0. 
Warning: In design 'msrv_soc_adrdecs__939583', a pin on submodule 'uncoreramdec' is connected to logic 1 or logic 0. (LINT-32)
   Pin 'Base[19]' is connected to logic 0. 
Warning: In design 'msrv_soc_adrdecs__939583', a pin on submodule 'uncoreramdec' is connected to logic 1 or logic 0. (LINT-32)
   Pin 'Base[18]' is connected to logic 0. 
Warning: In design 'msrv_soc_adrdecs__939583', a pin on submodule 'uncoreramdec' is connected to logic 1 or logic 0. (LINT-32)
   Pin 'Base[17]' is connected to logic 0. 
Warning: In design 'msrv_soc_adrdecs__939583', a pin on submodule 'uncoreramdec' is connected to logic 1 or logic 0. (LINT-32)
   Pin 'Base[16]' is connected to logic 0. 
Warning: In design 'msrv_soc_adrdecs__939583', a pin on submodule 'uncoreramdec' is connected to logic 1 or logic 0. (LINT-32)
   Pin 'Base[15]' is connected to logic 0. 
Warning: In design 'msrv_soc_adrdecs__939583', a pin on submodule 'uncoreramdec' is connected to logic 1 or logic 0. (LINT-32)
   Pin 'Base[14]' is connected to logic 0. 
Warning: In design 'msrv_soc_adrdecs__939583', a pin on submodule 'uncoreramdec' is connected to logic 1 or logic 0. (LINT-32)
   Pin 'Base[13]' is connected to logic 0. 
Warning: In design 'msrv_soc_adrdecs__939583', a pin on submodule 'uncoreramdec' is connected to logic 1 or logic 0. (LINT-32)
   Pin 'Base[12]' is connected to logic 0. 
Warning: In design 'msrv_soc_adrdecs__939583', a pin on submodule 'uncoreramdec' is connected to logic 1 or logic 0. (LINT-32)
   Pin 'Base[11]' is connected to logic 0. 
Warning: In design 'msrv_soc_adrdecs__939583', a pin on submodule 'uncoreramdec' is connected to logic 1 or logic 0. (LINT-32)
   Pin 'Base[10]' is connected to logic 0. 
Warning: In design 'msrv_soc_adrdecs__939583', a pin on submodule 'uncoreramdec' is connected to logic 1 or logic 0. (LINT-32)
   Pin 'Base[9]' is connected to logic 0. 
Warning: In design 'msrv_soc_adrdecs__939583', a pin on submodule 'uncoreramdec' is connected to logic 1 or logic 0. (LINT-32)
   Pin 'Base[8]' is connected to logic 0. 
Warning: In design 'msrv_soc_adrdecs__939583', a pin on submodule 'uncoreramdec' is connected to logic 1 or logic 0. (LINT-32)
   Pin 'Base[7]' is connected to logic 0. 
Warning: In design 'msrv_soc_adrdecs__939583', a pin on submodule 'uncoreramdec' is connected to logic 1 or logic 0. (LINT-32)
   Pin 'Base[6]' is connected to logic 0. 
Warning: In design 'msrv_soc_adrdecs__939583', a pin on submodule 'uncoreramdec' is connected to logic 1 or logic 0. (LINT-32)
   Pin 'Base[5]' is connected to logic 0. 
Warning: In design 'msrv_soc_adrdecs__939583', a pin on submodule 'uncoreramdec' is connected to logic 1 or logic 0. (LINT-32)
   Pin 'Base[4]' is connected to logic 0. 
Warning: In design 'msrv_soc_adrdecs__939583', a pin on submodule 'uncoreramdec' is connected to logic 1 or logic 0. (LINT-32)
   Pin 'Base[3]' is connected to logic 0. 
Warning: In design 'msrv_soc_adrdecs__939583', a pin on submodule 'uncoreramdec' is connected to logic 1 or logic 0. (LINT-32)
   Pin 'Base[2]' is connected to logic 0. 
Warning: In design 'msrv_soc_adrdecs__939583', a pin on submodule 'uncoreramdec' is connected to logic 1 or logic 0. (LINT-32)
   Pin 'Base[1]' is connected to logic 0. 
Warning: In design 'msrv_soc_adrdecs__939583', a pin on submodule 'uncoreramdec' is connected to logic 1 or logic 0. (LINT-32)
   Pin 'Base[0]' is connected to logic 0. 
Warning: In design 'msrv_soc_adrdecs__939583', a pin on submodule 'uncoreramdec' is connected to logic 1 or logic 0. (LINT-32)
   Pin 'Range[55]' is connected to logic 0. 
Warning: In design 'msrv_soc_adrdecs__939583', a pin on submodule 'uncoreramdec' is connected to logic 1 or logic 0. (LINT-32)
   Pin 'Range[54]' is connected to logic 0. 
Warning: In design 'msrv_soc_adrdecs__939583', a pin on submodule 'uncoreramdec' is connected to logic 1 or logic 0. (LINT-32)
   Pin 'Range[53]' is connected to logic 0. 
Warning: In design 'msrv_soc_adrdecs__939583', a pin on submodule 'uncoreramdec' is connected to logic 1 or logic 0. (LINT-32)
   Pin 'Range[52]' is connected to logic 0. 
Warning: In design 'msrv_soc_adrdecs__939583', a pin on submodule 'uncoreramdec' is connected to logic 1 or logic 0. (LINT-32)
   Pin 'Range[51]' is connected to logic 0. 
Warning: In design 'msrv_soc_adrdecs__939583', a pin on submodule 'uncoreramdec' is connected to logic 1 or logic 0. (LINT-32)
   Pin 'Range[50]' is connected to logic 0. 
Warning: In design 'msrv_soc_adrdecs__939583', a pin on submodule 'uncoreramdec' is connected to logic 1 or logic 0. (LINT-32)
   Pin 'Range[49]' is connected to logic 0. 
Warning: In design 'msrv_soc_adrdecs__939583', a pin on submodule 'uncoreramdec' is connected to logic 1 or logic 0. (LINT-32)
   Pin 'Range[48]' is connected to logic 0. 
Warning: In design 'msrv_soc_adrdecs__939583', a pin on submodule 'uncoreramdec' is connected to logic 1 or logic 0. (LINT-32)
   Pin 'Range[47]' is connected to logic 0. 
Warning: In design 'msrv_soc_adrdecs__939583', a pin on submodule 'uncoreramdec' is connected to logic 1 or logic 0. (LINT-32)
   Pin 'Range[46]' is connected to logic 0. 
Warning: In design 'msrv_soc_adrdecs__939583', a pin on submodule 'uncoreramdec' is connected to logic 1 or logic 0. (LINT-32)
   Pin 'Range[45]' is connected to logic 0. 
Warning: In design 'msrv_soc_adrdecs__939583', a pin on submodule 'uncoreramdec' is connected to logic 1 or logic 0. (LINT-32)
   Pin 'Range[44]' is connected to logic 0. 
Warning: In design 'msrv_soc_adrdecs__939583', a pin on submodule 'uncoreramdec' is connected to logic 1 or logic 0. (LINT-32)
   Pin 'Range[43]' is connected to logic 0. 
Warning: In design 'msrv_soc_adrdecs__939583', a pin on submodule 'uncoreramdec' is connected to logic 1 or logic 0. (LINT-32)
   Pin 'Range[42]' is connected to logic 0. 
Warning: In design 'msrv_soc_adrdecs__939583', a pin on submodule 'uncoreramdec' is connected to logic 1 or logic 0. (LINT-32)
   Pin 'Range[41]' is connected to logic 0. 
Warning: In design 'msrv_soc_adrdecs__939583', a pin on submodule 'uncoreramdec' is connected to logic 1 or logic 0. (LINT-32)
   Pin 'Range[40]' is connected to logic 0. 
Warning: In design 'msrv_soc_adrdecs__939583', a pin on submodule 'uncoreramdec' is connected to logic 1 or logic 0. (LINT-32)
   Pin 'Range[39]' is connected to logic 0. 
Warning: In design 'msrv_soc_adrdecs__939583', a pin on submodule 'uncoreramdec' is connected to logic 1 or logic 0. (LINT-32)
   Pin 'Range[38]' is connected to logic 0. 
Warning: In design 'msrv_soc_adrdecs__939583', a pin on submodule 'uncoreramdec' is connected to logic 1 or logic 0. (LINT-32)
   Pin 'Range[37]' is connected to logic 0. 
Warning: In design 'msrv_soc_adrdecs__939583', a pin on submodule 'uncoreramdec' is connected to logic 1 or logic 0. (LINT-32)
   Pin 'Range[36]' is connected to logic 0. 
Warning: In design 'msrv_soc_adrdecs__939583', a pin on submodule 'uncoreramdec' is connected to logic 1 or logic 0. (LINT-32)
   Pin 'Range[35]' is connected to logic 0. 
Warning: In design 'msrv_soc_adrdecs__939583', a pin on submodule 'uncoreramdec' is connected to logic 1 or logic 0. (LINT-32)
   Pin 'Range[34]' is connected to logic 0. 
Warning: In design 'msrv_soc_adrdecs__939583', a pin on submodule 'uncoreramdec' is connected to logic 1 or logic 0. (LINT-32)
   Pin 'Range[33]' is connected to logic 0. 
Warning: In design 'msrv_soc_adrdecs__939583', a pin on submodule 'uncoreramdec' is connected to logic 1 or logic 0. (LINT-32)
   Pin 'Range[32]' is connected to logic 0. 
Warning: In design 'msrv_soc_adrdecs__939583', a pin on submodule 'uncoreramdec' is connected to logic 1 or logic 0. (LINT-32)
   Pin 'Range[31]' is connected to logic 0. 
Warning: In design 'msrv_soc_adrdecs__939583', a pin on submodule 'uncoreramdec' is connected to logic 1 or logic 0. (LINT-32)
   Pin 'Range[30]' is connected to logic 0. 
Warning: In design 'msrv_soc_adrdecs__939583', a pin on submodule 'uncoreramdec' is connected to logic 1 or logic 0. (LINT-32)
   Pin 'Range[29]' is connected to logic 0. 
Warning: In design 'msrv_soc_adrdecs__939583', a pin on submodule 'uncoreramdec' is connected to logic 1 or logic 0. (LINT-32)
   Pin 'Range[28]' is connected to logic 0. 
Warning: In design 'msrv_soc_adrdecs__939583', a pin on submodule 'uncoreramdec' is connected to logic 1 or logic 0. (LINT-32)
   Pin 'Range[27]' is connected to logic 0. 
Warning: In design 'msrv_soc_adrdecs__939583', a pin on submodule 'uncoreramdec' is connected to logic 1 or logic 0. (LINT-32)
   Pin 'Range[26]' is connected to logic 1. 
Warning: In design 'msrv_soc_adrdecs__939583', a pin on submodule 'uncoreramdec' is connected to logic 1 or logic 0. (LINT-32)
   Pin 'Range[25]' is connected to logic 1. 
Warning: In design 'msrv_soc_adrdecs__939583', a pin on submodule 'uncoreramdec' is connected to logic 1 or logic 0. (LINT-32)
   Pin 'Range[24]' is connected to logic 1. 
Warning: In design 'msrv_soc_adrdecs__939583', a pin on submodule 'uncoreramdec' is connected to logic 1 or logic 0. (LINT-32)
   Pin 'Range[23]' is connected to logic 1. 
Warning: In design 'msrv_soc_adrdecs__939583', a pin on submodule 'uncoreramdec' is connected to logic 1 or logic 0. (LINT-32)
   Pin 'Range[22]' is connected to logic 1. 
Warning: In design 'msrv_soc_adrdecs__939583', a pin on submodule 'uncoreramdec' is connected to logic 1 or logic 0. (LINT-32)
   Pin 'Range[21]' is connected to logic 1. 
Warning: In design 'msrv_soc_adrdecs__939583', a pin on submodule 'uncoreramdec' is connected to logic 1 or logic 0. (LINT-32)
   Pin 'Range[20]' is connected to logic 1. 
Warning: In design 'msrv_soc_adrdecs__939583', a pin on submodule 'uncoreramdec' is connected to logic 1 or logic 0. (LINT-32)
   Pin 'Range[19]' is connected to logic 1. 
Warning: In design 'msrv_soc_adrdecs__939583', a pin on submodule 'uncoreramdec' is connected to logic 1 or logic 0. (LINT-32)
   Pin 'Range[18]' is connected to logic 1. 
Warning: In design 'msrv_soc_adrdecs__939583', a pin on submodule 'uncoreramdec' is connected to logic 1 or logic 0. (LINT-32)
   Pin 'Range[17]' is connected to logic 1. 
Warning: In design 'msrv_soc_adrdecs__939583', a pin on submodule 'uncoreramdec' is connected to logic 1 or logic 0. (LINT-32)
   Pin 'Range[16]' is connected to logic 1. 
Warning: In design 'msrv_soc_adrdecs__939583', a pin on submodule 'uncoreramdec' is connected to logic 1 or logic 0. (LINT-32)
   Pin 'Range[15]' is connected to logic 1. 
Warning: In design 'msrv_soc_adrdecs__939583', a pin on submodule 'uncoreramdec' is connected to logic 1 or logic 0. (LINT-32)
   Pin 'Range[14]' is connected to logic 1. 
Warning: In design 'msrv_soc_adrdecs__939583', a pin on submodule 'uncoreramdec' is connected to logic 1 or logic 0. (LINT-32)
   Pin 'Range[13]' is connected to logic 1. 
Warning: In design 'msrv_soc_adrdecs__939583', a pin on submodule 'uncoreramdec' is connected to logic 1 or logic 0. (LINT-32)
   Pin 'Range[12]' is connected to logic 1. 
Warning: In design 'msrv_soc_adrdecs__939583', a pin on submodule 'uncoreramdec' is connected to logic 1 or logic 0. (LINT-32)
   Pin 'Range[11]' is connected to logic 1. 
Warning: In design 'msrv_soc_adrdecs__939583', a pin on submodule 'uncoreramdec' is connected to logic 1 or logic 0. (LINT-32)
   Pin 'Range[10]' is connected to logic 1. 
Warning: In design 'msrv_soc_adrdecs__939583', a pin on submodule 'uncoreramdec' is connected to logic 1 or logic 0. (LINT-32)
   Pin 'Range[9]' is connected to logic 1. 
Warning: In design 'msrv_soc_adrdecs__939583', a pin on submodule 'uncoreramdec' is connected to logic 1 or logic 0. (LINT-32)
   Pin 'Range[8]' is connected to logic 1. 
Warning: In design 'msrv_soc_adrdecs__939583', a pin on submodule 'uncoreramdec' is connected to logic 1 or logic 0. (LINT-32)
   Pin 'Range[7]' is connected to logic 1. 
Warning: In design 'msrv_soc_adrdecs__939583', a pin on submodule 'uncoreramdec' is connected to logic 1 or logic 0. (LINT-32)
   Pin 'Range[6]' is connected to logic 1. 
Warning: In design 'msrv_soc_adrdecs__939583', a pin on submodule 'uncoreramdec' is connected to logic 1 or logic 0. (LINT-32)
   Pin 'Range[5]' is connected to logic 1. 
Warning: In design 'msrv_soc_adrdecs__939583', a pin on submodule 'uncoreramdec' is connected to logic 1 or logic 0. (LINT-32)
   Pin 'Range[4]' is connected to logic 1. 
Warning: In design 'msrv_soc_adrdecs__939583', a pin on submodule 'uncoreramdec' is connected to logic 1 or logic 0. (LINT-32)
   Pin 'Range[3]' is connected to logic 1. 
Warning: In design 'msrv_soc_adrdecs__939583', a pin on submodule 'uncoreramdec' is connected to logic 1 or logic 0. (LINT-32)
   Pin 'Range[2]' is connected to logic 1. 
Warning: In design 'msrv_soc_adrdecs__939583', a pin on submodule 'uncoreramdec' is connected to logic 1 or logic 0. (LINT-32)
   Pin 'Range[1]' is connected to logic 1. 
Warning: In design 'msrv_soc_adrdecs__939583', a pin on submodule 'uncoreramdec' is connected to logic 1 or logic 0. (LINT-32)
   Pin 'Range[0]' is connected to logic 1. 
Warning: In design 'msrv_soc_adrdecs__939583', a pin on submodule 'uncoreramdec' is connected to logic 1 or logic 0. (LINT-32)
   Pin 'Supported' is connected to logic 1. 
Warning: In design 'msrv_soc_adrdecs__939583', a pin on submodule 'uncoreramdec' is connected to logic 1 or logic 0. (LINT-32)
   Pin 'SizeMask[3]' is connected to logic 1. 
Warning: In design 'msrv_soc_adrdecs__939583', a pin on submodule 'uncoreramdec' is connected to logic 1 or logic 0. (LINT-32)
   Pin 'SizeMask[2]' is connected to logic 1. 
Warning: In design 'msrv_soc_adrdecs__939583', a pin on submodule 'uncoreramdec' is connected to logic 1 or logic 0. (LINT-32)
   Pin 'SizeMask[1]' is connected to logic 1. 
Warning: In design 'msrv_soc_adrdecs__939583', a pin on submodule 'uncoreramdec' is connected to logic 1 or logic 0. (LINT-32)
   Pin 'SizeMask[0]' is connected to logic 1. 
Warning: In design 'msrv_soc_adrdecs__939583', a pin on submodule 'clintdec' is connected to logic 1 or logic 0. (LINT-32)
   Pin 'Base[55]' is connected to logic 0. 
Warning: In design 'msrv_soc_adrdecs__939583', a pin on submodule 'clintdec' is connected to logic 1 or logic 0. (LINT-32)
   Pin 'Base[54]' is connected to logic 0. 
Warning: In design 'msrv_soc_adrdecs__939583', a pin on submodule 'clintdec' is connected to logic 1 or logic 0. (LINT-32)
   Pin 'Base[53]' is connected to logic 0. 
Warning: In design 'msrv_soc_adrdecs__939583', a pin on submodule 'clintdec' is connected to logic 1 or logic 0. (LINT-32)
   Pin 'Base[52]' is connected to logic 0. 
Warning: In design 'msrv_soc_adrdecs__939583', a pin on submodule 'clintdec' is connected to logic 1 or logic 0. (LINT-32)
   Pin 'Base[51]' is connected to logic 0. 
Warning: In design 'msrv_soc_adrdecs__939583', a pin on submodule 'clintdec' is connected to logic 1 or logic 0. (LINT-32)
   Pin 'Base[50]' is connected to logic 0. 
Warning: In design 'msrv_soc_adrdecs__939583', a pin on submodule 'clintdec' is connected to logic 1 or logic 0. (LINT-32)
   Pin 'Base[49]' is connected to logic 0. 
Warning: In design 'msrv_soc_adrdecs__939583', a pin on submodule 'clintdec' is connected to logic 1 or logic 0. (LINT-32)
   Pin 'Base[48]' is connected to logic 0. 
Warning: In design 'msrv_soc_adrdecs__939583', a pin on submodule 'clintdec' is connected to logic 1 or logic 0. (LINT-32)
   Pin 'Base[47]' is connected to logic 0. 
Warning: In design 'msrv_soc_adrdecs__939583', a pin on submodule 'clintdec' is connected to logic 1 or logic 0. (LINT-32)
   Pin 'Base[46]' is connected to logic 0. 
Warning: In design 'msrv_soc_adrdecs__939583', a pin on submodule 'clintdec' is connected to logic 1 or logic 0. (LINT-32)
   Pin 'Base[45]' is connected to logic 0. 
Warning: In design 'msrv_soc_adrdecs__939583', a pin on submodule 'clintdec' is connected to logic 1 or logic 0. (LINT-32)
   Pin 'Base[44]' is connected to logic 0. 
Warning: In design 'msrv_soc_adrdecs__939583', a pin on submodule 'clintdec' is connected to logic 1 or logic 0. (LINT-32)
   Pin 'Base[43]' is connected to logic 0. 
Warning: In design 'msrv_soc_adrdecs__939583', a pin on submodule 'clintdec' is connected to logic 1 or logic 0. (LINT-32)
   Pin 'Base[42]' is connected to logic 0. 
Warning: In design 'msrv_soc_adrdecs__939583', a pin on submodule 'clintdec' is connected to logic 1 or logic 0. (LINT-32)
   Pin 'Base[41]' is connected to logic 0. 
Warning: In design 'msrv_soc_adrdecs__939583', a pin on submodule 'clintdec' is connected to logic 1 or logic 0. (LINT-32)
   Pin 'Base[40]' is connected to logic 0. 
Warning: In design 'msrv_soc_adrdecs__939583', a pin on submodule 'clintdec' is connected to logic 1 or logic 0. (LINT-32)
   Pin 'Base[39]' is connected to logic 0. 
Warning: In design 'msrv_soc_adrdecs__939583', a pin on submodule 'clintdec' is connected to logic 1 or logic 0. (LINT-32)
   Pin 'Base[38]' is connected to logic 0. 
Warning: In design 'msrv_soc_adrdecs__939583', a pin on submodule 'clintdec' is connected to logic 1 or logic 0. (LINT-32)
   Pin 'Base[37]' is connected to logic 0. 
Warning: In design 'msrv_soc_adrdecs__939583', a pin on submodule 'clintdec' is connected to logic 1 or logic 0. (LINT-32)
   Pin 'Base[36]' is connected to logic 0. 
Warning: In design 'msrv_soc_adrdecs__939583', a pin on submodule 'clintdec' is connected to logic 1 or logic 0. (LINT-32)
   Pin 'Base[35]' is connected to logic 0. 
Warning: In design 'msrv_soc_adrdecs__939583', a pin on submodule 'clintdec' is connected to logic 1 or logic 0. (LINT-32)
   Pin 'Base[34]' is connected to logic 0. 
Warning: In design 'msrv_soc_adrdecs__939583', a pin on submodule 'clintdec' is connected to logic 1 or logic 0. (LINT-32)
   Pin 'Base[33]' is connected to logic 0. 
Warning: In design 'msrv_soc_adrdecs__939583', a pin on submodule 'clintdec' is connected to logic 1 or logic 0. (LINT-32)
   Pin 'Base[32]' is connected to logic 0. 
Warning: In design 'msrv_soc_adrdecs__939583', a pin on submodule 'clintdec' is connected to logic 1 or logic 0. (LINT-32)
   Pin 'Base[31]' is connected to logic 0. 
Warning: In design 'msrv_soc_adrdecs__939583', a pin on submodule 'clintdec' is connected to logic 1 or logic 0. (LINT-32)
   Pin 'Base[30]' is connected to logic 0. 
Warning: In design 'msrv_soc_adrdecs__939583', a pin on submodule 'clintdec' is connected to logic 1 or logic 0. (LINT-32)
   Pin 'Base[29]' is connected to logic 0. 
Warning: In design 'msrv_soc_adrdecs__939583', a pin on submodule 'clintdec' is connected to logic 1 or logic 0. (LINT-32)
   Pin 'Base[28]' is connected to logic 0. 
Warning: In design 'msrv_soc_adrdecs__939583', a pin on submodule 'clintdec' is connected to logic 1 or logic 0. (LINT-32)
   Pin 'Base[27]' is connected to logic 0. 
Warning: In design 'msrv_soc_adrdecs__939583', a pin on submodule 'clintdec' is connected to logic 1 or logic 0. (LINT-32)
   Pin 'Base[26]' is connected to logic 0. 
Warning: In design 'msrv_soc_adrdecs__939583', a pin on submodule 'clintdec' is connected to logic 1 or logic 0. (LINT-32)
   Pin 'Base[25]' is connected to logic 1. 
Warning: In design 'msrv_soc_adrdecs__939583', a pin on submodule 'clintdec' is connected to logic 1 or logic 0. (LINT-32)
   Pin 'Base[24]' is connected to logic 0. 
Warning: In design 'msrv_soc_adrdecs__939583', a pin on submodule 'clintdec' is connected to logic 1 or logic 0. (LINT-32)
   Pin 'Base[23]' is connected to logic 0. 
Warning: In design 'msrv_soc_adrdecs__939583', a pin on submodule 'clintdec' is connected to logic 1 or logic 0. (LINT-32)
   Pin 'Base[22]' is connected to logic 0. 
Warning: In design 'msrv_soc_adrdecs__939583', a pin on submodule 'clintdec' is connected to logic 1 or logic 0. (LINT-32)
   Pin 'Base[21]' is connected to logic 0. 
Warning: In design 'msrv_soc_adrdecs__939583', a pin on submodule 'clintdec' is connected to logic 1 or logic 0. (LINT-32)
   Pin 'Base[20]' is connected to logic 0. 
Warning: In design 'msrv_soc_adrdecs__939583', a pin on submodule 'clintdec' is connected to logic 1 or logic 0. (LINT-32)
   Pin 'Base[19]' is connected to logic 0. 
Warning: In design 'msrv_soc_adrdecs__939583', a pin on submodule 'clintdec' is connected to logic 1 or logic 0. (LINT-32)
   Pin 'Base[18]' is connected to logic 0. 
Warning: In design 'msrv_soc_adrdecs__939583', a pin on submodule 'clintdec' is connected to logic 1 or logic 0. (LINT-32)
   Pin 'Base[17]' is connected to logic 0. 
Warning: In design 'msrv_soc_adrdecs__939583', a pin on submodule 'clintdec' is connected to logic 1 or logic 0. (LINT-32)
   Pin 'Base[16]' is connected to logic 0. 
Warning: In design 'msrv_soc_adrdecs__939583', a pin on submodule 'clintdec' is connected to logic 1 or logic 0. (LINT-32)
   Pin 'Base[15]' is connected to logic 0. 
Warning: In design 'msrv_soc_adrdecs__939583', a pin on submodule 'clintdec' is connected to logic 1 or logic 0. (LINT-32)
   Pin 'Base[14]' is connected to logic 0. 
Warning: In design 'msrv_soc_adrdecs__939583', a pin on submodule 'clintdec' is connected to logic 1 or logic 0. (LINT-32)
   Pin 'Base[13]' is connected to logic 0. 
Warning: In design 'msrv_soc_adrdecs__939583', a pin on submodule 'clintdec' is connected to logic 1 or logic 0. (LINT-32)
   Pin 'Base[12]' is connected to logic 0. 
Warning: In design 'msrv_soc_adrdecs__939583', a pin on submodule 'clintdec' is connected to logic 1 or logic 0. (LINT-32)
   Pin 'Base[11]' is connected to logic 0. 
Warning: In design 'msrv_soc_adrdecs__939583', a pin on submodule 'clintdec' is connected to logic 1 or logic 0. (LINT-32)
   Pin 'Base[10]' is connected to logic 0. 
Warning: In design 'msrv_soc_adrdecs__939583', a pin on submodule 'clintdec' is connected to logic 1 or logic 0. (LINT-32)
   Pin 'Base[9]' is connected to logic 0. 
Warning: In design 'msrv_soc_adrdecs__939583', a pin on submodule 'clintdec' is connected to logic 1 or logic 0. (LINT-32)
   Pin 'Base[8]' is connected to logic 0. 
Warning: In design 'msrv_soc_adrdecs__939583', a pin on submodule 'clintdec' is connected to logic 1 or logic 0. (LINT-32)
   Pin 'Base[7]' is connected to logic 0. 
Warning: In design 'msrv_soc_adrdecs__939583', a pin on submodule 'clintdec' is connected to logic 1 or logic 0. (LINT-32)
   Pin 'Base[6]' is connected to logic 0. 
Warning: In design 'msrv_soc_adrdecs__939583', a pin on submodule 'clintdec' is connected to logic 1 or logic 0. (LINT-32)
   Pin 'Base[5]' is connected to logic 0. 
Warning: In design 'msrv_soc_adrdecs__939583', a pin on submodule 'clintdec' is connected to logic 1 or logic 0. (LINT-32)
   Pin 'Base[4]' is connected to logic 0. 
Warning: In design 'msrv_soc_adrdecs__939583', a pin on submodule 'clintdec' is connected to logic 1 or logic 0. (LINT-32)
   Pin 'Base[3]' is connected to logic 0. 
Warning: In design 'msrv_soc_adrdecs__939583', a pin on submodule 'clintdec' is connected to logic 1 or logic 0. (LINT-32)
   Pin 'Base[2]' is connected to logic 0. 
Warning: In design 'msrv_soc_adrdecs__939583', a pin on submodule 'clintdec' is connected to logic 1 or logic 0. (LINT-32)
   Pin 'Base[1]' is connected to logic 0. 
Warning: In design 'msrv_soc_adrdecs__939583', a pin on submodule 'clintdec' is connected to logic 1 or logic 0. (LINT-32)
   Pin 'Base[0]' is connected to logic 0. 
Warning: In design 'msrv_soc_adrdecs__939583', a pin on submodule 'clintdec' is connected to logic 1 or logic 0. (LINT-32)
   Pin 'Range[55]' is connected to logic 0. 
Warning: In design 'msrv_soc_adrdecs__939583', a pin on submodule 'clintdec' is connected to logic 1 or logic 0. (LINT-32)
   Pin 'Range[54]' is connected to logic 0. 
Warning: In design 'msrv_soc_adrdecs__939583', a pin on submodule 'clintdec' is connected to logic 1 or logic 0. (LINT-32)
   Pin 'Range[53]' is connected to logic 0. 
Warning: In design 'msrv_soc_adrdecs__939583', a pin on submodule 'clintdec' is connected to logic 1 or logic 0. (LINT-32)
   Pin 'Range[52]' is connected to logic 0. 
Warning: In design 'msrv_soc_adrdecs__939583', a pin on submodule 'clintdec' is connected to logic 1 or logic 0. (LINT-32)
   Pin 'Range[51]' is connected to logic 0. 
Warning: In design 'msrv_soc_adrdecs__939583', a pin on submodule 'clintdec' is connected to logic 1 or logic 0. (LINT-32)
   Pin 'Range[50]' is connected to logic 0. 
Warning: In design 'msrv_soc_adrdecs__939583', a pin on submodule 'clintdec' is connected to logic 1 or logic 0. (LINT-32)
   Pin 'Range[49]' is connected to logic 0. 
Warning: In design 'msrv_soc_adrdecs__939583', a pin on submodule 'clintdec' is connected to logic 1 or logic 0. (LINT-32)
   Pin 'Range[48]' is connected to logic 0. 
Warning: In design 'msrv_soc_adrdecs__939583', a pin on submodule 'clintdec' is connected to logic 1 or logic 0. (LINT-32)
   Pin 'Range[47]' is connected to logic 0. 
Warning: In design 'msrv_soc_adrdecs__939583', a pin on submodule 'clintdec' is connected to logic 1 or logic 0. (LINT-32)
   Pin 'Range[46]' is connected to logic 0. 
Warning: In design 'msrv_soc_adrdecs__939583', a pin on submodule 'clintdec' is connected to logic 1 or logic 0. (LINT-32)
   Pin 'Range[45]' is connected to logic 0. 
Warning: In design 'msrv_soc_adrdecs__939583', a pin on submodule 'clintdec' is connected to logic 1 or logic 0. (LINT-32)
   Pin 'Range[44]' is connected to logic 0. 
Warning: In design 'msrv_soc_adrdecs__939583', a pin on submodule 'clintdec' is connected to logic 1 or logic 0. (LINT-32)
   Pin 'Range[43]' is connected to logic 0. 
Warning: In design 'msrv_soc_adrdecs__939583', a pin on submodule 'clintdec' is connected to logic 1 or logic 0. (LINT-32)
   Pin 'Range[42]' is connected to logic 0. 
Warning: In design 'msrv_soc_adrdecs__939583', a pin on submodule 'clintdec' is connected to logic 1 or logic 0. (LINT-32)
   Pin 'Range[41]' is connected to logic 0. 
Warning: In design 'msrv_soc_adrdecs__939583', a pin on submodule 'clintdec' is connected to logic 1 or logic 0. (LINT-32)
   Pin 'Range[40]' is connected to logic 0. 
Warning: In design 'msrv_soc_adrdecs__939583', a pin on submodule 'clintdec' is connected to logic 1 or logic 0. (LINT-32)
   Pin 'Range[39]' is connected to logic 0. 
Warning: In design 'msrv_soc_adrdecs__939583', a pin on submodule 'clintdec' is connected to logic 1 or logic 0. (LINT-32)
   Pin 'Range[38]' is connected to logic 0. 
Warning: In design 'msrv_soc_adrdecs__939583', a pin on submodule 'clintdec' is connected to logic 1 or logic 0. (LINT-32)
   Pin 'Range[37]' is connected to logic 0. 
Warning: In design 'msrv_soc_adrdecs__939583', a pin on submodule 'clintdec' is connected to logic 1 or logic 0. (LINT-32)
   Pin 'Range[36]' is connected to logic 0. 
Warning: In design 'msrv_soc_adrdecs__939583', a pin on submodule 'clintdec' is connected to logic 1 or logic 0. (LINT-32)
   Pin 'Range[35]' is connected to logic 0. 
Warning: In design 'msrv_soc_adrdecs__939583', a pin on submodule 'clintdec' is connected to logic 1 or logic 0. (LINT-32)
   Pin 'Range[34]' is connected to logic 0. 
Warning: In design 'msrv_soc_adrdecs__939583', a pin on submodule 'clintdec' is connected to logic 1 or logic 0. (LINT-32)
   Pin 'Range[33]' is connected to logic 0. 
Warning: In design 'msrv_soc_adrdecs__939583', a pin on submodule 'clintdec' is connected to logic 1 or logic 0. (LINT-32)
   Pin 'Range[32]' is connected to logic 0. 
Warning: In design 'msrv_soc_adrdecs__939583', a pin on submodule 'clintdec' is connected to logic 1 or logic 0. (LINT-32)
   Pin 'Range[31]' is connected to logic 0. 
Warning: In design 'msrv_soc_adrdecs__939583', a pin on submodule 'clintdec' is connected to logic 1 or logic 0. (LINT-32)
   Pin 'Range[30]' is connected to logic 0. 
Warning: In design 'msrv_soc_adrdecs__939583', a pin on submodule 'clintdec' is connected to logic 1 or logic 0. (LINT-32)
   Pin 'Range[29]' is connected to logic 0. 
Warning: In design 'msrv_soc_adrdecs__939583', a pin on submodule 'clintdec' is connected to logic 1 or logic 0. (LINT-32)
   Pin 'Range[28]' is connected to logic 0. 
Warning: In design 'msrv_soc_adrdecs__939583', a pin on submodule 'clintdec' is connected to logic 1 or logic 0. (LINT-32)
   Pin 'Range[27]' is connected to logic 0. 
Warning: In design 'msrv_soc_adrdecs__939583', a pin on submodule 'clintdec' is connected to logic 1 or logic 0. (LINT-32)
   Pin 'Range[26]' is connected to logic 0. 
Warning: In design 'msrv_soc_adrdecs__939583', a pin on submodule 'clintdec' is connected to logic 1 or logic 0. (LINT-32)
   Pin 'Range[25]' is connected to logic 0. 
Warning: In design 'msrv_soc_adrdecs__939583', a pin on submodule 'clintdec' is connected to logic 1 or logic 0. (LINT-32)
   Pin 'Range[24]' is connected to logic 0. 
Warning: In design 'msrv_soc_adrdecs__939583', a pin on submodule 'clintdec' is connected to logic 1 or logic 0. (LINT-32)
   Pin 'Range[23]' is connected to logic 0. 
Warning: In design 'msrv_soc_adrdecs__939583', a pin on submodule 'clintdec' is connected to logic 1 or logic 0. (LINT-32)
   Pin 'Range[22]' is connected to logic 0. 
Warning: In design 'msrv_soc_adrdecs__939583', a pin on submodule 'clintdec' is connected to logic 1 or logic 0. (LINT-32)
   Pin 'Range[21]' is connected to logic 0. 
Warning: In design 'msrv_soc_adrdecs__939583', a pin on submodule 'clintdec' is connected to logic 1 or logic 0. (LINT-32)
   Pin 'Range[20]' is connected to logic 0. 
Warning: In design 'msrv_soc_adrdecs__939583', a pin on submodule 'clintdec' is connected to logic 1 or logic 0. (LINT-32)
   Pin 'Range[19]' is connected to logic 0. 
Warning: In design 'msrv_soc_adrdecs__939583', a pin on submodule 'clintdec' is connected to logic 1 or logic 0. (LINT-32)
   Pin 'Range[18]' is connected to logic 0. 
Warning: In design 'msrv_soc_adrdecs__939583', a pin on submodule 'clintdec' is connected to logic 1 or logic 0. (LINT-32)
   Pin 'Range[17]' is connected to logic 0. 
Warning: In design 'msrv_soc_adrdecs__939583', a pin on submodule 'clintdec' is connected to logic 1 or logic 0. (LINT-32)
   Pin 'Range[16]' is connected to logic 0. 
Warning: In design 'msrv_soc_adrdecs__939583', a pin on submodule 'clintdec' is connected to logic 1 or logic 0. (LINT-32)
   Pin 'Range[15]' is connected to logic 1. 
Warning: In design 'msrv_soc_adrdecs__939583', a pin on submodule 'clintdec' is connected to logic 1 or logic 0. (LINT-32)
   Pin 'Range[14]' is connected to logic 1. 
Warning: In design 'msrv_soc_adrdecs__939583', a pin on submodule 'clintdec' is connected to logic 1 or logic 0. (LINT-32)
   Pin 'Range[13]' is connected to logic 1. 
Warning: In design 'msrv_soc_adrdecs__939583', a pin on submodule 'clintdec' is connected to logic 1 or logic 0. (LINT-32)
   Pin 'Range[12]' is connected to logic 1. 
Warning: In design 'msrv_soc_adrdecs__939583', a pin on submodule 'clintdec' is connected to logic 1 or logic 0. (LINT-32)
   Pin 'Range[11]' is connected to logic 1. 
Warning: In design 'msrv_soc_adrdecs__939583', a pin on submodule 'clintdec' is connected to logic 1 or logic 0. (LINT-32)
   Pin 'Range[10]' is connected to logic 1. 
Warning: In design 'msrv_soc_adrdecs__939583', a pin on submodule 'clintdec' is connected to logic 1 or logic 0. (LINT-32)
   Pin 'Range[9]' is connected to logic 1. 
Warning: In design 'msrv_soc_adrdecs__939583', a pin on submodule 'clintdec' is connected to logic 1 or logic 0. (LINT-32)
   Pin 'Range[8]' is connected to logic 1. 
Warning: In design 'msrv_soc_adrdecs__939583', a pin on submodule 'clintdec' is connected to logic 1 or logic 0. (LINT-32)
   Pin 'Range[7]' is connected to logic 1. 
Warning: In design 'msrv_soc_adrdecs__939583', a pin on submodule 'clintdec' is connected to logic 1 or logic 0. (LINT-32)
   Pin 'Range[6]' is connected to logic 1. 
Warning: In design 'msrv_soc_adrdecs__939583', a pin on submodule 'clintdec' is connected to logic 1 or logic 0. (LINT-32)
   Pin 'Range[5]' is connected to logic 1. 
Warning: In design 'msrv_soc_adrdecs__939583', a pin on submodule 'clintdec' is connected to logic 1 or logic 0. (LINT-32)
   Pin 'Range[4]' is connected to logic 1. 
Warning: In design 'msrv_soc_adrdecs__939583', a pin on submodule 'clintdec' is connected to logic 1 or logic 0. (LINT-32)
   Pin 'Range[3]' is connected to logic 1. 
Warning: In design 'msrv_soc_adrdecs__939583', a pin on submodule 'clintdec' is connected to logic 1 or logic 0. (LINT-32)
   Pin 'Range[2]' is connected to logic 1. 
Warning: In design 'msrv_soc_adrdecs__939583', a pin on submodule 'clintdec' is connected to logic 1 or logic 0. (LINT-32)
   Pin 'Range[1]' is connected to logic 1. 
Warning: In design 'msrv_soc_adrdecs__939583', a pin on submodule 'clintdec' is connected to logic 1 or logic 0. (LINT-32)
   Pin 'Range[0]' is connected to logic 1. 
Warning: In design 'msrv_soc_adrdecs__939583', a pin on submodule 'clintdec' is connected to logic 1 or logic 0. (LINT-32)
   Pin 'Supported' is connected to logic 1. 
Warning: In design 'msrv_soc_adrdecs__939583', a pin on submodule 'clintdec' is connected to logic 1 or logic 0. (LINT-32)
   Pin 'SizeMask[3]' is connected to logic 1. 
Warning: In design 'msrv_soc_adrdecs__939583', a pin on submodule 'clintdec' is connected to logic 1 or logic 0. (LINT-32)
   Pin 'SizeMask[2]' is connected to logic 1. 
Warning: In design 'msrv_soc_adrdecs__939583', a pin on submodule 'clintdec' is connected to logic 1 or logic 0. (LINT-32)
   Pin 'SizeMask[1]' is connected to logic 1. 
Warning: In design 'msrv_soc_adrdecs__939583', a pin on submodule 'clintdec' is connected to logic 1 or logic 0. (LINT-32)
   Pin 'SizeMask[0]' is connected to logic 1. 
Warning: In design 'msrv_soc_adrdecs__939583', a pin on submodule 'gpiodec' is connected to logic 1 or logic 0. (LINT-32)
   Pin 'Base[55]' is connected to logic 0. 
Warning: In design 'msrv_soc_adrdecs__939583', a pin on submodule 'gpiodec' is connected to logic 1 or logic 0. (LINT-32)
   Pin 'Base[54]' is connected to logic 0. 
Warning: In design 'msrv_soc_adrdecs__939583', a pin on submodule 'gpiodec' is connected to logic 1 or logic 0. (LINT-32)
   Pin 'Base[53]' is connected to logic 0. 
Warning: In design 'msrv_soc_adrdecs__939583', a pin on submodule 'gpiodec' is connected to logic 1 or logic 0. (LINT-32)
   Pin 'Base[52]' is connected to logic 0. 
Warning: In design 'msrv_soc_adrdecs__939583', a pin on submodule 'gpiodec' is connected to logic 1 or logic 0. (LINT-32)
   Pin 'Base[51]' is connected to logic 0. 
Warning: In design 'msrv_soc_adrdecs__939583', a pin on submodule 'gpiodec' is connected to logic 1 or logic 0. (LINT-32)
   Pin 'Base[50]' is connected to logic 0. 
Warning: In design 'msrv_soc_adrdecs__939583', a pin on submodule 'gpiodec' is connected to logic 1 or logic 0. (LINT-32)
   Pin 'Base[49]' is connected to logic 0. 
Warning: In design 'msrv_soc_adrdecs__939583', a pin on submodule 'gpiodec' is connected to logic 1 or logic 0. (LINT-32)
   Pin 'Base[48]' is connected to logic 0. 
Warning: In design 'msrv_soc_adrdecs__939583', a pin on submodule 'gpiodec' is connected to logic 1 or logic 0. (LINT-32)
   Pin 'Base[47]' is connected to logic 0. 
Warning: In design 'msrv_soc_adrdecs__939583', a pin on submodule 'gpiodec' is connected to logic 1 or logic 0. (LINT-32)
   Pin 'Base[46]' is connected to logic 0. 
Warning: In design 'msrv_soc_adrdecs__939583', a pin on submodule 'gpiodec' is connected to logic 1 or logic 0. (LINT-32)
   Pin 'Base[45]' is connected to logic 0. 
Warning: In design 'msrv_soc_adrdecs__939583', a pin on submodule 'gpiodec' is connected to logic 1 or logic 0. (LINT-32)
   Pin 'Base[44]' is connected to logic 0. 
Warning: In design 'msrv_soc_adrdecs__939583', a pin on submodule 'gpiodec' is connected to logic 1 or logic 0. (LINT-32)
   Pin 'Base[43]' is connected to logic 0. 
Warning: In design 'msrv_soc_adrdecs__939583', a pin on submodule 'gpiodec' is connected to logic 1 or logic 0. (LINT-32)
   Pin 'Base[42]' is connected to logic 0. 
Warning: In design 'msrv_soc_adrdecs__939583', a pin on submodule 'gpiodec' is connected to logic 1 or logic 0. (LINT-32)
   Pin 'Base[41]' is connected to logic 0. 
Warning: In design 'msrv_soc_adrdecs__939583', a pin on submodule 'gpiodec' is connected to logic 1 or logic 0. (LINT-32)
   Pin 'Base[40]' is connected to logic 0. 
Warning: In design 'msrv_soc_adrdecs__939583', a pin on submodule 'gpiodec' is connected to logic 1 or logic 0. (LINT-32)
   Pin 'Base[39]' is connected to logic 0. 
Warning: In design 'msrv_soc_adrdecs__939583', a pin on submodule 'gpiodec' is connected to logic 1 or logic 0. (LINT-32)
   Pin 'Base[38]' is connected to logic 0. 
Warning: In design 'msrv_soc_adrdecs__939583', a pin on submodule 'gpiodec' is connected to logic 1 or logic 0. (LINT-32)
   Pin 'Base[37]' is connected to logic 0. 
Warning: In design 'msrv_soc_adrdecs__939583', a pin on submodule 'gpiodec' is connected to logic 1 or logic 0. (LINT-32)
   Pin 'Base[36]' is connected to logic 0. 
Warning: In design 'msrv_soc_adrdecs__939583', a pin on submodule 'gpiodec' is connected to logic 1 or logic 0. (LINT-32)
   Pin 'Base[35]' is connected to logic 0. 
Warning: In design 'msrv_soc_adrdecs__939583', a pin on submodule 'gpiodec' is connected to logic 1 or logic 0. (LINT-32)
   Pin 'Base[34]' is connected to logic 0. 
Warning: In design 'msrv_soc_adrdecs__939583', a pin on submodule 'gpiodec' is connected to logic 1 or logic 0. (LINT-32)
   Pin 'Base[33]' is connected to logic 0. 
Warning: In design 'msrv_soc_adrdecs__939583', a pin on submodule 'gpiodec' is connected to logic 1 or logic 0. (LINT-32)
   Pin 'Base[32]' is connected to logic 0. 
Warning: In design 'msrv_soc_adrdecs__939583', a pin on submodule 'gpiodec' is connected to logic 1 or logic 0. (LINT-32)
   Pin 'Base[31]' is connected to logic 0. 
Warning: In design 'msrv_soc_adrdecs__939583', a pin on submodule 'gpiodec' is connected to logic 1 or logic 0. (LINT-32)
   Pin 'Base[30]' is connected to logic 0. 
Warning: In design 'msrv_soc_adrdecs__939583', a pin on submodule 'gpiodec' is connected to logic 1 or logic 0. (LINT-32)
   Pin 'Base[29]' is connected to logic 0. 
Warning: In design 'msrv_soc_adrdecs__939583', a pin on submodule 'gpiodec' is connected to logic 1 or logic 0. (LINT-32)
   Pin 'Base[28]' is connected to logic 1. 
Warning: In design 'msrv_soc_adrdecs__939583', a pin on submodule 'gpiodec' is connected to logic 1 or logic 0. (LINT-32)
   Pin 'Base[27]' is connected to logic 0. 
Warning: In design 'msrv_soc_adrdecs__939583', a pin on submodule 'gpiodec' is connected to logic 1 or logic 0. (LINT-32)
   Pin 'Base[26]' is connected to logic 0. 
Warning: In design 'msrv_soc_adrdecs__939583', a pin on submodule 'gpiodec' is connected to logic 1 or logic 0. (LINT-32)
   Pin 'Base[25]' is connected to logic 0. 
Warning: In design 'msrv_soc_adrdecs__939583', a pin on submodule 'gpiodec' is connected to logic 1 or logic 0. (LINT-32)
   Pin 'Base[24]' is connected to logic 0. 
Warning: In design 'msrv_soc_adrdecs__939583', a pin on submodule 'gpiodec' is connected to logic 1 or logic 0. (LINT-32)
   Pin 'Base[23]' is connected to logic 0. 
Warning: In design 'msrv_soc_adrdecs__939583', a pin on submodule 'gpiodec' is connected to logic 1 or logic 0. (LINT-32)
   Pin 'Base[22]' is connected to logic 0. 
Warning: In design 'msrv_soc_adrdecs__939583', a pin on submodule 'gpiodec' is connected to logic 1 or logic 0. (LINT-32)
   Pin 'Base[21]' is connected to logic 0. 
Warning: In design 'msrv_soc_adrdecs__939583', a pin on submodule 'gpiodec' is connected to logic 1 or logic 0. (LINT-32)
   Pin 'Base[20]' is connected to logic 0. 
Warning: In design 'msrv_soc_adrdecs__939583', a pin on submodule 'gpiodec' is connected to logic 1 or logic 0. (LINT-32)
   Pin 'Base[19]' is connected to logic 0. 
Warning: In design 'msrv_soc_adrdecs__939583', a pin on submodule 'gpiodec' is connected to logic 1 or logic 0. (LINT-32)
   Pin 'Base[18]' is connected to logic 1. 
Warning: In design 'msrv_soc_adrdecs__939583', a pin on submodule 'gpiodec' is connected to logic 1 or logic 0. (LINT-32)
   Pin 'Base[17]' is connected to logic 1. 
Warning: In design 'msrv_soc_adrdecs__939583', a pin on submodule 'gpiodec' is connected to logic 1 or logic 0. (LINT-32)
   Pin 'Base[16]' is connected to logic 0. 
Warning: In design 'msrv_soc_adrdecs__939583', a pin on submodule 'gpiodec' is connected to logic 1 or logic 0. (LINT-32)
   Pin 'Base[15]' is connected to logic 0. 
Warning: In design 'msrv_soc_adrdecs__939583', a pin on submodule 'gpiodec' is connected to logic 1 or logic 0. (LINT-32)
   Pin 'Base[14]' is connected to logic 0. 
Warning: In design 'msrv_soc_adrdecs__939583', a pin on submodule 'gpiodec' is connected to logic 1 or logic 0. (LINT-32)
   Pin 'Base[13]' is connected to logic 0. 
Warning: In design 'msrv_soc_adrdecs__939583', a pin on submodule 'gpiodec' is connected to logic 1 or logic 0. (LINT-32)
   Pin 'Base[12]' is connected to logic 0. 
Warning: In design 'msrv_soc_adrdecs__939583', a pin on submodule 'gpiodec' is connected to logic 1 or logic 0. (LINT-32)
   Pin 'Base[11]' is connected to logic 0. 
Warning: In design 'msrv_soc_adrdecs__939583', a pin on submodule 'gpiodec' is connected to logic 1 or logic 0. (LINT-32)
   Pin 'Base[10]' is connected to logic 0. 
Warning: In design 'msrv_soc_adrdecs__939583', a pin on submodule 'gpiodec' is connected to logic 1 or logic 0. (LINT-32)
   Pin 'Base[9]' is connected to logic 0. 
Warning: In design 'msrv_soc_adrdecs__939583', a pin on submodule 'gpiodec' is connected to logic 1 or logic 0. (LINT-32)
   Pin 'Base[8]' is connected to logic 0. 
Warning: In design 'msrv_soc_adrdecs__939583', a pin on submodule 'gpiodec' is connected to logic 1 or logic 0. (LINT-32)
   Pin 'Base[7]' is connected to logic 0. 
Warning: In design 'msrv_soc_adrdecs__939583', a pin on submodule 'gpiodec' is connected to logic 1 or logic 0. (LINT-32)
   Pin 'Base[6]' is connected to logic 0. 
Warning: In design 'msrv_soc_adrdecs__939583', a pin on submodule 'gpiodec' is connected to logic 1 or logic 0. (LINT-32)
   Pin 'Base[5]' is connected to logic 0. 
Warning: In design 'msrv_soc_adrdecs__939583', a pin on submodule 'gpiodec' is connected to logic 1 or logic 0. (LINT-32)
   Pin 'Base[4]' is connected to logic 0. 
Warning: In design 'msrv_soc_adrdecs__939583', a pin on submodule 'gpiodec' is connected to logic 1 or logic 0. (LINT-32)
   Pin 'Base[3]' is connected to logic 0. 
Warning: In design 'msrv_soc_adrdecs__939583', a pin on submodule 'gpiodec' is connected to logic 1 or logic 0. (LINT-32)
   Pin 'Base[2]' is connected to logic 0. 
Warning: In design 'msrv_soc_adrdecs__939583', a pin on submodule 'gpiodec' is connected to logic 1 or logic 0. (LINT-32)
   Pin 'Base[1]' is connected to logic 0. 
Warning: In design 'msrv_soc_adrdecs__939583', a pin on submodule 'gpiodec' is connected to logic 1 or logic 0. (LINT-32)
   Pin 'Base[0]' is connected to logic 0. 
Warning: In design 'msrv_soc_adrdecs__939583', a pin on submodule 'gpiodec' is connected to logic 1 or logic 0. (LINT-32)
   Pin 'Range[55]' is connected to logic 0. 
Warning: In design 'msrv_soc_adrdecs__939583', a pin on submodule 'gpiodec' is connected to logic 1 or logic 0. (LINT-32)
   Pin 'Range[54]' is connected to logic 0. 
Warning: In design 'msrv_soc_adrdecs__939583', a pin on submodule 'gpiodec' is connected to logic 1 or logic 0. (LINT-32)
   Pin 'Range[53]' is connected to logic 0. 
Warning: In design 'msrv_soc_adrdecs__939583', a pin on submodule 'gpiodec' is connected to logic 1 or logic 0. (LINT-32)
   Pin 'Range[52]' is connected to logic 0. 
Warning: In design 'msrv_soc_adrdecs__939583', a pin on submodule 'gpiodec' is connected to logic 1 or logic 0. (LINT-32)
   Pin 'Range[51]' is connected to logic 0. 
Warning: In design 'msrv_soc_adrdecs__939583', a pin on submodule 'gpiodec' is connected to logic 1 or logic 0. (LINT-32)
   Pin 'Range[50]' is connected to logic 0. 
Warning: In design 'msrv_soc_adrdecs__939583', a pin on submodule 'gpiodec' is connected to logic 1 or logic 0. (LINT-32)
   Pin 'Range[49]' is connected to logic 0. 
Warning: In design 'msrv_soc_adrdecs__939583', a pin on submodule 'gpiodec' is connected to logic 1 or logic 0. (LINT-32)
   Pin 'Range[48]' is connected to logic 0. 
Warning: In design 'msrv_soc_adrdecs__939583', a pin on submodule 'gpiodec' is connected to logic 1 or logic 0. (LINT-32)
   Pin 'Range[47]' is connected to logic 0. 
Warning: In design 'msrv_soc_adrdecs__939583', a pin on submodule 'gpiodec' is connected to logic 1 or logic 0. (LINT-32)
   Pin 'Range[46]' is connected to logic 0. 
Warning: In design 'msrv_soc_adrdecs__939583', a pin on submodule 'gpiodec' is connected to logic 1 or logic 0. (LINT-32)
   Pin 'Range[45]' is connected to logic 0. 
Warning: In design 'msrv_soc_adrdecs__939583', a pin on submodule 'gpiodec' is connected to logic 1 or logic 0. (LINT-32)
   Pin 'Range[44]' is connected to logic 0. 
Warning: In design 'msrv_soc_adrdecs__939583', a pin on submodule 'gpiodec' is connected to logic 1 or logic 0. (LINT-32)
   Pin 'Range[43]' is connected to logic 0. 
Warning: In design 'msrv_soc_adrdecs__939583', a pin on submodule 'gpiodec' is connected to logic 1 or logic 0. (LINT-32)
   Pin 'Range[42]' is connected to logic 0. 
Warning: In design 'msrv_soc_adrdecs__939583', a pin on submodule 'gpiodec' is connected to logic 1 or logic 0. (LINT-32)
   Pin 'Range[41]' is connected to logic 0. 
Warning: In design 'msrv_soc_adrdecs__939583', a pin on submodule 'gpiodec' is connected to logic 1 or logic 0. (LINT-32)
   Pin 'Range[40]' is connected to logic 0. 
Warning: In design 'msrv_soc_adrdecs__939583', a pin on submodule 'gpiodec' is connected to logic 1 or logic 0. (LINT-32)
   Pin 'Range[39]' is connected to logic 0. 
Warning: In design 'msrv_soc_adrdecs__939583', a pin on submodule 'gpiodec' is connected to logic 1 or logic 0. (LINT-32)
   Pin 'Range[38]' is connected to logic 0. 
Warning: In design 'msrv_soc_adrdecs__939583', a pin on submodule 'gpiodec' is connected to logic 1 or logic 0. (LINT-32)
   Pin 'Range[37]' is connected to logic 0. 
Warning: In design 'msrv_soc_adrdecs__939583', a pin on submodule 'gpiodec' is connected to logic 1 or logic 0. (LINT-32)
   Pin 'Range[36]' is connected to logic 0. 
Warning: In design 'msrv_soc_adrdecs__939583', a pin on submodule 'gpiodec' is connected to logic 1 or logic 0. (LINT-32)
   Pin 'Range[35]' is connected to logic 0. 
Warning: In design 'msrv_soc_adrdecs__939583', a pin on submodule 'gpiodec' is connected to logic 1 or logic 0. (LINT-32)
   Pin 'Range[34]' is connected to logic 0. 
Warning: In design 'msrv_soc_adrdecs__939583', a pin on submodule 'gpiodec' is connected to logic 1 or logic 0. (LINT-32)
   Pin 'Range[33]' is connected to logic 0. 
Warning: In design 'msrv_soc_adrdecs__939583', a pin on submodule 'gpiodec' is connected to logic 1 or logic 0. (LINT-32)
   Pin 'Range[32]' is connected to logic 0. 
Warning: In design 'msrv_soc_adrdecs__939583', a pin on submodule 'gpiodec' is connected to logic 1 or logic 0. (LINT-32)
   Pin 'Range[31]' is connected to logic 0. 
Warning: In design 'msrv_soc_adrdecs__939583', a pin on submodule 'gpiodec' is connected to logic 1 or logic 0. (LINT-32)
   Pin 'Range[30]' is connected to logic 0. 
Warning: In design 'msrv_soc_adrdecs__939583', a pin on submodule 'gpiodec' is connected to logic 1 or logic 0. (LINT-32)
   Pin 'Range[29]' is connected to logic 0. 
Warning: In design 'msrv_soc_adrdecs__939583', a pin on submodule 'gpiodec' is connected to logic 1 or logic 0. (LINT-32)
   Pin 'Range[28]' is connected to logic 0. 
Warning: In design 'msrv_soc_adrdecs__939583', a pin on submodule 'gpiodec' is connected to logic 1 or logic 0. (LINT-32)
   Pin 'Range[27]' is connected to logic 0. 
Warning: In design 'msrv_soc_adrdecs__939583', a pin on submodule 'gpiodec' is connected to logic 1 or logic 0. (LINT-32)
   Pin 'Range[26]' is connected to logic 0. 
Warning: In design 'msrv_soc_adrdecs__939583', a pin on submodule 'gpiodec' is connected to logic 1 or logic 0. (LINT-32)
   Pin 'Range[25]' is connected to logic 0. 
Warning: In design 'msrv_soc_adrdecs__939583', a pin on submodule 'gpiodec' is connected to logic 1 or logic 0. (LINT-32)
   Pin 'Range[24]' is connected to logic 0. 
Warning: In design 'msrv_soc_adrdecs__939583', a pin on submodule 'gpiodec' is connected to logic 1 or logic 0. (LINT-32)
   Pin 'Range[23]' is connected to logic 0. 
Warning: In design 'msrv_soc_adrdecs__939583', a pin on submodule 'gpiodec' is connected to logic 1 or logic 0. (LINT-32)
   Pin 'Range[22]' is connected to logic 0. 
Warning: In design 'msrv_soc_adrdecs__939583', a pin on submodule 'gpiodec' is connected to logic 1 or logic 0. (LINT-32)
   Pin 'Range[21]' is connected to logic 0. 
Warning: In design 'msrv_soc_adrdecs__939583', a pin on submodule 'gpiodec' is connected to logic 1 or logic 0. (LINT-32)
   Pin 'Range[20]' is connected to logic 0. 
Warning: In design 'msrv_soc_adrdecs__939583', a pin on submodule 'gpiodec' is connected to logic 1 or logic 0. (LINT-32)
   Pin 'Range[19]' is connected to logic 0. 
Warning: In design 'msrv_soc_adrdecs__939583', a pin on submodule 'gpiodec' is connected to logic 1 or logic 0. (LINT-32)
   Pin 'Range[18]' is connected to logic 0. 
Warning: In design 'msrv_soc_adrdecs__939583', a pin on submodule 'gpiodec' is connected to logic 1 or logic 0. (LINT-32)
   Pin 'Range[17]' is connected to logic 0. 
Warning: In design 'msrv_soc_adrdecs__939583', a pin on submodule 'gpiodec' is connected to logic 1 or logic 0. (LINT-32)
   Pin 'Range[16]' is connected to logic 0. 
Warning: In design 'msrv_soc_adrdecs__939583', a pin on submodule 'gpiodec' is connected to logic 1 or logic 0. (LINT-32)
   Pin 'Range[15]' is connected to logic 0. 
Warning: In design 'msrv_soc_adrdecs__939583', a pin on submodule 'gpiodec' is connected to logic 1 or logic 0. (LINT-32)
   Pin 'Range[14]' is connected to logic 0. 
Warning: In design 'msrv_soc_adrdecs__939583', a pin on submodule 'gpiodec' is connected to logic 1 or logic 0. (LINT-32)
   Pin 'Range[13]' is connected to logic 0. 
Warning: In design 'msrv_soc_adrdecs__939583', a pin on submodule 'gpiodec' is connected to logic 1 or logic 0. (LINT-32)
   Pin 'Range[12]' is connected to logic 0. 
Warning: In design 'msrv_soc_adrdecs__939583', a pin on submodule 'gpiodec' is connected to logic 1 or logic 0. (LINT-32)
   Pin 'Range[11]' is connected to logic 0. 
Warning: In design 'msrv_soc_adrdecs__939583', a pin on submodule 'gpiodec' is connected to logic 1 or logic 0. (LINT-32)
   Pin 'Range[10]' is connected to logic 0. 
Warning: In design 'msrv_soc_adrdecs__939583', a pin on submodule 'gpiodec' is connected to logic 1 or logic 0. (LINT-32)
   Pin 'Range[9]' is connected to logic 0. 
Warning: In design 'msrv_soc_adrdecs__939583', a pin on submodule 'gpiodec' is connected to logic 1 or logic 0. (LINT-32)
   Pin 'Range[8]' is connected to logic 0. 
Warning: In design 'msrv_soc_adrdecs__939583', a pin on submodule 'gpiodec' is connected to logic 1 or logic 0. (LINT-32)
   Pin 'Range[7]' is connected to logic 1. 
Warning: In design 'msrv_soc_adrdecs__939583', a pin on submodule 'gpiodec' is connected to logic 1 or logic 0. (LINT-32)
   Pin 'Range[6]' is connected to logic 1. 
Warning: In design 'msrv_soc_adrdecs__939583', a pin on submodule 'gpiodec' is connected to logic 1 or logic 0. (LINT-32)
   Pin 'Range[5]' is connected to logic 1. 
Warning: In design 'msrv_soc_adrdecs__939583', a pin on submodule 'gpiodec' is connected to logic 1 or logic 0. (LINT-32)
   Pin 'Range[4]' is connected to logic 1. 
Warning: In design 'msrv_soc_adrdecs__939583', a pin on submodule 'gpiodec' is connected to logic 1 or logic 0. (LINT-32)
   Pin 'Range[3]' is connected to logic 1. 
Warning: In design 'msrv_soc_adrdecs__939583', a pin on submodule 'gpiodec' is connected to logic 1 or logic 0. (LINT-32)
   Pin 'Range[2]' is connected to logic 1. 
Warning: In design 'msrv_soc_adrdecs__939583', a pin on submodule 'gpiodec' is connected to logic 1 or logic 0. (LINT-32)
   Pin 'Range[1]' is connected to logic 1. 
Warning: In design 'msrv_soc_adrdecs__939583', a pin on submodule 'gpiodec' is connected to logic 1 or logic 0. (LINT-32)
   Pin 'Range[0]' is connected to logic 1. 
Warning: In design 'msrv_soc_adrdecs__939583', a pin on submodule 'gpiodec' is connected to logic 1 or logic 0. (LINT-32)
   Pin 'Supported' is connected to logic 1. 
Warning: In design 'msrv_soc_adrdecs__939583', a pin on submodule 'gpiodec' is connected to logic 1 or logic 0. (LINT-32)
   Pin 'SizeMask[3]' is connected to logic 0. 
Warning: In design 'msrv_soc_adrdecs__939583', a pin on submodule 'gpiodec' is connected to logic 1 or logic 0. (LINT-32)
   Pin 'SizeMask[2]' is connected to logic 1. 
Warning: In design 'msrv_soc_adrdecs__939583', a pin on submodule 'gpiodec' is connected to logic 1 or logic 0. (LINT-32)
   Pin 'SizeMask[1]' is connected to logic 0. 
Warning: In design 'msrv_soc_adrdecs__939583', a pin on submodule 'gpiodec' is connected to logic 1 or logic 0. (LINT-32)
   Pin 'SizeMask[0]' is connected to logic 0. 
Warning: In design 'msrv_soc_adrdecs__939583', a pin on submodule 'uartdec' is connected to logic 1 or logic 0. (LINT-32)
   Pin 'Base[55]' is connected to logic 0. 
Warning: In design 'msrv_soc_adrdecs__939583', a pin on submodule 'uartdec' is connected to logic 1 or logic 0. (LINT-32)
   Pin 'Base[54]' is connected to logic 0. 
Warning: In design 'msrv_soc_adrdecs__939583', a pin on submodule 'uartdec' is connected to logic 1 or logic 0. (LINT-32)
   Pin 'Base[53]' is connected to logic 0. 
Warning: In design 'msrv_soc_adrdecs__939583', a pin on submodule 'uartdec' is connected to logic 1 or logic 0. (LINT-32)
   Pin 'Base[52]' is connected to logic 0. 
Warning: In design 'msrv_soc_adrdecs__939583', a pin on submodule 'uartdec' is connected to logic 1 or logic 0. (LINT-32)
   Pin 'Base[51]' is connected to logic 0. 
Warning: In design 'msrv_soc_adrdecs__939583', a pin on submodule 'uartdec' is connected to logic 1 or logic 0. (LINT-32)
   Pin 'Base[50]' is connected to logic 0. 
Warning: In design 'msrv_soc_adrdecs__939583', a pin on submodule 'uartdec' is connected to logic 1 or logic 0. (LINT-32)
   Pin 'Base[49]' is connected to logic 0. 
Warning: In design 'msrv_soc_adrdecs__939583', a pin on submodule 'uartdec' is connected to logic 1 or logic 0. (LINT-32)
   Pin 'Base[48]' is connected to logic 0. 
Warning: In design 'msrv_soc_adrdecs__939583', a pin on submodule 'uartdec' is connected to logic 1 or logic 0. (LINT-32)
   Pin 'Base[47]' is connected to logic 0. 
Warning: In design 'msrv_soc_adrdecs__939583', a pin on submodule 'uartdec' is connected to logic 1 or logic 0. (LINT-32)
   Pin 'Base[46]' is connected to logic 0. 
Warning: In design 'msrv_soc_adrdecs__939583', a pin on submodule 'uartdec' is connected to logic 1 or logic 0. (LINT-32)
   Pin 'Base[45]' is connected to logic 0. 
Warning: In design 'msrv_soc_adrdecs__939583', a pin on submodule 'uartdec' is connected to logic 1 or logic 0. (LINT-32)
   Pin 'Base[44]' is connected to logic 0. 
Warning: In design 'msrv_soc_adrdecs__939583', a pin on submodule 'uartdec' is connected to logic 1 or logic 0. (LINT-32)
   Pin 'Base[43]' is connected to logic 0. 
Warning: In design 'msrv_soc_adrdecs__939583', a pin on submodule 'uartdec' is connected to logic 1 or logic 0. (LINT-32)
   Pin 'Base[42]' is connected to logic 0. 
Warning: In design 'msrv_soc_adrdecs__939583', a pin on submodule 'uartdec' is connected to logic 1 or logic 0. (LINT-32)
   Pin 'Base[41]' is connected to logic 0. 
Warning: In design 'msrv_soc_adrdecs__939583', a pin on submodule 'uartdec' is connected to logic 1 or logic 0. (LINT-32)
   Pin 'Base[40]' is connected to logic 0. 
Warning: In design 'msrv_soc_adrdecs__939583', a pin on submodule 'uartdec' is connected to logic 1 or logic 0. (LINT-32)
   Pin 'Base[39]' is connected to logic 0. 
Warning: In design 'msrv_soc_adrdecs__939583', a pin on submodule 'uartdec' is connected to logic 1 or logic 0. (LINT-32)
   Pin 'Base[38]' is connected to logic 0. 
Warning: In design 'msrv_soc_adrdecs__939583', a pin on submodule 'uartdec' is connected to logic 1 or logic 0. (LINT-32)
   Pin 'Base[37]' is connected to logic 0. 
Warning: In design 'msrv_soc_adrdecs__939583', a pin on submodule 'uartdec' is connected to logic 1 or logic 0. (LINT-32)
   Pin 'Base[36]' is connected to logic 0. 
Warning: In design 'msrv_soc_adrdecs__939583', a pin on submodule 'uartdec' is connected to logic 1 or logic 0. (LINT-32)
   Pin 'Base[35]' is connected to logic 0. 
Warning: In design 'msrv_soc_adrdecs__939583', a pin on submodule 'uartdec' is connected to logic 1 or logic 0. (LINT-32)
   Pin 'Base[34]' is connected to logic 0. 
Warning: In design 'msrv_soc_adrdecs__939583', a pin on submodule 'uartdec' is connected to logic 1 or logic 0. (LINT-32)
   Pin 'Base[33]' is connected to logic 0. 
Warning: In design 'msrv_soc_adrdecs__939583', a pin on submodule 'uartdec' is connected to logic 1 or logic 0. (LINT-32)
   Pin 'Base[32]' is connected to logic 0. 
Warning: In design 'msrv_soc_adrdecs__939583', a pin on submodule 'uartdec' is connected to logic 1 or logic 0. (LINT-32)
   Pin 'Base[31]' is connected to logic 0. 
Warning: In design 'msrv_soc_adrdecs__939583', a pin on submodule 'uartdec' is connected to logic 1 or logic 0. (LINT-32)
   Pin 'Base[30]' is connected to logic 0. 
Warning: In design 'msrv_soc_adrdecs__939583', a pin on submodule 'uartdec' is connected to logic 1 or logic 0. (LINT-32)
   Pin 'Base[29]' is connected to logic 0. 
Warning: In design 'msrv_soc_adrdecs__939583', a pin on submodule 'uartdec' is connected to logic 1 or logic 0. (LINT-32)
   Pin 'Base[28]' is connected to logic 1. 
Warning: In design 'msrv_soc_adrdecs__939583', a pin on submodule 'uartdec' is connected to logic 1 or logic 0. (LINT-32)
   Pin 'Base[27]' is connected to logic 0. 
Warning: In design 'msrv_soc_adrdecs__939583', a pin on submodule 'uartdec' is connected to logic 1 or logic 0. (LINT-32)
   Pin 'Base[26]' is connected to logic 0. 
Warning: In design 'msrv_soc_adrdecs__939583', a pin on submodule 'uartdec' is connected to logic 1 or logic 0. (LINT-32)
   Pin 'Base[25]' is connected to logic 0. 
Warning: In design 'msrv_soc_adrdecs__939583', a pin on submodule 'uartdec' is connected to logic 1 or logic 0. (LINT-32)
   Pin 'Base[24]' is connected to logic 0. 
Warning: In design 'msrv_soc_adrdecs__939583', a pin on submodule 'uartdec' is connected to logic 1 or logic 0. (LINT-32)
   Pin 'Base[23]' is connected to logic 0. 
Warning: In design 'msrv_soc_adrdecs__939583', a pin on submodule 'uartdec' is connected to logic 1 or logic 0. (LINT-32)
   Pin 'Base[22]' is connected to logic 0. 
Warning: In design 'msrv_soc_adrdecs__939583', a pin on submodule 'uartdec' is connected to logic 1 or logic 0. (LINT-32)
   Pin 'Base[21]' is connected to logic 0. 
Warning: In design 'msrv_soc_adrdecs__939583', a pin on submodule 'uartdec' is connected to logic 1 or logic 0. (LINT-32)
   Pin 'Base[20]' is connected to logic 0. 
Warning: In design 'msrv_soc_adrdecs__939583', a pin on submodule 'uartdec' is connected to logic 1 or logic 0. (LINT-32)
   Pin 'Base[19]' is connected to logic 0. 
Warning: In design 'msrv_soc_adrdecs__939583', a pin on submodule 'uartdec' is connected to logic 1 or logic 0. (LINT-32)
   Pin 'Base[18]' is connected to logic 0. 
Warning: In design 'msrv_soc_adrdecs__939583', a pin on submodule 'uartdec' is connected to logic 1 or logic 0. (LINT-32)
   Pin 'Base[17]' is connected to logic 0. 
Warning: In design 'msrv_soc_adrdecs__939583', a pin on submodule 'uartdec' is connected to logic 1 or logic 0. (LINT-32)
   Pin 'Base[16]' is connected to logic 0. 
Warning: In design 'msrv_soc_adrdecs__939583', a pin on submodule 'uartdec' is connected to logic 1 or logic 0. (LINT-32)
   Pin 'Base[15]' is connected to logic 0. 
Warning: In design 'msrv_soc_adrdecs__939583', a pin on submodule 'uartdec' is connected to logic 1 or logic 0. (LINT-32)
   Pin 'Base[14]' is connected to logic 0. 
Warning: In design 'msrv_soc_adrdecs__939583', a pin on submodule 'uartdec' is connected to logic 1 or logic 0. (LINT-32)
   Pin 'Base[13]' is connected to logic 0. 
Warning: In design 'msrv_soc_adrdecs__939583', a pin on submodule 'uartdec' is connected to logic 1 or logic 0. (LINT-32)
   Pin 'Base[12]' is connected to logic 0. 
Warning: In design 'msrv_soc_adrdecs__939583', a pin on submodule 'uartdec' is connected to logic 1 or logic 0. (LINT-32)
   Pin 'Base[11]' is connected to logic 0. 
Warning: In design 'msrv_soc_adrdecs__939583', a pin on submodule 'uartdec' is connected to logic 1 or logic 0. (LINT-32)
   Pin 'Base[10]' is connected to logic 0. 
Warning: In design 'msrv_soc_adrdecs__939583', a pin on submodule 'uartdec' is connected to logic 1 or logic 0. (LINT-32)
   Pin 'Base[9]' is connected to logic 0. 
Warning: In design 'msrv_soc_adrdecs__939583', a pin on submodule 'uartdec' is connected to logic 1 or logic 0. (LINT-32)
   Pin 'Base[8]' is connected to logic 0. 
Warning: In design 'msrv_soc_adrdecs__939583', a pin on submodule 'uartdec' is connected to logic 1 or logic 0. (LINT-32)
   Pin 'Base[7]' is connected to logic 0. 
Warning: In design 'msrv_soc_adrdecs__939583', a pin on submodule 'uartdec' is connected to logic 1 or logic 0. (LINT-32)
   Pin 'Base[6]' is connected to logic 0. 
Warning: In design 'msrv_soc_adrdecs__939583', a pin on submodule 'uartdec' is connected to logic 1 or logic 0. (LINT-32)
   Pin 'Base[5]' is connected to logic 0. 
Warning: In design 'msrv_soc_adrdecs__939583', a pin on submodule 'uartdec' is connected to logic 1 or logic 0. (LINT-32)
   Pin 'Base[4]' is connected to logic 0. 
Warning: In design 'msrv_soc_adrdecs__939583', a pin on submodule 'uartdec' is connected to logic 1 or logic 0. (LINT-32)
   Pin 'Base[3]' is connected to logic 0. 
Warning: In design 'msrv_soc_adrdecs__939583', a pin on submodule 'uartdec' is connected to logic 1 or logic 0. (LINT-32)
   Pin 'Base[2]' is connected to logic 0. 
Warning: In design 'msrv_soc_adrdecs__939583', a pin on submodule 'uartdec' is connected to logic 1 or logic 0. (LINT-32)
   Pin 'Base[1]' is connected to logic 0. 
Warning: In design 'msrv_soc_adrdecs__939583', a pin on submodule 'uartdec' is connected to logic 1 or logic 0. (LINT-32)
   Pin 'Base[0]' is connected to logic 0. 
Warning: In design 'msrv_soc_adrdecs__939583', a pin on submodule 'uartdec' is connected to logic 1 or logic 0. (LINT-32)
   Pin 'Range[55]' is connected to logic 0. 
Warning: In design 'msrv_soc_adrdecs__939583', a pin on submodule 'uartdec' is connected to logic 1 or logic 0. (LINT-32)
   Pin 'Range[54]' is connected to logic 0. 
Warning: In design 'msrv_soc_adrdecs__939583', a pin on submodule 'uartdec' is connected to logic 1 or logic 0. (LINT-32)
   Pin 'Range[53]' is connected to logic 0. 
Warning: In design 'msrv_soc_adrdecs__939583', a pin on submodule 'uartdec' is connected to logic 1 or logic 0. (LINT-32)
   Pin 'Range[52]' is connected to logic 0. 
Warning: In design 'msrv_soc_adrdecs__939583', a pin on submodule 'uartdec' is connected to logic 1 or logic 0. (LINT-32)
   Pin 'Range[51]' is connected to logic 0. 
Warning: In design 'msrv_soc_adrdecs__939583', a pin on submodule 'uartdec' is connected to logic 1 or logic 0. (LINT-32)
   Pin 'Range[50]' is connected to logic 0. 
Warning: In design 'msrv_soc_adrdecs__939583', a pin on submodule 'uartdec' is connected to logic 1 or logic 0. (LINT-32)
   Pin 'Range[49]' is connected to logic 0. 
Warning: In design 'msrv_soc_adrdecs__939583', a pin on submodule 'uartdec' is connected to logic 1 or logic 0. (LINT-32)
   Pin 'Range[48]' is connected to logic 0. 
Warning: In design 'msrv_soc_adrdecs__939583', a pin on submodule 'uartdec' is connected to logic 1 or logic 0. (LINT-32)
   Pin 'Range[47]' is connected to logic 0. 
Warning: In design 'msrv_soc_adrdecs__939583', a pin on submodule 'uartdec' is connected to logic 1 or logic 0. (LINT-32)
   Pin 'Range[46]' is connected to logic 0. 
Warning: In design 'msrv_soc_adrdecs__939583', a pin on submodule 'uartdec' is connected to logic 1 or logic 0. (LINT-32)
   Pin 'Range[45]' is connected to logic 0. 
Warning: In design 'msrv_soc_adrdecs__939583', a pin on submodule 'uartdec' is connected to logic 1 or logic 0. (LINT-32)
   Pin 'Range[44]' is connected to logic 0. 
Warning: In design 'msrv_soc_adrdecs__939583', a pin on submodule 'uartdec' is connected to logic 1 or logic 0. (LINT-32)
   Pin 'Range[43]' is connected to logic 0. 
Warning: In design 'msrv_soc_adrdecs__939583', a pin on submodule 'uartdec' is connected to logic 1 or logic 0. (LINT-32)
   Pin 'Range[42]' is connected to logic 0. 
Warning: In design 'msrv_soc_adrdecs__939583', a pin on submodule 'uartdec' is connected to logic 1 or logic 0. (LINT-32)
   Pin 'Range[41]' is connected to logic 0. 
Warning: In design 'msrv_soc_adrdecs__939583', a pin on submodule 'uartdec' is connected to logic 1 or logic 0. (LINT-32)
   Pin 'Range[40]' is connected to logic 0. 
Warning: In design 'msrv_soc_adrdecs__939583', a pin on submodule 'uartdec' is connected to logic 1 or logic 0. (LINT-32)
   Pin 'Range[39]' is connected to logic 0. 
Warning: In design 'msrv_soc_adrdecs__939583', a pin on submodule 'uartdec' is connected to logic 1 or logic 0. (LINT-32)
   Pin 'Range[38]' is connected to logic 0. 
Warning: In design 'msrv_soc_adrdecs__939583', a pin on submodule 'uartdec' is connected to logic 1 or logic 0. (LINT-32)
   Pin 'Range[37]' is connected to logic 0. 
Warning: In design 'msrv_soc_adrdecs__939583', a pin on submodule 'uartdec' is connected to logic 1 or logic 0. (LINT-32)
   Pin 'Range[36]' is connected to logic 0. 
Warning: In design 'msrv_soc_adrdecs__939583', a pin on submodule 'uartdec' is connected to logic 1 or logic 0. (LINT-32)
   Pin 'Range[35]' is connected to logic 0. 
Warning: In design 'msrv_soc_adrdecs__939583', a pin on submodule 'uartdec' is connected to logic 1 or logic 0. (LINT-32)
   Pin 'Range[34]' is connected to logic 0. 
Warning: In design 'msrv_soc_adrdecs__939583', a pin on submodule 'uartdec' is connected to logic 1 or logic 0. (LINT-32)
   Pin 'Range[33]' is connected to logic 0. 
Warning: In design 'msrv_soc_adrdecs__939583', a pin on submodule 'uartdec' is connected to logic 1 or logic 0. (LINT-32)
   Pin 'Range[32]' is connected to logic 0. 
Warning: In design 'msrv_soc_adrdecs__939583', a pin on submodule 'uartdec' is connected to logic 1 or logic 0. (LINT-32)
   Pin 'Range[31]' is connected to logic 0. 
Warning: In design 'msrv_soc_adrdecs__939583', a pin on submodule 'uartdec' is connected to logic 1 or logic 0. (LINT-32)
   Pin 'Range[30]' is connected to logic 0. 
Warning: In design 'msrv_soc_adrdecs__939583', a pin on submodule 'uartdec' is connected to logic 1 or logic 0. (LINT-32)
   Pin 'Range[29]' is connected to logic 0. 
Warning: In design 'msrv_soc_adrdecs__939583', a pin on submodule 'uartdec' is connected to logic 1 or logic 0. (LINT-32)
   Pin 'Range[28]' is connected to logic 0. 
Warning: In design 'msrv_soc_adrdecs__939583', a pin on submodule 'uartdec' is connected to logic 1 or logic 0. (LINT-32)
   Pin 'Range[27]' is connected to logic 0. 
Warning: In design 'msrv_soc_adrdecs__939583', a pin on submodule 'uartdec' is connected to logic 1 or logic 0. (LINT-32)
   Pin 'Range[26]' is connected to logic 0. 
Warning: In design 'msrv_soc_adrdecs__939583', a pin on submodule 'uartdec' is connected to logic 1 or logic 0. (LINT-32)
   Pin 'Range[25]' is connected to logic 0. 
Warning: In design 'msrv_soc_adrdecs__939583', a pin on submodule 'uartdec' is connected to logic 1 or logic 0. (LINT-32)
   Pin 'Range[24]' is connected to logic 0. 
Warning: In design 'msrv_soc_adrdecs__939583', a pin on submodule 'uartdec' is connected to logic 1 or logic 0. (LINT-32)
   Pin 'Range[23]' is connected to logic 0. 
Warning: In design 'msrv_soc_adrdecs__939583', a pin on submodule 'uartdec' is connected to logic 1 or logic 0. (LINT-32)
   Pin 'Range[22]' is connected to logic 0. 
Warning: In design 'msrv_soc_adrdecs__939583', a pin on submodule 'uartdec' is connected to logic 1 or logic 0. (LINT-32)
   Pin 'Range[21]' is connected to logic 0. 
Warning: In design 'msrv_soc_adrdecs__939583', a pin on submodule 'uartdec' is connected to logic 1 or logic 0. (LINT-32)
   Pin 'Range[20]' is connected to logic 0. 
Warning: In design 'msrv_soc_adrdecs__939583', a pin on submodule 'uartdec' is connected to logic 1 or logic 0. (LINT-32)
   Pin 'Range[19]' is connected to logic 0. 
Warning: In design 'msrv_soc_adrdecs__939583', a pin on submodule 'uartdec' is connected to logic 1 or logic 0. (LINT-32)
   Pin 'Range[18]' is connected to logic 0. 
Warning: In design 'msrv_soc_adrdecs__939583', a pin on submodule 'uartdec' is connected to logic 1 or logic 0. (LINT-32)
   Pin 'Range[17]' is connected to logic 0. 
Warning: In design 'msrv_soc_adrdecs__939583', a pin on submodule 'uartdec' is connected to logic 1 or logic 0. (LINT-32)
   Pin 'Range[16]' is connected to logic 0. 
Warning: In design 'msrv_soc_adrdecs__939583', a pin on submodule 'uartdec' is connected to logic 1 or logic 0. (LINT-32)
   Pin 'Range[15]' is connected to logic 0. 
Warning: In design 'msrv_soc_adrdecs__939583', a pin on submodule 'uartdec' is connected to logic 1 or logic 0. (LINT-32)
   Pin 'Range[14]' is connected to logic 0. 
Warning: In design 'msrv_soc_adrdecs__939583', a pin on submodule 'uartdec' is connected to logic 1 or logic 0. (LINT-32)
   Pin 'Range[13]' is connected to logic 0. 
Warning: In design 'msrv_soc_adrdecs__939583', a pin on submodule 'uartdec' is connected to logic 1 or logic 0. (LINT-32)
   Pin 'Range[12]' is connected to logic 0. 
Warning: In design 'msrv_soc_adrdecs__939583', a pin on submodule 'uartdec' is connected to logic 1 or logic 0. (LINT-32)
   Pin 'Range[11]' is connected to logic 0. 
Warning: In design 'msrv_soc_adrdecs__939583', a pin on submodule 'uartdec' is connected to logic 1 or logic 0. (LINT-32)
   Pin 'Range[10]' is connected to logic 0. 
Warning: In design 'msrv_soc_adrdecs__939583', a pin on submodule 'uartdec' is connected to logic 1 or logic 0. (LINT-32)
   Pin 'Range[9]' is connected to logic 0. 
Warning: In design 'msrv_soc_adrdecs__939583', a pin on submodule 'uartdec' is connected to logic 1 or logic 0. (LINT-32)
   Pin 'Range[8]' is connected to logic 0. 
Warning: In design 'msrv_soc_adrdecs__939583', a pin on submodule 'uartdec' is connected to logic 1 or logic 0. (LINT-32)
   Pin 'Range[7]' is connected to logic 0. 
Warning: In design 'msrv_soc_adrdecs__939583', a pin on submodule 'uartdec' is connected to logic 1 or logic 0. (LINT-32)
   Pin 'Range[6]' is connected to logic 0. 
Warning: In design 'msrv_soc_adrdecs__939583', a pin on submodule 'uartdec' is connected to logic 1 or logic 0. (LINT-32)
   Pin 'Range[5]' is connected to logic 0. 
Warning: In design 'msrv_soc_adrdecs__939583', a pin on submodule 'uartdec' is connected to logic 1 or logic 0. (LINT-32)
   Pin 'Range[4]' is connected to logic 0. 
Warning: In design 'msrv_soc_adrdecs__939583', a pin on submodule 'uartdec' is connected to logic 1 or logic 0. (LINT-32)
   Pin 'Range[3]' is connected to logic 0. 
Warning: In design 'msrv_soc_adrdecs__939583', a pin on submodule 'uartdec' is connected to logic 1 or logic 0. (LINT-32)
   Pin 'Range[2]' is connected to logic 1. 
Warning: In design 'msrv_soc_adrdecs__939583', a pin on submodule 'uartdec' is connected to logic 1 or logic 0. (LINT-32)
   Pin 'Range[1]' is connected to logic 1. 
Warning: In design 'msrv_soc_adrdecs__939583', a pin on submodule 'uartdec' is connected to logic 1 or logic 0. (LINT-32)
   Pin 'Range[0]' is connected to logic 1. 
Warning: In design 'msrv_soc_adrdecs__939583', a pin on submodule 'uartdec' is connected to logic 1 or logic 0. (LINT-32)
   Pin 'Supported' is connected to logic 1. 
Warning: In design 'msrv_soc_adrdecs__939583', a pin on submodule 'uartdec' is connected to logic 1 or logic 0. (LINT-32)
   Pin 'SizeMask[3]' is connected to logic 0. 
Warning: In design 'msrv_soc_adrdecs__939583', a pin on submodule 'uartdec' is connected to logic 1 or logic 0. (LINT-32)
   Pin 'SizeMask[2]' is connected to logic 0. 
Warning: In design 'msrv_soc_adrdecs__939583', a pin on submodule 'uartdec' is connected to logic 1 or logic 0. (LINT-32)
   Pin 'SizeMask[1]' is connected to logic 0. 
Warning: In design 'msrv_soc_adrdecs__939583', a pin on submodule 'uartdec' is connected to logic 1 or logic 0. (LINT-32)
   Pin 'SizeMask[0]' is connected to logic 1. 
Warning: In design 'msrv_soc_adrdecs__939583', a pin on submodule 'plicdec' is connected to logic 1 or logic 0. (LINT-32)
   Pin 'Base[55]' is connected to logic 0. 
Warning: In design 'msrv_soc_adrdecs__939583', a pin on submodule 'plicdec' is connected to logic 1 or logic 0. (LINT-32)
   Pin 'Base[54]' is connected to logic 0. 
Warning: In design 'msrv_soc_adrdecs__939583', a pin on submodule 'plicdec' is connected to logic 1 or logic 0. (LINT-32)
   Pin 'Base[53]' is connected to logic 0. 
Warning: In design 'msrv_soc_adrdecs__939583', a pin on submodule 'plicdec' is connected to logic 1 or logic 0. (LINT-32)
   Pin 'Base[52]' is connected to logic 0. 
Warning: In design 'msrv_soc_adrdecs__939583', a pin on submodule 'plicdec' is connected to logic 1 or logic 0. (LINT-32)
   Pin 'Base[51]' is connected to logic 0. 
Warning: In design 'msrv_soc_adrdecs__939583', a pin on submodule 'plicdec' is connected to logic 1 or logic 0. (LINT-32)
   Pin 'Base[50]' is connected to logic 0. 
Warning: In design 'msrv_soc_adrdecs__939583', a pin on submodule 'plicdec' is connected to logic 1 or logic 0. (LINT-32)
   Pin 'Base[49]' is connected to logic 0. 
Warning: In design 'msrv_soc_adrdecs__939583', a pin on submodule 'plicdec' is connected to logic 1 or logic 0. (LINT-32)
   Pin 'Base[48]' is connected to logic 0. 
Warning: In design 'msrv_soc_adrdecs__939583', a pin on submodule 'plicdec' is connected to logic 1 or logic 0. (LINT-32)
   Pin 'Base[47]' is connected to logic 0. 
Warning: In design 'msrv_soc_adrdecs__939583', a pin on submodule 'plicdec' is connected to logic 1 or logic 0. (LINT-32)
   Pin 'Base[46]' is connected to logic 0. 
Warning: In design 'msrv_soc_adrdecs__939583', a pin on submodule 'plicdec' is connected to logic 1 or logic 0. (LINT-32)
   Pin 'Base[45]' is connected to logic 0. 
Warning: In design 'msrv_soc_adrdecs__939583', a pin on submodule 'plicdec' is connected to logic 1 or logic 0. (LINT-32)
   Pin 'Base[44]' is connected to logic 0. 
Warning: In design 'msrv_soc_adrdecs__939583', a pin on submodule 'plicdec' is connected to logic 1 or logic 0. (LINT-32)
   Pin 'Base[43]' is connected to logic 0. 
Warning: In design 'msrv_soc_adrdecs__939583', a pin on submodule 'plicdec' is connected to logic 1 or logic 0. (LINT-32)
   Pin 'Base[42]' is connected to logic 0. 
Warning: In design 'msrv_soc_adrdecs__939583', a pin on submodule 'plicdec' is connected to logic 1 or logic 0. (LINT-32)
   Pin 'Base[41]' is connected to logic 0. 
Warning: In design 'msrv_soc_adrdecs__939583', a pin on submodule 'plicdec' is connected to logic 1 or logic 0. (LINT-32)
   Pin 'Base[40]' is connected to logic 0. 
Warning: In design 'msrv_soc_adrdecs__939583', a pin on submodule 'plicdec' is connected to logic 1 or logic 0. (LINT-32)
   Pin 'Base[39]' is connected to logic 0. 
Warning: In design 'msrv_soc_adrdecs__939583', a pin on submodule 'plicdec' is connected to logic 1 or logic 0. (LINT-32)
   Pin 'Base[38]' is connected to logic 0. 
Warning: In design 'msrv_soc_adrdecs__939583', a pin on submodule 'plicdec' is connected to logic 1 or logic 0. (LINT-32)
   Pin 'Base[37]' is connected to logic 0. 
Warning: In design 'msrv_soc_adrdecs__939583', a pin on submodule 'plicdec' is connected to logic 1 or logic 0. (LINT-32)
   Pin 'Base[36]' is connected to logic 0. 
Warning: In design 'msrv_soc_adrdecs__939583', a pin on submodule 'plicdec' is connected to logic 1 or logic 0. (LINT-32)
   Pin 'Base[35]' is connected to logic 0. 
Warning: In design 'msrv_soc_adrdecs__939583', a pin on submodule 'plicdec' is connected to logic 1 or logic 0. (LINT-32)
   Pin 'Base[34]' is connected to logic 0. 
Warning: In design 'msrv_soc_adrdecs__939583', a pin on submodule 'plicdec' is connected to logic 1 or logic 0. (LINT-32)
   Pin 'Base[33]' is connected to logic 0. 
Warning: In design 'msrv_soc_adrdecs__939583', a pin on submodule 'plicdec' is connected to logic 1 or logic 0. (LINT-32)
   Pin 'Base[32]' is connected to logic 0. 
Warning: In design 'msrv_soc_adrdecs__939583', a pin on submodule 'plicdec' is connected to logic 1 or logic 0. (LINT-32)
   Pin 'Base[31]' is connected to logic 0. 
Warning: In design 'msrv_soc_adrdecs__939583', a pin on submodule 'plicdec' is connected to logic 1 or logic 0. (LINT-32)
   Pin 'Base[30]' is connected to logic 0. 
Warning: In design 'msrv_soc_adrdecs__939583', a pin on submodule 'plicdec' is connected to logic 1 or logic 0. (LINT-32)
   Pin 'Base[29]' is connected to logic 0. 
Warning: In design 'msrv_soc_adrdecs__939583', a pin on submodule 'plicdec' is connected to logic 1 or logic 0. (LINT-32)
   Pin 'Base[28]' is connected to logic 0. 
Warning: In design 'msrv_soc_adrdecs__939583', a pin on submodule 'plicdec' is connected to logic 1 or logic 0. (LINT-32)
   Pin 'Base[27]' is connected to logic 1. 
Warning: In design 'msrv_soc_adrdecs__939583', a pin on submodule 'plicdec' is connected to logic 1 or logic 0. (LINT-32)
   Pin 'Base[26]' is connected to logic 1. 
Warning: In design 'msrv_soc_adrdecs__939583', a pin on submodule 'plicdec' is connected to logic 1 or logic 0. (LINT-32)
   Pin 'Base[25]' is connected to logic 0. 
Warning: In design 'msrv_soc_adrdecs__939583', a pin on submodule 'plicdec' is connected to logic 1 or logic 0. (LINT-32)
   Pin 'Base[24]' is connected to logic 0. 
Warning: In design 'msrv_soc_adrdecs__939583', a pin on submodule 'plicdec' is connected to logic 1 or logic 0. (LINT-32)
   Pin 'Base[23]' is connected to logic 0. 
Warning: In design 'msrv_soc_adrdecs__939583', a pin on submodule 'plicdec' is connected to logic 1 or logic 0. (LINT-32)
   Pin 'Base[22]' is connected to logic 0. 
Warning: In design 'msrv_soc_adrdecs__939583', a pin on submodule 'plicdec' is connected to logic 1 or logic 0. (LINT-32)
   Pin 'Base[21]' is connected to logic 0. 
Warning: In design 'msrv_soc_adrdecs__939583', a pin on submodule 'plicdec' is connected to logic 1 or logic 0. (LINT-32)
   Pin 'Base[20]' is connected to logic 0. 
Warning: In design 'msrv_soc_adrdecs__939583', a pin on submodule 'plicdec' is connected to logic 1 or logic 0. (LINT-32)
   Pin 'Base[19]' is connected to logic 0. 
Warning: In design 'msrv_soc_adrdecs__939583', a pin on submodule 'plicdec' is connected to logic 1 or logic 0. (LINT-32)
   Pin 'Base[18]' is connected to logic 0. 
Warning: In design 'msrv_soc_adrdecs__939583', a pin on submodule 'plicdec' is connected to logic 1 or logic 0. (LINT-32)
   Pin 'Base[17]' is connected to logic 0. 
Warning: In design 'msrv_soc_adrdecs__939583', a pin on submodule 'plicdec' is connected to logic 1 or logic 0. (LINT-32)
   Pin 'Base[16]' is connected to logic 0. 
Warning: In design 'msrv_soc_adrdecs__939583', a pin on submodule 'plicdec' is connected to logic 1 or logic 0. (LINT-32)
   Pin 'Base[15]' is connected to logic 0. 
Warning: In design 'msrv_soc_adrdecs__939583', a pin on submodule 'plicdec' is connected to logic 1 or logic 0. (LINT-32)
   Pin 'Base[14]' is connected to logic 0. 
Warning: In design 'msrv_soc_adrdecs__939583', a pin on submodule 'plicdec' is connected to logic 1 or logic 0. (LINT-32)
   Pin 'Base[13]' is connected to logic 0. 
Warning: In design 'msrv_soc_adrdecs__939583', a pin on submodule 'plicdec' is connected to logic 1 or logic 0. (LINT-32)
   Pin 'Base[12]' is connected to logic 0. 
Warning: In design 'msrv_soc_adrdecs__939583', a pin on submodule 'plicdec' is connected to logic 1 or logic 0. (LINT-32)
   Pin 'Base[11]' is connected to logic 0. 
Warning: In design 'msrv_soc_adrdecs__939583', a pin on submodule 'plicdec' is connected to logic 1 or logic 0. (LINT-32)
   Pin 'Base[10]' is connected to logic 0. 
Warning: In design 'msrv_soc_adrdecs__939583', a pin on submodule 'plicdec' is connected to logic 1 or logic 0. (LINT-32)
   Pin 'Base[9]' is connected to logic 0. 
Warning: In design 'msrv_soc_adrdecs__939583', a pin on submodule 'plicdec' is connected to logic 1 or logic 0. (LINT-32)
   Pin 'Base[8]' is connected to logic 0. 
Warning: In design 'msrv_soc_adrdecs__939583', a pin on submodule 'plicdec' is connected to logic 1 or logic 0. (LINT-32)
   Pin 'Base[7]' is connected to logic 0. 
Warning: In design 'msrv_soc_adrdecs__939583', a pin on submodule 'plicdec' is connected to logic 1 or logic 0. (LINT-32)
   Pin 'Base[6]' is connected to logic 0. 
Warning: In design 'msrv_soc_adrdecs__939583', a pin on submodule 'plicdec' is connected to logic 1 or logic 0. (LINT-32)
   Pin 'Base[5]' is connected to logic 0. 
Warning: In design 'msrv_soc_adrdecs__939583', a pin on submodule 'plicdec' is connected to logic 1 or logic 0. (LINT-32)
   Pin 'Base[4]' is connected to logic 0. 
Warning: In design 'msrv_soc_adrdecs__939583', a pin on submodule 'plicdec' is connected to logic 1 or logic 0. (LINT-32)
   Pin 'Base[3]' is connected to logic 0. 
Warning: In design 'msrv_soc_adrdecs__939583', a pin on submodule 'plicdec' is connected to logic 1 or logic 0. (LINT-32)
   Pin 'Base[2]' is connected to logic 0. 
Warning: In design 'msrv_soc_adrdecs__939583', a pin on submodule 'plicdec' is connected to logic 1 or logic 0. (LINT-32)
   Pin 'Base[1]' is connected to logic 0. 
Warning: In design 'msrv_soc_adrdecs__939583', a pin on submodule 'plicdec' is connected to logic 1 or logic 0. (LINT-32)
   Pin 'Base[0]' is connected to logic 0. 
Warning: In design 'msrv_soc_adrdecs__939583', a pin on submodule 'plicdec' is connected to logic 1 or logic 0. (LINT-32)
   Pin 'Range[55]' is connected to logic 0. 
Warning: In design 'msrv_soc_adrdecs__939583', a pin on submodule 'plicdec' is connected to logic 1 or logic 0. (LINT-32)
   Pin 'Range[54]' is connected to logic 0. 
Warning: In design 'msrv_soc_adrdecs__939583', a pin on submodule 'plicdec' is connected to logic 1 or logic 0. (LINT-32)
   Pin 'Range[53]' is connected to logic 0. 
Warning: In design 'msrv_soc_adrdecs__939583', a pin on submodule 'plicdec' is connected to logic 1 or logic 0. (LINT-32)
   Pin 'Range[52]' is connected to logic 0. 
Warning: In design 'msrv_soc_adrdecs__939583', a pin on submodule 'plicdec' is connected to logic 1 or logic 0. (LINT-32)
   Pin 'Range[51]' is connected to logic 0. 
Warning: In design 'msrv_soc_adrdecs__939583', a pin on submodule 'plicdec' is connected to logic 1 or logic 0. (LINT-32)
   Pin 'Range[50]' is connected to logic 0. 
Warning: In design 'msrv_soc_adrdecs__939583', a pin on submodule 'plicdec' is connected to logic 1 or logic 0. (LINT-32)
   Pin 'Range[49]' is connected to logic 0. 
Warning: In design 'msrv_soc_adrdecs__939583', a pin on submodule 'plicdec' is connected to logic 1 or logic 0. (LINT-32)
   Pin 'Range[48]' is connected to logic 0. 
Warning: In design 'msrv_soc_adrdecs__939583', a pin on submodule 'plicdec' is connected to logic 1 or logic 0. (LINT-32)
   Pin 'Range[47]' is connected to logic 0. 
Warning: In design 'msrv_soc_adrdecs__939583', a pin on submodule 'plicdec' is connected to logic 1 or logic 0. (LINT-32)
   Pin 'Range[46]' is connected to logic 0. 
Warning: In design 'msrv_soc_adrdecs__939583', a pin on submodule 'plicdec' is connected to logic 1 or logic 0. (LINT-32)
   Pin 'Range[45]' is connected to logic 0. 
Warning: In design 'msrv_soc_adrdecs__939583', a pin on submodule 'plicdec' is connected to logic 1 or logic 0. (LINT-32)
   Pin 'Range[44]' is connected to logic 0. 
Warning: In design 'msrv_soc_adrdecs__939583', a pin on submodule 'plicdec' is connected to logic 1 or logic 0. (LINT-32)
   Pin 'Range[43]' is connected to logic 0. 
Warning: In design 'msrv_soc_adrdecs__939583', a pin on submodule 'plicdec' is connected to logic 1 or logic 0. (LINT-32)
   Pin 'Range[42]' is connected to logic 0. 
Warning: In design 'msrv_soc_adrdecs__939583', a pin on submodule 'plicdec' is connected to logic 1 or logic 0. (LINT-32)
   Pin 'Range[41]' is connected to logic 0. 
Warning: In design 'msrv_soc_adrdecs__939583', a pin on submodule 'plicdec' is connected to logic 1 or logic 0. (LINT-32)
   Pin 'Range[40]' is connected to logic 0. 
Warning: In design 'msrv_soc_adrdecs__939583', a pin on submodule 'plicdec' is connected to logic 1 or logic 0. (LINT-32)
   Pin 'Range[39]' is connected to logic 0. 
Warning: In design 'msrv_soc_adrdecs__939583', a pin on submodule 'plicdec' is connected to logic 1 or logic 0. (LINT-32)
   Pin 'Range[38]' is connected to logic 0. 
Warning: In design 'msrv_soc_adrdecs__939583', a pin on submodule 'plicdec' is connected to logic 1 or logic 0. (LINT-32)
   Pin 'Range[37]' is connected to logic 0. 
Warning: In design 'msrv_soc_adrdecs__939583', a pin on submodule 'plicdec' is connected to logic 1 or logic 0. (LINT-32)
   Pin 'Range[36]' is connected to logic 0. 
Warning: In design 'msrv_soc_adrdecs__939583', a pin on submodule 'plicdec' is connected to logic 1 or logic 0. (LINT-32)
   Pin 'Range[35]' is connected to logic 0. 
Warning: In design 'msrv_soc_adrdecs__939583', a pin on submodule 'plicdec' is connected to logic 1 or logic 0. (LINT-32)
   Pin 'Range[34]' is connected to logic 0. 
Warning: In design 'msrv_soc_adrdecs__939583', a pin on submodule 'plicdec' is connected to logic 1 or logic 0. (LINT-32)
   Pin 'Range[33]' is connected to logic 0. 
Warning: In design 'msrv_soc_adrdecs__939583', a pin on submodule 'plicdec' is connected to logic 1 or logic 0. (LINT-32)
   Pin 'Range[32]' is connected to logic 0. 
Warning: In design 'msrv_soc_adrdecs__939583', a pin on submodule 'plicdec' is connected to logic 1 or logic 0. (LINT-32)
   Pin 'Range[31]' is connected to logic 0. 
Warning: In design 'msrv_soc_adrdecs__939583', a pin on submodule 'plicdec' is connected to logic 1 or logic 0. (LINT-32)
   Pin 'Range[30]' is connected to logic 0. 
Warning: In design 'msrv_soc_adrdecs__939583', a pin on submodule 'plicdec' is connected to logic 1 or logic 0. (LINT-32)
   Pin 'Range[29]' is connected to logic 0. 
Warning: In design 'msrv_soc_adrdecs__939583', a pin on submodule 'plicdec' is connected to logic 1 or logic 0. (LINT-32)
   Pin 'Range[28]' is connected to logic 0. 
Warning: In design 'msrv_soc_adrdecs__939583', a pin on submodule 'plicdec' is connected to logic 1 or logic 0. (LINT-32)
   Pin 'Range[27]' is connected to logic 0. 
Warning: In design 'msrv_soc_adrdecs__939583', a pin on submodule 'plicdec' is connected to logic 1 or logic 0. (LINT-32)
   Pin 'Range[26]' is connected to logic 0. 
Warning: In design 'msrv_soc_adrdecs__939583', a pin on submodule 'plicdec' is connected to logic 1 or logic 0. (LINT-32)
   Pin 'Range[25]' is connected to logic 1. 
Warning: In design 'msrv_soc_adrdecs__939583', a pin on submodule 'plicdec' is connected to logic 1 or logic 0. (LINT-32)
   Pin 'Range[24]' is connected to logic 1. 
Warning: In design 'msrv_soc_adrdecs__939583', a pin on submodule 'plicdec' is connected to logic 1 or logic 0. (LINT-32)
   Pin 'Range[23]' is connected to logic 1. 
Warning: In design 'msrv_soc_adrdecs__939583', a pin on submodule 'plicdec' is connected to logic 1 or logic 0. (LINT-32)
   Pin 'Range[22]' is connected to logic 1. 
Warning: In design 'msrv_soc_adrdecs__939583', a pin on submodule 'plicdec' is connected to logic 1 or logic 0. (LINT-32)
   Pin 'Range[21]' is connected to logic 1. 
Warning: In design 'msrv_soc_adrdecs__939583', a pin on submodule 'plicdec' is connected to logic 1 or logic 0. (LINT-32)
   Pin 'Range[20]' is connected to logic 1. 
Warning: In design 'msrv_soc_adrdecs__939583', a pin on submodule 'plicdec' is connected to logic 1 or logic 0. (LINT-32)
   Pin 'Range[19]' is connected to logic 1. 
Warning: In design 'msrv_soc_adrdecs__939583', a pin on submodule 'plicdec' is connected to logic 1 or logic 0. (LINT-32)
   Pin 'Range[18]' is connected to logic 1. 
Warning: In design 'msrv_soc_adrdecs__939583', a pin on submodule 'plicdec' is connected to logic 1 or logic 0. (LINT-32)
   Pin 'Range[17]' is connected to logic 1. 
Warning: In design 'msrv_soc_adrdecs__939583', a pin on submodule 'plicdec' is connected to logic 1 or logic 0. (LINT-32)
   Pin 'Range[16]' is connected to logic 1. 
Warning: In design 'msrv_soc_adrdecs__939583', a pin on submodule 'plicdec' is connected to logic 1 or logic 0. (LINT-32)
   Pin 'Range[15]' is connected to logic 1. 
Warning: In design 'msrv_soc_adrdecs__939583', a pin on submodule 'plicdec' is connected to logic 1 or logic 0. (LINT-32)
   Pin 'Range[14]' is connected to logic 1. 
Warning: In design 'msrv_soc_adrdecs__939583', a pin on submodule 'plicdec' is connected to logic 1 or logic 0. (LINT-32)
   Pin 'Range[13]' is connected to logic 1. 
Warning: In design 'msrv_soc_adrdecs__939583', a pin on submodule 'plicdec' is connected to logic 1 or logic 0. (LINT-32)
   Pin 'Range[12]' is connected to logic 1. 
Warning: In design 'msrv_soc_adrdecs__939583', a pin on submodule 'plicdec' is connected to logic 1 or logic 0. (LINT-32)
   Pin 'Range[11]' is connected to logic 1. 
Warning: In design 'msrv_soc_adrdecs__939583', a pin on submodule 'plicdec' is connected to logic 1 or logic 0. (LINT-32)
   Pin 'Range[10]' is connected to logic 1. 
Warning: In design 'msrv_soc_adrdecs__939583', a pin on submodule 'plicdec' is connected to logic 1 or logic 0. (LINT-32)
   Pin 'Range[9]' is connected to logic 1. 
Warning: In design 'msrv_soc_adrdecs__939583', a pin on submodule 'plicdec' is connected to logic 1 or logic 0. (LINT-32)
   Pin 'Range[8]' is connected to logic 1. 
Warning: In design 'msrv_soc_adrdecs__939583', a pin on submodule 'plicdec' is connected to logic 1 or logic 0. (LINT-32)
   Pin 'Range[7]' is connected to logic 1. 
Warning: In design 'msrv_soc_adrdecs__939583', a pin on submodule 'plicdec' is connected to logic 1 or logic 0. (LINT-32)
   Pin 'Range[6]' is connected to logic 1. 
Warning: In design 'msrv_soc_adrdecs__939583', a pin on submodule 'plicdec' is connected to logic 1 or logic 0. (LINT-32)
   Pin 'Range[5]' is connected to logic 1. 
Warning: In design 'msrv_soc_adrdecs__939583', a pin on submodule 'plicdec' is connected to logic 1 or logic 0. (LINT-32)
   Pin 'Range[4]' is connected to logic 1. 
Warning: In design 'msrv_soc_adrdecs__939583', a pin on submodule 'plicdec' is connected to logic 1 or logic 0. (LINT-32)
   Pin 'Range[3]' is connected to logic 1. 
Warning: In design 'msrv_soc_adrdecs__939583', a pin on submodule 'plicdec' is connected to logic 1 or logic 0. (LINT-32)
   Pin 'Range[2]' is connected to logic 1. 
Warning: In design 'msrv_soc_adrdecs__939583', a pin on submodule 'plicdec' is connected to logic 1 or logic 0. (LINT-32)
   Pin 'Range[1]' is connected to logic 1. 
Warning: In design 'msrv_soc_adrdecs__939583', a pin on submodule 'plicdec' is connected to logic 1 or logic 0. (LINT-32)
   Pin 'Range[0]' is connected to logic 1. 
Warning: In design 'msrv_soc_adrdecs__939583', a pin on submodule 'plicdec' is connected to logic 1 or logic 0. (LINT-32)
   Pin 'Supported' is connected to logic 1. 
Warning: In design 'msrv_soc_adrdecs__939583', a pin on submodule 'plicdec' is connected to logic 1 or logic 0. (LINT-32)
   Pin 'SizeMask[3]' is connected to logic 0. 
Warning: In design 'msrv_soc_adrdecs__939583', a pin on submodule 'plicdec' is connected to logic 1 or logic 0. (LINT-32)
   Pin 'SizeMask[2]' is connected to logic 1. 
Warning: In design 'msrv_soc_adrdecs__939583', a pin on submodule 'plicdec' is connected to logic 1 or logic 0. (LINT-32)
   Pin 'SizeMask[1]' is connected to logic 0. 
Warning: In design 'msrv_soc_adrdecs__939583', a pin on submodule 'plicdec' is connected to logic 1 or logic 0. (LINT-32)
   Pin 'SizeMask[0]' is connected to logic 0. 
Warning: In design 'msrv_soc_adrdecs__939583', a pin on submodule 'sdcdec' is connected to logic 1 or logic 0. (LINT-32)
   Pin 'Base[55]' is connected to logic 0. 
Warning: In design 'msrv_soc_adrdecs__939583', a pin on submodule 'sdcdec' is connected to logic 1 or logic 0. (LINT-32)
   Pin 'Base[54]' is connected to logic 0. 
Warning: In design 'msrv_soc_adrdecs__939583', a pin on submodule 'sdcdec' is connected to logic 1 or logic 0. (LINT-32)
   Pin 'Base[53]' is connected to logic 0. 
Warning: In design 'msrv_soc_adrdecs__939583', a pin on submodule 'sdcdec' is connected to logic 1 or logic 0. (LINT-32)
   Pin 'Base[52]' is connected to logic 0. 
Warning: In design 'msrv_soc_adrdecs__939583', a pin on submodule 'sdcdec' is connected to logic 1 or logic 0. (LINT-32)
   Pin 'Base[51]' is connected to logic 0. 
Warning: In design 'msrv_soc_adrdecs__939583', a pin on submodule 'sdcdec' is connected to logic 1 or logic 0. (LINT-32)
   Pin 'Base[50]' is connected to logic 0. 
Warning: In design 'msrv_soc_adrdecs__939583', a pin on submodule 'sdcdec' is connected to logic 1 or logic 0. (LINT-32)
   Pin 'Base[49]' is connected to logic 0. 
Warning: In design 'msrv_soc_adrdecs__939583', a pin on submodule 'sdcdec' is connected to logic 1 or logic 0. (LINT-32)
   Pin 'Base[48]' is connected to logic 0. 
Warning: In design 'msrv_soc_adrdecs__939583', a pin on submodule 'sdcdec' is connected to logic 1 or logic 0. (LINT-32)
   Pin 'Base[47]' is connected to logic 0. 
Warning: In design 'msrv_soc_adrdecs__939583', a pin on submodule 'sdcdec' is connected to logic 1 or logic 0. (LINT-32)
   Pin 'Base[46]' is connected to logic 0. 
Warning: In design 'msrv_soc_adrdecs__939583', a pin on submodule 'sdcdec' is connected to logic 1 or logic 0. (LINT-32)
   Pin 'Base[45]' is connected to logic 0. 
Warning: In design 'msrv_soc_adrdecs__939583', a pin on submodule 'sdcdec' is connected to logic 1 or logic 0. (LINT-32)
   Pin 'Base[44]' is connected to logic 0. 
Warning: In design 'msrv_soc_adrdecs__939583', a pin on submodule 'sdcdec' is connected to logic 1 or logic 0. (LINT-32)
   Pin 'Base[43]' is connected to logic 0. 
Warning: In design 'msrv_soc_adrdecs__939583', a pin on submodule 'sdcdec' is connected to logic 1 or logic 0. (LINT-32)
   Pin 'Base[42]' is connected to logic 0. 
Warning: In design 'msrv_soc_adrdecs__939583', a pin on submodule 'sdcdec' is connected to logic 1 or logic 0. (LINT-32)
   Pin 'Base[41]' is connected to logic 0. 
Warning: In design 'msrv_soc_adrdecs__939583', a pin on submodule 'sdcdec' is connected to logic 1 or logic 0. (LINT-32)
   Pin 'Base[40]' is connected to logic 0. 
Warning: In design 'msrv_soc_adrdecs__939583', a pin on submodule 'sdcdec' is connected to logic 1 or logic 0. (LINT-32)
   Pin 'Base[39]' is connected to logic 0. 
Warning: In design 'msrv_soc_adrdecs__939583', a pin on submodule 'sdcdec' is connected to logic 1 or logic 0. (LINT-32)
   Pin 'Base[38]' is connected to logic 0. 
Warning: In design 'msrv_soc_adrdecs__939583', a pin on submodule 'sdcdec' is connected to logic 1 or logic 0. (LINT-32)
   Pin 'Base[37]' is connected to logic 0. 
Warning: In design 'msrv_soc_adrdecs__939583', a pin on submodule 'sdcdec' is connected to logic 1 or logic 0. (LINT-32)
   Pin 'Base[36]' is connected to logic 0. 
Warning: In design 'msrv_soc_adrdecs__939583', a pin on submodule 'sdcdec' is connected to logic 1 or logic 0. (LINT-32)
   Pin 'Base[35]' is connected to logic 0. 
Warning: In design 'msrv_soc_adrdecs__939583', a pin on submodule 'sdcdec' is connected to logic 1 or logic 0. (LINT-32)
   Pin 'Base[34]' is connected to logic 0. 
Warning: In design 'msrv_soc_adrdecs__939583', a pin on submodule 'sdcdec' is connected to logic 1 or logic 0. (LINT-32)
   Pin 'Base[33]' is connected to logic 0. 
Warning: In design 'msrv_soc_adrdecs__939583', a pin on submodule 'sdcdec' is connected to logic 1 or logic 0. (LINT-32)
   Pin 'Base[32]' is connected to logic 0. 
Warning: In design 'msrv_soc_adrdecs__939583', a pin on submodule 'sdcdec' is connected to logic 1 or logic 0. (LINT-32)
   Pin 'Base[31]' is connected to logic 0. 
Warning: In design 'msrv_soc_adrdecs__939583', a pin on submodule 'sdcdec' is connected to logic 1 or logic 0. (LINT-32)
   Pin 'Base[30]' is connected to logic 0. 
Warning: In design 'msrv_soc_adrdecs__939583', a pin on submodule 'sdcdec' is connected to logic 1 or logic 0. (LINT-32)
   Pin 'Base[29]' is connected to logic 0. 
Warning: In design 'msrv_soc_adrdecs__939583', a pin on submodule 'sdcdec' is connected to logic 1 or logic 0. (LINT-32)
   Pin 'Base[28]' is connected to logic 0. 
Warning: In design 'msrv_soc_adrdecs__939583', a pin on submodule 'sdcdec' is connected to logic 1 or logic 0. (LINT-32)
   Pin 'Base[27]' is connected to logic 0. 
Warning: In design 'msrv_soc_adrdecs__939583', a pin on submodule 'sdcdec' is connected to logic 1 or logic 0. (LINT-32)
   Pin 'Base[26]' is connected to logic 0. 
Warning: In design 'msrv_soc_adrdecs__939583', a pin on submodule 'sdcdec' is connected to logic 1 or logic 0. (LINT-32)
   Pin 'Base[25]' is connected to logic 0. 
Warning: In design 'msrv_soc_adrdecs__939583', a pin on submodule 'sdcdec' is connected to logic 1 or logic 0. (LINT-32)
   Pin 'Base[24]' is connected to logic 0. 
Warning: In design 'msrv_soc_adrdecs__939583', a pin on submodule 'sdcdec' is connected to logic 1 or logic 0. (LINT-32)
   Pin 'Base[23]' is connected to logic 0. 
Warning: In design 'msrv_soc_adrdecs__939583', a pin on submodule 'sdcdec' is connected to logic 1 or logic 0. (LINT-32)
   Pin 'Base[22]' is connected to logic 0. 
Warning: In design 'msrv_soc_adrdecs__939583', a pin on submodule 'sdcdec' is connected to logic 1 or logic 0. (LINT-32)
   Pin 'Base[21]' is connected to logic 0. 
Warning: In design 'msrv_soc_adrdecs__939583', a pin on submodule 'sdcdec' is connected to logic 1 or logic 0. (LINT-32)
   Pin 'Base[20]' is connected to logic 0. 
Warning: In design 'msrv_soc_adrdecs__939583', a pin on submodule 'sdcdec' is connected to logic 1 or logic 0. (LINT-32)
   Pin 'Base[19]' is connected to logic 0. 
Warning: In design 'msrv_soc_adrdecs__939583', a pin on submodule 'sdcdec' is connected to logic 1 or logic 0. (LINT-32)
   Pin 'Base[18]' is connected to logic 0. 
Warning: In design 'msrv_soc_adrdecs__939583', a pin on submodule 'sdcdec' is connected to logic 1 or logic 0. (LINT-32)
   Pin 'Base[17]' is connected to logic 0. 
Warning: In design 'msrv_soc_adrdecs__939583', a pin on submodule 'sdcdec' is connected to logic 1 or logic 0. (LINT-32)
   Pin 'Base[16]' is connected to logic 1. 
Warning: In design 'msrv_soc_adrdecs__939583', a pin on submodule 'sdcdec' is connected to logic 1 or logic 0. (LINT-32)
   Pin 'Base[15]' is connected to logic 0. 
Warning: In design 'msrv_soc_adrdecs__939583', a pin on submodule 'sdcdec' is connected to logic 1 or logic 0. (LINT-32)
   Pin 'Base[14]' is connected to logic 0. 
Warning: In design 'msrv_soc_adrdecs__939583', a pin on submodule 'sdcdec' is connected to logic 1 or logic 0. (LINT-32)
   Pin 'Base[13]' is connected to logic 1. 
Warning: In design 'msrv_soc_adrdecs__939583', a pin on submodule 'sdcdec' is connected to logic 1 or logic 0. (LINT-32)
   Pin 'Base[12]' is connected to logic 1. 
Warning: In design 'msrv_soc_adrdecs__939583', a pin on submodule 'sdcdec' is connected to logic 1 or logic 0. (LINT-32)
   Pin 'Base[11]' is connected to logic 0. 
Warning: In design 'msrv_soc_adrdecs__939583', a pin on submodule 'sdcdec' is connected to logic 1 or logic 0. (LINT-32)
   Pin 'Base[10]' is connected to logic 0. 
Warning: In design 'msrv_soc_adrdecs__939583', a pin on submodule 'sdcdec' is connected to logic 1 or logic 0. (LINT-32)
   Pin 'Base[9]' is connected to logic 0. 
Warning: In design 'msrv_soc_adrdecs__939583', a pin on submodule 'sdcdec' is connected to logic 1 or logic 0. (LINT-32)
   Pin 'Base[8]' is connected to logic 0. 
Warning: In design 'msrv_soc_adrdecs__939583', a pin on submodule 'sdcdec' is connected to logic 1 or logic 0. (LINT-32)
   Pin 'Base[7]' is connected to logic 0. 
Warning: In design 'msrv_soc_adrdecs__939583', a pin on submodule 'sdcdec' is connected to logic 1 or logic 0. (LINT-32)
   Pin 'Base[6]' is connected to logic 0. 
Warning: In design 'msrv_soc_adrdecs__939583', a pin on submodule 'sdcdec' is connected to logic 1 or logic 0. (LINT-32)
   Pin 'Base[5]' is connected to logic 0. 
Warning: In design 'msrv_soc_adrdecs__939583', a pin on submodule 'sdcdec' is connected to logic 1 or logic 0. (LINT-32)
   Pin 'Base[4]' is connected to logic 0. 
Warning: In design 'msrv_soc_adrdecs__939583', a pin on submodule 'sdcdec' is connected to logic 1 or logic 0. (LINT-32)
   Pin 'Base[3]' is connected to logic 0. 
Warning: In design 'msrv_soc_adrdecs__939583', a pin on submodule 'sdcdec' is connected to logic 1 or logic 0. (LINT-32)
   Pin 'Base[2]' is connected to logic 0. 
Warning: In design 'msrv_soc_adrdecs__939583', a pin on submodule 'sdcdec' is connected to logic 1 or logic 0. (LINT-32)
   Pin 'Base[1]' is connected to logic 0. 
Warning: In design 'msrv_soc_adrdecs__939583', a pin on submodule 'sdcdec' is connected to logic 1 or logic 0. (LINT-32)
   Pin 'Base[0]' is connected to logic 0. 
Warning: In design 'msrv_soc_adrdecs__939583', a pin on submodule 'sdcdec' is connected to logic 1 or logic 0. (LINT-32)
   Pin 'Range[55]' is connected to logic 0. 
Warning: In design 'msrv_soc_adrdecs__939583', a pin on submodule 'sdcdec' is connected to logic 1 or logic 0. (LINT-32)
   Pin 'Range[54]' is connected to logic 0. 
Warning: In design 'msrv_soc_adrdecs__939583', a pin on submodule 'sdcdec' is connected to logic 1 or logic 0. (LINT-32)
   Pin 'Range[53]' is connected to logic 0. 
Warning: In design 'msrv_soc_adrdecs__939583', a pin on submodule 'sdcdec' is connected to logic 1 or logic 0. (LINT-32)
   Pin 'Range[52]' is connected to logic 0. 
Warning: In design 'msrv_soc_adrdecs__939583', a pin on submodule 'sdcdec' is connected to logic 1 or logic 0. (LINT-32)
   Pin 'Range[51]' is connected to logic 0. 
Warning: In design 'msrv_soc_adrdecs__939583', a pin on submodule 'sdcdec' is connected to logic 1 or logic 0. (LINT-32)
   Pin 'Range[50]' is connected to logic 0. 
Warning: In design 'msrv_soc_adrdecs__939583', a pin on submodule 'sdcdec' is connected to logic 1 or logic 0. (LINT-32)
   Pin 'Range[49]' is connected to logic 0. 
Warning: In design 'msrv_soc_adrdecs__939583', a pin on submodule 'sdcdec' is connected to logic 1 or logic 0. (LINT-32)
   Pin 'Range[48]' is connected to logic 0. 
Warning: In design 'msrv_soc_adrdecs__939583', a pin on submodule 'sdcdec' is connected to logic 1 or logic 0. (LINT-32)
   Pin 'Range[47]' is connected to logic 0. 
Warning: In design 'msrv_soc_adrdecs__939583', a pin on submodule 'sdcdec' is connected to logic 1 or logic 0. (LINT-32)
   Pin 'Range[46]' is connected to logic 0. 
Warning: In design 'msrv_soc_adrdecs__939583', a pin on submodule 'sdcdec' is connected to logic 1 or logic 0. (LINT-32)
   Pin 'Range[45]' is connected to logic 0. 
Warning: In design 'msrv_soc_adrdecs__939583', a pin on submodule 'sdcdec' is connected to logic 1 or logic 0. (LINT-32)
   Pin 'Range[44]' is connected to logic 0. 
Warning: In design 'msrv_soc_adrdecs__939583', a pin on submodule 'sdcdec' is connected to logic 1 or logic 0. (LINT-32)
   Pin 'Range[43]' is connected to logic 0. 
Warning: In design 'msrv_soc_adrdecs__939583', a pin on submodule 'sdcdec' is connected to logic 1 or logic 0. (LINT-32)
   Pin 'Range[42]' is connected to logic 0. 
Warning: In design 'msrv_soc_adrdecs__939583', a pin on submodule 'sdcdec' is connected to logic 1 or logic 0. (LINT-32)
   Pin 'Range[41]' is connected to logic 0. 
Warning: In design 'msrv_soc_adrdecs__939583', a pin on submodule 'sdcdec' is connected to logic 1 or logic 0. (LINT-32)
   Pin 'Range[40]' is connected to logic 0. 
Warning: In design 'msrv_soc_adrdecs__939583', a pin on submodule 'sdcdec' is connected to logic 1 or logic 0. (LINT-32)
   Pin 'Range[39]' is connected to logic 0. 
Warning: In design 'msrv_soc_adrdecs__939583', a pin on submodule 'sdcdec' is connected to logic 1 or logic 0. (LINT-32)
   Pin 'Range[38]' is connected to logic 0. 
Warning: In design 'msrv_soc_adrdecs__939583', a pin on submodule 'sdcdec' is connected to logic 1 or logic 0. (LINT-32)
   Pin 'Range[37]' is connected to logic 0. 
Warning: In design 'msrv_soc_adrdecs__939583', a pin on submodule 'sdcdec' is connected to logic 1 or logic 0. (LINT-32)
   Pin 'Range[36]' is connected to logic 0. 
Warning: In design 'msrv_soc_adrdecs__939583', a pin on submodule 'sdcdec' is connected to logic 1 or logic 0. (LINT-32)
   Pin 'Range[35]' is connected to logic 0. 
Warning: In design 'msrv_soc_adrdecs__939583', a pin on submodule 'sdcdec' is connected to logic 1 or logic 0. (LINT-32)
   Pin 'Range[34]' is connected to logic 0. 
Warning: In design 'msrv_soc_adrdecs__939583', a pin on submodule 'sdcdec' is connected to logic 1 or logic 0. (LINT-32)
   Pin 'Range[33]' is connected to logic 0. 
Warning: In design 'msrv_soc_adrdecs__939583', a pin on submodule 'sdcdec' is connected to logic 1 or logic 0. (LINT-32)
   Pin 'Range[32]' is connected to logic 0. 
Warning: In design 'msrv_soc_adrdecs__939583', a pin on submodule 'sdcdec' is connected to logic 1 or logic 0. (LINT-32)
   Pin 'Range[31]' is connected to logic 0. 
Warning: In design 'msrv_soc_adrdecs__939583', a pin on submodule 'sdcdec' is connected to logic 1 or logic 0. (LINT-32)
   Pin 'Range[30]' is connected to logic 0. 
Warning: In design 'msrv_soc_adrdecs__939583', a pin on submodule 'sdcdec' is connected to logic 1 or logic 0. (LINT-32)
   Pin 'Range[29]' is connected to logic 0. 
Warning: In design 'msrv_soc_adrdecs__939583', a pin on submodule 'sdcdec' is connected to logic 1 or logic 0. (LINT-32)
   Pin 'Range[28]' is connected to logic 0. 
Warning: In design 'msrv_soc_adrdecs__939583', a pin on submodule 'sdcdec' is connected to logic 1 or logic 0. (LINT-32)
   Pin 'Range[27]' is connected to logic 0. 
Warning: In design 'msrv_soc_adrdecs__939583', a pin on submodule 'sdcdec' is connected to logic 1 or logic 0. (LINT-32)
   Pin 'Range[26]' is connected to logic 0. 
Warning: In design 'msrv_soc_adrdecs__939583', a pin on submodule 'sdcdec' is connected to logic 1 or logic 0. (LINT-32)
   Pin 'Range[25]' is connected to logic 0. 
Warning: In design 'msrv_soc_adrdecs__939583', a pin on submodule 'sdcdec' is connected to logic 1 or logic 0. (LINT-32)
   Pin 'Range[24]' is connected to logic 0. 
Warning: In design 'msrv_soc_adrdecs__939583', a pin on submodule 'sdcdec' is connected to logic 1 or logic 0. (LINT-32)
   Pin 'Range[23]' is connected to logic 0. 
Warning: In design 'msrv_soc_adrdecs__939583', a pin on submodule 'sdcdec' is connected to logic 1 or logic 0. (LINT-32)
   Pin 'Range[22]' is connected to logic 0. 
Warning: In design 'msrv_soc_adrdecs__939583', a pin on submodule 'sdcdec' is connected to logic 1 or logic 0. (LINT-32)
   Pin 'Range[21]' is connected to logic 0. 
Warning: In design 'msrv_soc_adrdecs__939583', a pin on submodule 'sdcdec' is connected to logic 1 or logic 0. (LINT-32)
   Pin 'Range[20]' is connected to logic 0. 
Warning: In design 'msrv_soc_adrdecs__939583', a pin on submodule 'sdcdec' is connected to logic 1 or logic 0. (LINT-32)
   Pin 'Range[19]' is connected to logic 0. 
Warning: In design 'msrv_soc_adrdecs__939583', a pin on submodule 'sdcdec' is connected to logic 1 or logic 0. (LINT-32)
   Pin 'Range[18]' is connected to logic 0. 
Warning: In design 'msrv_soc_adrdecs__939583', a pin on submodule 'sdcdec' is connected to logic 1 or logic 0. (LINT-32)
   Pin 'Range[17]' is connected to logic 0. 
Warning: In design 'msrv_soc_adrdecs__939583', a pin on submodule 'sdcdec' is connected to logic 1 or logic 0. (LINT-32)
   Pin 'Range[16]' is connected to logic 0. 
Warning: In design 'msrv_soc_adrdecs__939583', a pin on submodule 'sdcdec' is connected to logic 1 or logic 0. (LINT-32)
   Pin 'Range[15]' is connected to logic 0. 
Warning: In design 'msrv_soc_adrdecs__939583', a pin on submodule 'sdcdec' is connected to logic 1 or logic 0. (LINT-32)
   Pin 'Range[14]' is connected to logic 0. 
Warning: In design 'msrv_soc_adrdecs__939583', a pin on submodule 'sdcdec' is connected to logic 1 or logic 0. (LINT-32)
   Pin 'Range[13]' is connected to logic 0. 
Warning: In design 'msrv_soc_adrdecs__939583', a pin on submodule 'sdcdec' is connected to logic 1 or logic 0. (LINT-32)
   Pin 'Range[12]' is connected to logic 0. 
Warning: In design 'msrv_soc_adrdecs__939583', a pin on submodule 'sdcdec' is connected to logic 1 or logic 0. (LINT-32)
   Pin 'Range[11]' is connected to logic 0. 
Warning: In design 'msrv_soc_adrdecs__939583', a pin on submodule 'sdcdec' is connected to logic 1 or logic 0. (LINT-32)
   Pin 'Range[10]' is connected to logic 0. 
Warning: In design 'msrv_soc_adrdecs__939583', a pin on submodule 'sdcdec' is connected to logic 1 or logic 0. (LINT-32)
   Pin 'Range[9]' is connected to logic 0. 
Warning: In design 'msrv_soc_adrdecs__939583', a pin on submodule 'sdcdec' is connected to logic 1 or logic 0. (LINT-32)
   Pin 'Range[8]' is connected to logic 0. 
Warning: In design 'msrv_soc_adrdecs__939583', a pin on submodule 'sdcdec' is connected to logic 1 or logic 0. (LINT-32)
   Pin 'Range[7]' is connected to logic 0. 
Warning: In design 'msrv_soc_adrdecs__939583', a pin on submodule 'sdcdec' is connected to logic 1 or logic 0. (LINT-32)
   Pin 'Range[6]' is connected to logic 1. 
Warning: In design 'msrv_soc_adrdecs__939583', a pin on submodule 'sdcdec' is connected to logic 1 or logic 0. (LINT-32)
   Pin 'Range[5]' is connected to logic 1. 
Warning: In design 'msrv_soc_adrdecs__939583', a pin on submodule 'sdcdec' is connected to logic 1 or logic 0. (LINT-32)
   Pin 'Range[4]' is connected to logic 1. 
Warning: In design 'msrv_soc_adrdecs__939583', a pin on submodule 'sdcdec' is connected to logic 1 or logic 0. (LINT-32)
   Pin 'Range[3]' is connected to logic 1. 
Warning: In design 'msrv_soc_adrdecs__939583', a pin on submodule 'sdcdec' is connected to logic 1 or logic 0. (LINT-32)
   Pin 'Range[2]' is connected to logic 1. 
Warning: In design 'msrv_soc_adrdecs__939583', a pin on submodule 'sdcdec' is connected to logic 1 or logic 0. (LINT-32)
   Pin 'Range[1]' is connected to logic 1. 
Warning: In design 'msrv_soc_adrdecs__939583', a pin on submodule 'sdcdec' is connected to logic 1 or logic 0. (LINT-32)
   Pin 'Range[0]' is connected to logic 1. 
Warning: In design 'msrv_soc_adrdecs__939583', a pin on submodule 'sdcdec' is connected to logic 1 or logic 0. (LINT-32)
   Pin 'Supported' is connected to logic 0. 
Warning: In design 'msrv_soc_adrdecs__939583', a pin on submodule 'sdcdec' is connected to logic 1 or logic 0. (LINT-32)
   Pin 'SizeMask[3]' is connected to logic 1. 
Warning: In design 'msrv_soc_adrdecs__939583', a pin on submodule 'sdcdec' is connected to logic 1 or logic 0. (LINT-32)
   Pin 'SizeMask[2]' is connected to logic 1. 
Warning: In design 'msrv_soc_adrdecs__939583', a pin on submodule 'sdcdec' is connected to logic 1 or logic 0. (LINT-32)
   Pin 'SizeMask[1]' is connected to logic 0. 
Warning: In design 'msrv_soc_adrdecs__939583', a pin on submodule 'sdcdec' is connected to logic 1 or logic 0. (LINT-32)
   Pin 'SizeMask[0]' is connected to logic 0. 
Warning: In design 'msrv_soc_adrdecs__939583', a pin on submodule 'spidec' is connected to logic 1 or logic 0. (LINT-32)
   Pin 'Base[55]' is connected to logic 0. 
Warning: In design 'msrv_soc_adrdecs__939583', a pin on submodule 'spidec' is connected to logic 1 or logic 0. (LINT-32)
   Pin 'Base[54]' is connected to logic 0. 
Warning: In design 'msrv_soc_adrdecs__939583', a pin on submodule 'spidec' is connected to logic 1 or logic 0. (LINT-32)
   Pin 'Base[53]' is connected to logic 0. 
Warning: In design 'msrv_soc_adrdecs__939583', a pin on submodule 'spidec' is connected to logic 1 or logic 0. (LINT-32)
   Pin 'Base[52]' is connected to logic 0. 
Warning: In design 'msrv_soc_adrdecs__939583', a pin on submodule 'spidec' is connected to logic 1 or logic 0. (LINT-32)
   Pin 'Base[51]' is connected to logic 0. 
Warning: In design 'msrv_soc_adrdecs__939583', a pin on submodule 'spidec' is connected to logic 1 or logic 0. (LINT-32)
   Pin 'Base[50]' is connected to logic 0. 
Warning: In design 'msrv_soc_adrdecs__939583', a pin on submodule 'spidec' is connected to logic 1 or logic 0. (LINT-32)
   Pin 'Base[49]' is connected to logic 0. 
Warning: In design 'msrv_soc_adrdecs__939583', a pin on submodule 'spidec' is connected to logic 1 or logic 0. (LINT-32)
   Pin 'Base[48]' is connected to logic 0. 
Warning: In design 'msrv_soc_adrdecs__939583', a pin on submodule 'spidec' is connected to logic 1 or logic 0. (LINT-32)
   Pin 'Base[47]' is connected to logic 0. 
Warning: In design 'msrv_soc_adrdecs__939583', a pin on submodule 'spidec' is connected to logic 1 or logic 0. (LINT-32)
   Pin 'Base[46]' is connected to logic 0. 
Warning: In design 'msrv_soc_adrdecs__939583', a pin on submodule 'spidec' is connected to logic 1 or logic 0. (LINT-32)
   Pin 'Base[45]' is connected to logic 0. 
Warning: In design 'msrv_soc_adrdecs__939583', a pin on submodule 'spidec' is connected to logic 1 or logic 0. (LINT-32)
   Pin 'Base[44]' is connected to logic 0. 
Warning: In design 'msrv_soc_adrdecs__939583', a pin on submodule 'spidec' is connected to logic 1 or logic 0. (LINT-32)
   Pin 'Base[43]' is connected to logic 0. 
Warning: In design 'msrv_soc_adrdecs__939583', a pin on submodule 'spidec' is connected to logic 1 or logic 0. (LINT-32)
   Pin 'Base[42]' is connected to logic 0. 
Warning: In design 'msrv_soc_adrdecs__939583', a pin on submodule 'spidec' is connected to logic 1 or logic 0. (LINT-32)
   Pin 'Base[41]' is connected to logic 0. 
Warning: In design 'msrv_soc_adrdecs__939583', a pin on submodule 'spidec' is connected to logic 1 or logic 0. (LINT-32)
   Pin 'Base[40]' is connected to logic 0. 
Warning: In design 'msrv_soc_adrdecs__939583', a pin on submodule 'spidec' is connected to logic 1 or logic 0. (LINT-32)
   Pin 'Base[39]' is connected to logic 0. 
Warning: In design 'msrv_soc_adrdecs__939583', a pin on submodule 'spidec' is connected to logic 1 or logic 0. (LINT-32)
   Pin 'Base[38]' is connected to logic 0. 
Warning: In design 'msrv_soc_adrdecs__939583', a pin on submodule 'spidec' is connected to logic 1 or logic 0. (LINT-32)
   Pin 'Base[37]' is connected to logic 0. 
Warning: In design 'msrv_soc_adrdecs__939583', a pin on submodule 'spidec' is connected to logic 1 or logic 0. (LINT-32)
   Pin 'Base[36]' is connected to logic 0. 
Warning: In design 'msrv_soc_adrdecs__939583', a pin on submodule 'spidec' is connected to logic 1 or logic 0. (LINT-32)
   Pin 'Base[35]' is connected to logic 0. 
Warning: In design 'msrv_soc_adrdecs__939583', a pin on submodule 'spidec' is connected to logic 1 or logic 0. (LINT-32)
   Pin 'Base[34]' is connected to logic 0. 
Warning: In design 'msrv_soc_adrdecs__939583', a pin on submodule 'spidec' is connected to logic 1 or logic 0. (LINT-32)
   Pin 'Base[33]' is connected to logic 0. 
Warning: In design 'msrv_soc_adrdecs__939583', a pin on submodule 'spidec' is connected to logic 1 or logic 0. (LINT-32)
   Pin 'Base[32]' is connected to logic 0. 
Warning: In design 'msrv_soc_adrdecs__939583', a pin on submodule 'spidec' is connected to logic 1 or logic 0. (LINT-32)
   Pin 'Base[31]' is connected to logic 0. 
Warning: In design 'msrv_soc_adrdecs__939583', a pin on submodule 'spidec' is connected to logic 1 or logic 0. (LINT-32)
   Pin 'Base[30]' is connected to logic 0. 
Warning: In design 'msrv_soc_adrdecs__939583', a pin on submodule 'spidec' is connected to logic 1 or logic 0. (LINT-32)
   Pin 'Base[29]' is connected to logic 0. 
Warning: In design 'msrv_soc_adrdecs__939583', a pin on submodule 'spidec' is connected to logic 1 or logic 0. (LINT-32)
   Pin 'Base[28]' is connected to logic 1. 
Warning: In design 'msrv_soc_adrdecs__939583', a pin on submodule 'spidec' is connected to logic 1 or logic 0. (LINT-32)
   Pin 'Base[27]' is connected to logic 0. 
Warning: In design 'msrv_soc_adrdecs__939583', a pin on submodule 'spidec' is connected to logic 1 or logic 0. (LINT-32)
   Pin 'Base[26]' is connected to logic 0. 
Warning: In design 'msrv_soc_adrdecs__939583', a pin on submodule 'spidec' is connected to logic 1 or logic 0. (LINT-32)
   Pin 'Base[25]' is connected to logic 0. 
Warning: In design 'msrv_soc_adrdecs__939583', a pin on submodule 'spidec' is connected to logic 1 or logic 0. (LINT-32)
   Pin 'Base[24]' is connected to logic 0. 
Warning: In design 'msrv_soc_adrdecs__939583', a pin on submodule 'spidec' is connected to logic 1 or logic 0. (LINT-32)
   Pin 'Base[23]' is connected to logic 0. 
Warning: In design 'msrv_soc_adrdecs__939583', a pin on submodule 'spidec' is connected to logic 1 or logic 0. (LINT-32)
   Pin 'Base[22]' is connected to logic 0. 
Warning: In design 'msrv_soc_adrdecs__939583', a pin on submodule 'spidec' is connected to logic 1 or logic 0. (LINT-32)
   Pin 'Base[21]' is connected to logic 0. 
Warning: In design 'msrv_soc_adrdecs__939583', a pin on submodule 'spidec' is connected to logic 1 or logic 0. (LINT-32)
   Pin 'Base[20]' is connected to logic 0. 
Warning: In design 'msrv_soc_adrdecs__939583', a pin on submodule 'spidec' is connected to logic 1 or logic 0. (LINT-32)
   Pin 'Base[19]' is connected to logic 0. 
Warning: In design 'msrv_soc_adrdecs__939583', a pin on submodule 'spidec' is connected to logic 1 or logic 0. (LINT-32)
   Pin 'Base[18]' is connected to logic 1. 
Warning: In design 'msrv_soc_adrdecs__939583', a pin on submodule 'spidec' is connected to logic 1 or logic 0. (LINT-32)
   Pin 'Base[17]' is connected to logic 0. 
Warning: In design 'msrv_soc_adrdecs__939583', a pin on submodule 'spidec' is connected to logic 1 or logic 0. (LINT-32)
   Pin 'Base[16]' is connected to logic 0. 
Warning: In design 'msrv_soc_adrdecs__939583', a pin on submodule 'spidec' is connected to logic 1 or logic 0. (LINT-32)
   Pin 'Base[15]' is connected to logic 0. 
Warning: In design 'msrv_soc_adrdecs__939583', a pin on submodule 'spidec' is connected to logic 1 or logic 0. (LINT-32)
   Pin 'Base[14]' is connected to logic 0. 
Warning: In design 'msrv_soc_adrdecs__939583', a pin on submodule 'spidec' is connected to logic 1 or logic 0. (LINT-32)
   Pin 'Base[13]' is connected to logic 0. 
Warning: In design 'msrv_soc_adrdecs__939583', a pin on submodule 'spidec' is connected to logic 1 or logic 0. (LINT-32)
   Pin 'Base[12]' is connected to logic 0. 
Warning: In design 'msrv_soc_adrdecs__939583', a pin on submodule 'spidec' is connected to logic 1 or logic 0. (LINT-32)
   Pin 'Base[11]' is connected to logic 0. 
Warning: In design 'msrv_soc_adrdecs__939583', a pin on submodule 'spidec' is connected to logic 1 or logic 0. (LINT-32)
   Pin 'Base[10]' is connected to logic 0. 
Warning: In design 'msrv_soc_adrdecs__939583', a pin on submodule 'spidec' is connected to logic 1 or logic 0. (LINT-32)
   Pin 'Base[9]' is connected to logic 0. 
Warning: In design 'msrv_soc_adrdecs__939583', a pin on submodule 'spidec' is connected to logic 1 or logic 0. (LINT-32)
   Pin 'Base[8]' is connected to logic 0. 
Warning: In design 'msrv_soc_adrdecs__939583', a pin on submodule 'spidec' is connected to logic 1 or logic 0. (LINT-32)
   Pin 'Base[7]' is connected to logic 0. 
Warning: In design 'msrv_soc_adrdecs__939583', a pin on submodule 'spidec' is connected to logic 1 or logic 0. (LINT-32)
   Pin 'Base[6]' is connected to logic 0. 
Warning: In design 'msrv_soc_adrdecs__939583', a pin on submodule 'spidec' is connected to logic 1 or logic 0. (LINT-32)
   Pin 'Base[5]' is connected to logic 0. 
Warning: In design 'msrv_soc_adrdecs__939583', a pin on submodule 'spidec' is connected to logic 1 or logic 0. (LINT-32)
   Pin 'Base[4]' is connected to logic 0. 
Warning: In design 'msrv_soc_adrdecs__939583', a pin on submodule 'spidec' is connected to logic 1 or logic 0. (LINT-32)
   Pin 'Base[3]' is connected to logic 0. 
Warning: In design 'msrv_soc_adrdecs__939583', a pin on submodule 'spidec' is connected to logic 1 or logic 0. (LINT-32)
   Pin 'Base[2]' is connected to logic 0. 
Warning: In design 'msrv_soc_adrdecs__939583', a pin on submodule 'spidec' is connected to logic 1 or logic 0. (LINT-32)
   Pin 'Base[1]' is connected to logic 0. 
Warning: In design 'msrv_soc_adrdecs__939583', a pin on submodule 'spidec' is connected to logic 1 or logic 0. (LINT-32)
   Pin 'Base[0]' is connected to logic 0. 
Warning: In design 'msrv_soc_adrdecs__939583', a pin on submodule 'spidec' is connected to logic 1 or logic 0. (LINT-32)
   Pin 'Range[55]' is connected to logic 0. 
Warning: In design 'msrv_soc_adrdecs__939583', a pin on submodule 'spidec' is connected to logic 1 or logic 0. (LINT-32)
   Pin 'Range[54]' is connected to logic 0. 
Warning: In design 'msrv_soc_adrdecs__939583', a pin on submodule 'spidec' is connected to logic 1 or logic 0. (LINT-32)
   Pin 'Range[53]' is connected to logic 0. 
Warning: In design 'msrv_soc_adrdecs__939583', a pin on submodule 'spidec' is connected to logic 1 or logic 0. (LINT-32)
   Pin 'Range[52]' is connected to logic 0. 
Warning: In design 'msrv_soc_adrdecs__939583', a pin on submodule 'spidec' is connected to logic 1 or logic 0. (LINT-32)
   Pin 'Range[51]' is connected to logic 0. 
Warning: In design 'msrv_soc_adrdecs__939583', a pin on submodule 'spidec' is connected to logic 1 or logic 0. (LINT-32)
   Pin 'Range[50]' is connected to logic 0. 
Warning: In design 'msrv_soc_adrdecs__939583', a pin on submodule 'spidec' is connected to logic 1 or logic 0. (LINT-32)
   Pin 'Range[49]' is connected to logic 0. 
Warning: In design 'msrv_soc_adrdecs__939583', a pin on submodule 'spidec' is connected to logic 1 or logic 0. (LINT-32)
   Pin 'Range[48]' is connected to logic 0. 
Warning: In design 'msrv_soc_adrdecs__939583', a pin on submodule 'spidec' is connected to logic 1 or logic 0. (LINT-32)
   Pin 'Range[47]' is connected to logic 0. 
Warning: In design 'msrv_soc_adrdecs__939583', a pin on submodule 'spidec' is connected to logic 1 or logic 0. (LINT-32)
   Pin 'Range[46]' is connected to logic 0. 
Warning: In design 'msrv_soc_adrdecs__939583', a pin on submodule 'spidec' is connected to logic 1 or logic 0. (LINT-32)
   Pin 'Range[45]' is connected to logic 0. 
Warning: In design 'msrv_soc_adrdecs__939583', a pin on submodule 'spidec' is connected to logic 1 or logic 0. (LINT-32)
   Pin 'Range[44]' is connected to logic 0. 
Warning: In design 'msrv_soc_adrdecs__939583', a pin on submodule 'spidec' is connected to logic 1 or logic 0. (LINT-32)
   Pin 'Range[43]' is connected to logic 0. 
Warning: In design 'msrv_soc_adrdecs__939583', a pin on submodule 'spidec' is connected to logic 1 or logic 0. (LINT-32)
   Pin 'Range[42]' is connected to logic 0. 
Warning: In design 'msrv_soc_adrdecs__939583', a pin on submodule 'spidec' is connected to logic 1 or logic 0. (LINT-32)
   Pin 'Range[41]' is connected to logic 0. 
Warning: In design 'msrv_soc_adrdecs__939583', a pin on submodule 'spidec' is connected to logic 1 or logic 0. (LINT-32)
   Pin 'Range[40]' is connected to logic 0. 
Warning: In design 'msrv_soc_adrdecs__939583', a pin on submodule 'spidec' is connected to logic 1 or logic 0. (LINT-32)
   Pin 'Range[39]' is connected to logic 0. 
Warning: In design 'msrv_soc_adrdecs__939583', a pin on submodule 'spidec' is connected to logic 1 or logic 0. (LINT-32)
   Pin 'Range[38]' is connected to logic 0. 
Warning: In design 'msrv_soc_adrdecs__939583', a pin on submodule 'spidec' is connected to logic 1 or logic 0. (LINT-32)
   Pin 'Range[37]' is connected to logic 0. 
Warning: In design 'msrv_soc_adrdecs__939583', a pin on submodule 'spidec' is connected to logic 1 or logic 0. (LINT-32)
   Pin 'Range[36]' is connected to logic 0. 
Warning: In design 'msrv_soc_adrdecs__939583', a pin on submodule 'spidec' is connected to logic 1 or logic 0. (LINT-32)
   Pin 'Range[35]' is connected to logic 0. 
Warning: In design 'msrv_soc_adrdecs__939583', a pin on submodule 'spidec' is connected to logic 1 or logic 0. (LINT-32)
   Pin 'Range[34]' is connected to logic 0. 
Warning: In design 'msrv_soc_adrdecs__939583', a pin on submodule 'spidec' is connected to logic 1 or logic 0. (LINT-32)
   Pin 'Range[33]' is connected to logic 0. 
Warning: In design 'msrv_soc_adrdecs__939583', a pin on submodule 'spidec' is connected to logic 1 or logic 0. (LINT-32)
   Pin 'Range[32]' is connected to logic 0. 
Warning: In design 'msrv_soc_adrdecs__939583', a pin on submodule 'spidec' is connected to logic 1 or logic 0. (LINT-32)
   Pin 'Range[31]' is connected to logic 0. 
Warning: In design 'msrv_soc_adrdecs__939583', a pin on submodule 'spidec' is connected to logic 1 or logic 0. (LINT-32)
   Pin 'Range[30]' is connected to logic 0. 
Warning: In design 'msrv_soc_adrdecs__939583', a pin on submodule 'spidec' is connected to logic 1 or logic 0. (LINT-32)
   Pin 'Range[29]' is connected to logic 0. 
Warning: In design 'msrv_soc_adrdecs__939583', a pin on submodule 'spidec' is connected to logic 1 or logic 0. (LINT-32)
   Pin 'Range[28]' is connected to logic 0. 
Warning: In design 'msrv_soc_adrdecs__939583', a pin on submodule 'spidec' is connected to logic 1 or logic 0. (LINT-32)
   Pin 'Range[27]' is connected to logic 0. 
Warning: In design 'msrv_soc_adrdecs__939583', a pin on submodule 'spidec' is connected to logic 1 or logic 0. (LINT-32)
   Pin 'Range[26]' is connected to logic 0. 
Warning: In design 'msrv_soc_adrdecs__939583', a pin on submodule 'spidec' is connected to logic 1 or logic 0. (LINT-32)
   Pin 'Range[25]' is connected to logic 0. 
Warning: In design 'msrv_soc_adrdecs__939583', a pin on submodule 'spidec' is connected to logic 1 or logic 0. (LINT-32)
   Pin 'Range[24]' is connected to logic 0. 
Warning: In design 'msrv_soc_adrdecs__939583', a pin on submodule 'spidec' is connected to logic 1 or logic 0. (LINT-32)
   Pin 'Range[23]' is connected to logic 0. 
Warning: In design 'msrv_soc_adrdecs__939583', a pin on submodule 'spidec' is connected to logic 1 or logic 0. (LINT-32)
   Pin 'Range[22]' is connected to logic 0. 
Warning: In design 'msrv_soc_adrdecs__939583', a pin on submodule 'spidec' is connected to logic 1 or logic 0. (LINT-32)
   Pin 'Range[21]' is connected to logic 0. 
Warning: In design 'msrv_soc_adrdecs__939583', a pin on submodule 'spidec' is connected to logic 1 or logic 0. (LINT-32)
   Pin 'Range[20]' is connected to logic 0. 
Warning: In design 'msrv_soc_adrdecs__939583', a pin on submodule 'spidec' is connected to logic 1 or logic 0. (LINT-32)
   Pin 'Range[19]' is connected to logic 0. 
Warning: In design 'msrv_soc_adrdecs__939583', a pin on submodule 'spidec' is connected to logic 1 or logic 0. (LINT-32)
   Pin 'Range[18]' is connected to logic 0. 
Warning: In design 'msrv_soc_adrdecs__939583', a pin on submodule 'spidec' is connected to logic 1 or logic 0. (LINT-32)
   Pin 'Range[17]' is connected to logic 0. 
Warning: In design 'msrv_soc_adrdecs__939583', a pin on submodule 'spidec' is connected to logic 1 or logic 0. (LINT-32)
   Pin 'Range[16]' is connected to logic 0. 
Warning: In design 'msrv_soc_adrdecs__939583', a pin on submodule 'spidec' is connected to logic 1 or logic 0. (LINT-32)
   Pin 'Range[15]' is connected to logic 0. 
Warning: In design 'msrv_soc_adrdecs__939583', a pin on submodule 'spidec' is connected to logic 1 or logic 0. (LINT-32)
   Pin 'Range[14]' is connected to logic 0. 
Warning: In design 'msrv_soc_adrdecs__939583', a pin on submodule 'spidec' is connected to logic 1 or logic 0. (LINT-32)
   Pin 'Range[13]' is connected to logic 0. 
Warning: In design 'msrv_soc_adrdecs__939583', a pin on submodule 'spidec' is connected to logic 1 or logic 0. (LINT-32)
   Pin 'Range[12]' is connected to logic 0. 
Warning: In design 'msrv_soc_adrdecs__939583', a pin on submodule 'spidec' is connected to logic 1 or logic 0. (LINT-32)
   Pin 'Range[11]' is connected to logic 1. 
Warning: In design 'msrv_soc_adrdecs__939583', a pin on submodule 'spidec' is connected to logic 1 or logic 0. (LINT-32)
   Pin 'Range[10]' is connected to logic 1. 
Warning: In design 'msrv_soc_adrdecs__939583', a pin on submodule 'spidec' is connected to logic 1 or logic 0. (LINT-32)
   Pin 'Range[9]' is connected to logic 1. 
Warning: In design 'msrv_soc_adrdecs__939583', a pin on submodule 'spidec' is connected to logic 1 or logic 0. (LINT-32)
   Pin 'Range[8]' is connected to logic 1. 
Warning: In design 'msrv_soc_adrdecs__939583', a pin on submodule 'spidec' is connected to logic 1 or logic 0. (LINT-32)
   Pin 'Range[7]' is connected to logic 1. 
Warning: In design 'msrv_soc_adrdecs__939583', a pin on submodule 'spidec' is connected to logic 1 or logic 0. (LINT-32)
   Pin 'Range[6]' is connected to logic 1. 
Warning: In design 'msrv_soc_adrdecs__939583', a pin on submodule 'spidec' is connected to logic 1 or logic 0. (LINT-32)
   Pin 'Range[5]' is connected to logic 1. 
Warning: In design 'msrv_soc_adrdecs__939583', a pin on submodule 'spidec' is connected to logic 1 or logic 0. (LINT-32)
   Pin 'Range[4]' is connected to logic 1. 
Warning: In design 'msrv_soc_adrdecs__939583', a pin on submodule 'spidec' is connected to logic 1 or logic 0. (LINT-32)
   Pin 'Range[3]' is connected to logic 1. 
Warning: In design 'msrv_soc_adrdecs__939583', a pin on submodule 'spidec' is connected to logic 1 or logic 0. (LINT-32)
   Pin 'Range[2]' is connected to logic 1. 
Warning: In design 'msrv_soc_adrdecs__939583', a pin on submodule 'spidec' is connected to logic 1 or logic 0. (LINT-32)
   Pin 'Range[1]' is connected to logic 1. 
Warning: In design 'msrv_soc_adrdecs__939583', a pin on submodule 'spidec' is connected to logic 1 or logic 0. (LINT-32)
   Pin 'Range[0]' is connected to logic 1. 
Warning: In design 'msrv_soc_adrdecs__939583', a pin on submodule 'spidec' is connected to logic 1 or logic 0. (LINT-32)
   Pin 'Supported' is connected to logic 1. 
Warning: In design 'msrv_soc_adrdecs__939583', a pin on submodule 'spidec' is connected to logic 1 or logic 0. (LINT-32)
   Pin 'SizeMask[3]' is connected to logic 0. 
Warning: In design 'msrv_soc_adrdecs__939583', a pin on submodule 'spidec' is connected to logic 1 or logic 0. (LINT-32)
   Pin 'SizeMask[2]' is connected to logic 1. 
Warning: In design 'msrv_soc_adrdecs__939583', a pin on submodule 'spidec' is connected to logic 1 or logic 0. (LINT-32)
   Pin 'SizeMask[1]' is connected to logic 0. 
Warning: In design 'msrv_soc_adrdecs__939583', a pin on submodule 'spidec' is connected to logic 1 or logic 0. (LINT-32)
   Pin 'SizeMask[0]' is connected to logic 0. 
Warning: In design 'msrv_soc_adrdecs__939583', a pin on submodule 'systemcontrollerdec' is connected to logic 1 or logic 0. (LINT-32)
   Pin 'Base[55]' is connected to logic 0. 
Warning: In design 'msrv_soc_adrdecs__939583', a pin on submodule 'systemcontrollerdec' is connected to logic 1 or logic 0. (LINT-32)
   Pin 'Base[54]' is connected to logic 0. 
Warning: In design 'msrv_soc_adrdecs__939583', a pin on submodule 'systemcontrollerdec' is connected to logic 1 or logic 0. (LINT-32)
   Pin 'Base[53]' is connected to logic 0. 
Warning: In design 'msrv_soc_adrdecs__939583', a pin on submodule 'systemcontrollerdec' is connected to logic 1 or logic 0. (LINT-32)
   Pin 'Base[52]' is connected to logic 0. 
Warning: In design 'msrv_soc_adrdecs__939583', a pin on submodule 'systemcontrollerdec' is connected to logic 1 or logic 0. (LINT-32)
   Pin 'Base[51]' is connected to logic 0. 
Warning: In design 'msrv_soc_adrdecs__939583', a pin on submodule 'systemcontrollerdec' is connected to logic 1 or logic 0. (LINT-32)
   Pin 'Base[50]' is connected to logic 0. 
Warning: In design 'msrv_soc_adrdecs__939583', a pin on submodule 'systemcontrollerdec' is connected to logic 1 or logic 0. (LINT-32)
   Pin 'Base[49]' is connected to logic 0. 
Warning: In design 'msrv_soc_adrdecs__939583', a pin on submodule 'systemcontrollerdec' is connected to logic 1 or logic 0. (LINT-32)
   Pin 'Base[48]' is connected to logic 0. 
Warning: In design 'msrv_soc_adrdecs__939583', a pin on submodule 'systemcontrollerdec' is connected to logic 1 or logic 0. (LINT-32)
   Pin 'Base[47]' is connected to logic 0. 
Warning: In design 'msrv_soc_adrdecs__939583', a pin on submodule 'systemcontrollerdec' is connected to logic 1 or logic 0. (LINT-32)
   Pin 'Base[46]' is connected to logic 0. 
Warning: In design 'msrv_soc_adrdecs__939583', a pin on submodule 'systemcontrollerdec' is connected to logic 1 or logic 0. (LINT-32)
   Pin 'Base[45]' is connected to logic 0. 
Warning: In design 'msrv_soc_adrdecs__939583', a pin on submodule 'systemcontrollerdec' is connected to logic 1 or logic 0. (LINT-32)
   Pin 'Base[44]' is connected to logic 0. 
Warning: In design 'msrv_soc_adrdecs__939583', a pin on submodule 'systemcontrollerdec' is connected to logic 1 or logic 0. (LINT-32)
   Pin 'Base[43]' is connected to logic 0. 
Warning: In design 'msrv_soc_adrdecs__939583', a pin on submodule 'systemcontrollerdec' is connected to logic 1 or logic 0. (LINT-32)
   Pin 'Base[42]' is connected to logic 0. 
Warning: In design 'msrv_soc_adrdecs__939583', a pin on submodule 'systemcontrollerdec' is connected to logic 1 or logic 0. (LINT-32)
   Pin 'Base[41]' is connected to logic 0. 
Warning: In design 'msrv_soc_adrdecs__939583', a pin on submodule 'systemcontrollerdec' is connected to logic 1 or logic 0. (LINT-32)
   Pin 'Base[40]' is connected to logic 0. 
Warning: In design 'msrv_soc_adrdecs__939583', a pin on submodule 'systemcontrollerdec' is connected to logic 1 or logic 0. (LINT-32)
   Pin 'Base[39]' is connected to logic 0. 
Warning: In design 'msrv_soc_adrdecs__939583', a pin on submodule 'systemcontrollerdec' is connected to logic 1 or logic 0. (LINT-32)
   Pin 'Base[38]' is connected to logic 0. 
Warning: In design 'msrv_soc_adrdecs__939583', a pin on submodule 'systemcontrollerdec' is connected to logic 1 or logic 0. (LINT-32)
   Pin 'Base[37]' is connected to logic 0. 
Warning: In design 'msrv_soc_adrdecs__939583', a pin on submodule 'systemcontrollerdec' is connected to logic 1 or logic 0. (LINT-32)
   Pin 'Base[36]' is connected to logic 0. 
Warning: In design 'msrv_soc_adrdecs__939583', a pin on submodule 'systemcontrollerdec' is connected to logic 1 or logic 0. (LINT-32)
   Pin 'Base[35]' is connected to logic 0. 
Warning: In design 'msrv_soc_adrdecs__939583', a pin on submodule 'systemcontrollerdec' is connected to logic 1 or logic 0. (LINT-32)
   Pin 'Base[34]' is connected to logic 0. 
Warning: In design 'msrv_soc_adrdecs__939583', a pin on submodule 'systemcontrollerdec' is connected to logic 1 or logic 0. (LINT-32)
   Pin 'Base[33]' is connected to logic 0. 
Warning: In design 'msrv_soc_adrdecs__939583', a pin on submodule 'systemcontrollerdec' is connected to logic 1 or logic 0. (LINT-32)
   Pin 'Base[32]' is connected to logic 0. 
Warning: In design 'msrv_soc_adrdecs__939583', a pin on submodule 'systemcontrollerdec' is connected to logic 1 or logic 0. (LINT-32)
   Pin 'Base[31]' is connected to logic 0. 
Warning: In design 'msrv_soc_adrdecs__939583', a pin on submodule 'systemcontrollerdec' is connected to logic 1 or logic 0. (LINT-32)
   Pin 'Base[30]' is connected to logic 0. 
Warning: In design 'msrv_soc_adrdecs__939583', a pin on submodule 'systemcontrollerdec' is connected to logic 1 or logic 0. (LINT-32)
   Pin 'Base[29]' is connected to logic 0. 
Warning: In design 'msrv_soc_adrdecs__939583', a pin on submodule 'systemcontrollerdec' is connected to logic 1 or logic 0. (LINT-32)
   Pin 'Base[28]' is connected to logic 1. 
Warning: In design 'msrv_soc_adrdecs__939583', a pin on submodule 'systemcontrollerdec' is connected to logic 1 or logic 0. (LINT-32)
   Pin 'Base[27]' is connected to logic 0. 
Warning: In design 'msrv_soc_adrdecs__939583', a pin on submodule 'systemcontrollerdec' is connected to logic 1 or logic 0. (LINT-32)
   Pin 'Base[26]' is connected to logic 0. 
Warning: In design 'msrv_soc_adrdecs__939583', a pin on submodule 'systemcontrollerdec' is connected to logic 1 or logic 0. (LINT-32)
   Pin 'Base[25]' is connected to logic 0. 
Warning: In design 'msrv_soc_adrdecs__939583', a pin on submodule 'systemcontrollerdec' is connected to logic 1 or logic 0. (LINT-32)
   Pin 'Base[24]' is connected to logic 0. 
Warning: In design 'msrv_soc_adrdecs__939583', a pin on submodule 'systemcontrollerdec' is connected to logic 1 or logic 0. (LINT-32)
   Pin 'Base[23]' is connected to logic 0. 
Warning: In design 'msrv_soc_adrdecs__939583', a pin on submodule 'systemcontrollerdec' is connected to logic 1 or logic 0. (LINT-32)
   Pin 'Base[22]' is connected to logic 0. 
Warning: In design 'msrv_soc_adrdecs__939583', a pin on submodule 'systemcontrollerdec' is connected to logic 1 or logic 0. (LINT-32)
   Pin 'Base[21]' is connected to logic 0. 
Warning: In design 'msrv_soc_adrdecs__939583', a pin on submodule 'systemcontrollerdec' is connected to logic 1 or logic 0. (LINT-32)
   Pin 'Base[20]' is connected to logic 0. 
Warning: In design 'msrv_soc_adrdecs__939583', a pin on submodule 'systemcontrollerdec' is connected to logic 1 or logic 0. (LINT-32)
   Pin 'Base[19]' is connected to logic 0. 
Warning: In design 'msrv_soc_adrdecs__939583', a pin on submodule 'systemcontrollerdec' is connected to logic 1 or logic 0. (LINT-32)
   Pin 'Base[18]' is connected to logic 0. 
Warning: In design 'msrv_soc_adrdecs__939583', a pin on submodule 'systemcontrollerdec' is connected to logic 1 or logic 0. (LINT-32)
   Pin 'Base[17]' is connected to logic 1. 
Warning: In design 'msrv_soc_adrdecs__939583', a pin on submodule 'systemcontrollerdec' is connected to logic 1 or logic 0. (LINT-32)
   Pin 'Base[16]' is connected to logic 1. 
Warning: In design 'msrv_soc_adrdecs__939583', a pin on submodule 'systemcontrollerdec' is connected to logic 1 or logic 0. (LINT-32)
   Pin 'Base[15]' is connected to logic 0. 
Warning: In design 'msrv_soc_adrdecs__939583', a pin on submodule 'systemcontrollerdec' is connected to logic 1 or logic 0. (LINT-32)
   Pin 'Base[14]' is connected to logic 0. 
Warning: In design 'msrv_soc_adrdecs__939583', a pin on submodule 'systemcontrollerdec' is connected to logic 1 or logic 0. (LINT-32)
   Pin 'Base[13]' is connected to logic 0. 
Warning: In design 'msrv_soc_adrdecs__939583', a pin on submodule 'systemcontrollerdec' is connected to logic 1 or logic 0. (LINT-32)
   Pin 'Base[12]' is connected to logic 0. 
Warning: In design 'msrv_soc_adrdecs__939583', a pin on submodule 'systemcontrollerdec' is connected to logic 1 or logic 0. (LINT-32)
   Pin 'Base[11]' is connected to logic 0. 
Warning: In design 'msrv_soc_adrdecs__939583', a pin on submodule 'systemcontrollerdec' is connected to logic 1 or logic 0. (LINT-32)
   Pin 'Base[10]' is connected to logic 0. 
Warning: In design 'msrv_soc_adrdecs__939583', a pin on submodule 'systemcontrollerdec' is connected to logic 1 or logic 0. (LINT-32)
   Pin 'Base[9]' is connected to logic 0. 
Warning: In design 'msrv_soc_adrdecs__939583', a pin on submodule 'systemcontrollerdec' is connected to logic 1 or logic 0. (LINT-32)
   Pin 'Base[8]' is connected to logic 0. 
Warning: In design 'msrv_soc_adrdecs__939583', a pin on submodule 'systemcontrollerdec' is connected to logic 1 or logic 0. (LINT-32)
   Pin 'Base[7]' is connected to logic 0. 
Warning: In design 'msrv_soc_adrdecs__939583', a pin on submodule 'systemcontrollerdec' is connected to logic 1 or logic 0. (LINT-32)
   Pin 'Base[6]' is connected to logic 0. 
Warning: In design 'msrv_soc_adrdecs__939583', a pin on submodule 'systemcontrollerdec' is connected to logic 1 or logic 0. (LINT-32)
   Pin 'Base[5]' is connected to logic 0. 
Warning: In design 'msrv_soc_adrdecs__939583', a pin on submodule 'systemcontrollerdec' is connected to logic 1 or logic 0. (LINT-32)
   Pin 'Base[4]' is connected to logic 0. 
Warning: In design 'msrv_soc_adrdecs__939583', a pin on submodule 'systemcontrollerdec' is connected to logic 1 or logic 0. (LINT-32)
   Pin 'Base[3]' is connected to logic 0. 
Warning: In design 'msrv_soc_adrdecs__939583', a pin on submodule 'systemcontrollerdec' is connected to logic 1 or logic 0. (LINT-32)
   Pin 'Base[2]' is connected to logic 0. 
Warning: In design 'msrv_soc_adrdecs__939583', a pin on submodule 'systemcontrollerdec' is connected to logic 1 or logic 0. (LINT-32)
   Pin 'Base[1]' is connected to logic 0. 
Warning: In design 'msrv_soc_adrdecs__939583', a pin on submodule 'systemcontrollerdec' is connected to logic 1 or logic 0. (LINT-32)
   Pin 'Base[0]' is connected to logic 0. 
Warning: In design 'msrv_soc_adrdecs__939583', a pin on submodule 'systemcontrollerdec' is connected to logic 1 or logic 0. (LINT-32)
   Pin 'Range[55]' is connected to logic 0. 
Warning: In design 'msrv_soc_adrdecs__939583', a pin on submodule 'systemcontrollerdec' is connected to logic 1 or logic 0. (LINT-32)
   Pin 'Range[54]' is connected to logic 0. 
Warning: In design 'msrv_soc_adrdecs__939583', a pin on submodule 'systemcontrollerdec' is connected to logic 1 or logic 0. (LINT-32)
   Pin 'Range[53]' is connected to logic 0. 
Warning: In design 'msrv_soc_adrdecs__939583', a pin on submodule 'systemcontrollerdec' is connected to logic 1 or logic 0. (LINT-32)
   Pin 'Range[52]' is connected to logic 0. 
Warning: In design 'msrv_soc_adrdecs__939583', a pin on submodule 'systemcontrollerdec' is connected to logic 1 or logic 0. (LINT-32)
   Pin 'Range[51]' is connected to logic 0. 
Warning: In design 'msrv_soc_adrdecs__939583', a pin on submodule 'systemcontrollerdec' is connected to logic 1 or logic 0. (LINT-32)
   Pin 'Range[50]' is connected to logic 0. 
Warning: In design 'msrv_soc_adrdecs__939583', a pin on submodule 'systemcontrollerdec' is connected to logic 1 or logic 0. (LINT-32)
   Pin 'Range[49]' is connected to logic 0. 
Warning: In design 'msrv_soc_adrdecs__939583', a pin on submodule 'systemcontrollerdec' is connected to logic 1 or logic 0. (LINT-32)
   Pin 'Range[48]' is connected to logic 0. 
Warning: In design 'msrv_soc_adrdecs__939583', a pin on submodule 'systemcontrollerdec' is connected to logic 1 or logic 0. (LINT-32)
   Pin 'Range[47]' is connected to logic 0. 
Warning: In design 'msrv_soc_adrdecs__939583', a pin on submodule 'systemcontrollerdec' is connected to logic 1 or logic 0. (LINT-32)
   Pin 'Range[46]' is connected to logic 0. 
Warning: In design 'msrv_soc_adrdecs__939583', a pin on submodule 'systemcontrollerdec' is connected to logic 1 or logic 0. (LINT-32)
   Pin 'Range[45]' is connected to logic 0. 
Warning: In design 'msrv_soc_adrdecs__939583', a pin on submodule 'systemcontrollerdec' is connected to logic 1 or logic 0. (LINT-32)
   Pin 'Range[44]' is connected to logic 0. 
Warning: In design 'msrv_soc_adrdecs__939583', a pin on submodule 'systemcontrollerdec' is connected to logic 1 or logic 0. (LINT-32)
   Pin 'Range[43]' is connected to logic 0. 
Warning: In design 'msrv_soc_adrdecs__939583', a pin on submodule 'systemcontrollerdec' is connected to logic 1 or logic 0. (LINT-32)
   Pin 'Range[42]' is connected to logic 0. 
Warning: In design 'msrv_soc_adrdecs__939583', a pin on submodule 'systemcontrollerdec' is connected to logic 1 or logic 0. (LINT-32)
   Pin 'Range[41]' is connected to logic 0. 
Warning: In design 'msrv_soc_adrdecs__939583', a pin on submodule 'systemcontrollerdec' is connected to logic 1 or logic 0. (LINT-32)
   Pin 'Range[40]' is connected to logic 0. 
Warning: In design 'msrv_soc_adrdecs__939583', a pin on submodule 'systemcontrollerdec' is connected to logic 1 or logic 0. (LINT-32)
   Pin 'Range[39]' is connected to logic 0. 
Warning: In design 'msrv_soc_adrdecs__939583', a pin on submodule 'systemcontrollerdec' is connected to logic 1 or logic 0. (LINT-32)
   Pin 'Range[38]' is connected to logic 0. 
Warning: In design 'msrv_soc_adrdecs__939583', a pin on submodule 'systemcontrollerdec' is connected to logic 1 or logic 0. (LINT-32)
   Pin 'Range[37]' is connected to logic 0. 
Warning: In design 'msrv_soc_adrdecs__939583', a pin on submodule 'systemcontrollerdec' is connected to logic 1 or logic 0. (LINT-32)
   Pin 'Range[36]' is connected to logic 0. 
Warning: In design 'msrv_soc_adrdecs__939583', a pin on submodule 'systemcontrollerdec' is connected to logic 1 or logic 0. (LINT-32)
   Pin 'Range[35]' is connected to logic 0. 
Warning: In design 'msrv_soc_adrdecs__939583', a pin on submodule 'systemcontrollerdec' is connected to logic 1 or logic 0. (LINT-32)
   Pin 'Range[34]' is connected to logic 0. 
Warning: In design 'msrv_soc_adrdecs__939583', a pin on submodule 'systemcontrollerdec' is connected to logic 1 or logic 0. (LINT-32)
   Pin 'Range[33]' is connected to logic 0. 
Warning: In design 'msrv_soc_adrdecs__939583', a pin on submodule 'systemcontrollerdec' is connected to logic 1 or logic 0. (LINT-32)
   Pin 'Range[32]' is connected to logic 0. 
Warning: In design 'msrv_soc_adrdecs__939583', a pin on submodule 'systemcontrollerdec' is connected to logic 1 or logic 0. (LINT-32)
   Pin 'Range[31]' is connected to logic 0. 
Warning: In design 'msrv_soc_adrdecs__939583', a pin on submodule 'systemcontrollerdec' is connected to logic 1 or logic 0. (LINT-32)
   Pin 'Range[30]' is connected to logic 0. 
Warning: In design 'msrv_soc_adrdecs__939583', a pin on submodule 'systemcontrollerdec' is connected to logic 1 or logic 0. (LINT-32)
   Pin 'Range[29]' is connected to logic 0. 
Warning: In design 'msrv_soc_adrdecs__939583', a pin on submodule 'systemcontrollerdec' is connected to logic 1 or logic 0. (LINT-32)
   Pin 'Range[28]' is connected to logic 0. 
Warning: In design 'msrv_soc_adrdecs__939583', a pin on submodule 'systemcontrollerdec' is connected to logic 1 or logic 0. (LINT-32)
   Pin 'Range[27]' is connected to logic 0. 
Warning: In design 'msrv_soc_adrdecs__939583', a pin on submodule 'systemcontrollerdec' is connected to logic 1 or logic 0. (LINT-32)
   Pin 'Range[26]' is connected to logic 0. 
Warning: In design 'msrv_soc_adrdecs__939583', a pin on submodule 'systemcontrollerdec' is connected to logic 1 or logic 0. (LINT-32)
   Pin 'Range[25]' is connected to logic 0. 
Warning: In design 'msrv_soc_adrdecs__939583', a pin on submodule 'systemcontrollerdec' is connected to logic 1 or logic 0. (LINT-32)
   Pin 'Range[24]' is connected to logic 0. 
Warning: In design 'msrv_soc_adrdecs__939583', a pin on submodule 'systemcontrollerdec' is connected to logic 1 or logic 0. (LINT-32)
   Pin 'Range[23]' is connected to logic 0. 
Warning: In design 'msrv_soc_adrdecs__939583', a pin on submodule 'systemcontrollerdec' is connected to logic 1 or logic 0. (LINT-32)
   Pin 'Range[22]' is connected to logic 0. 
Warning: In design 'msrv_soc_adrdecs__939583', a pin on submodule 'systemcontrollerdec' is connected to logic 1 or logic 0. (LINT-32)
   Pin 'Range[21]' is connected to logic 0. 
Warning: In design 'msrv_soc_adrdecs__939583', a pin on submodule 'systemcontrollerdec' is connected to logic 1 or logic 0. (LINT-32)
   Pin 'Range[20]' is connected to logic 0. 
Warning: In design 'msrv_soc_adrdecs__939583', a pin on submodule 'systemcontrollerdec' is connected to logic 1 or logic 0. (LINT-32)
   Pin 'Range[19]' is connected to logic 0. 
Warning: In design 'msrv_soc_adrdecs__939583', a pin on submodule 'systemcontrollerdec' is connected to logic 1 or logic 0. (LINT-32)
   Pin 'Range[18]' is connected to logic 0. 
Warning: In design 'msrv_soc_adrdecs__939583', a pin on submodule 'systemcontrollerdec' is connected to logic 1 or logic 0. (LINT-32)
   Pin 'Range[17]' is connected to logic 0. 
Warning: In design 'msrv_soc_adrdecs__939583', a pin on submodule 'systemcontrollerdec' is connected to logic 1 or logic 0. (LINT-32)
   Pin 'Range[16]' is connected to logic 0. 
Warning: In design 'msrv_soc_adrdecs__939583', a pin on submodule 'systemcontrollerdec' is connected to logic 1 or logic 0. (LINT-32)
   Pin 'Range[15]' is connected to logic 0. 
Warning: In design 'msrv_soc_adrdecs__939583', a pin on submodule 'systemcontrollerdec' is connected to logic 1 or logic 0. (LINT-32)
   Pin 'Range[14]' is connected to logic 0. 
Warning: In design 'msrv_soc_adrdecs__939583', a pin on submodule 'systemcontrollerdec' is connected to logic 1 or logic 0. (LINT-32)
   Pin 'Range[13]' is connected to logic 0. 
Warning: In design 'msrv_soc_adrdecs__939583', a pin on submodule 'systemcontrollerdec' is connected to logic 1 or logic 0. (LINT-32)
   Pin 'Range[12]' is connected to logic 0. 
Warning: In design 'msrv_soc_adrdecs__939583', a pin on submodule 'systemcontrollerdec' is connected to logic 1 or logic 0. (LINT-32)
   Pin 'Range[11]' is connected to logic 0. 
Warning: In design 'msrv_soc_adrdecs__939583', a pin on submodule 'systemcontrollerdec' is connected to logic 1 or logic 0. (LINT-32)
   Pin 'Range[10]' is connected to logic 0. 
Warning: In design 'msrv_soc_adrdecs__939583', a pin on submodule 'systemcontrollerdec' is connected to logic 1 or logic 0. (LINT-32)
   Pin 'Range[9]' is connected to logic 0. 
Warning: In design 'msrv_soc_adrdecs__939583', a pin on submodule 'systemcontrollerdec' is connected to logic 1 or logic 0. (LINT-32)
   Pin 'Range[8]' is connected to logic 0. 
Warning: In design 'msrv_soc_adrdecs__939583', a pin on submodule 'systemcontrollerdec' is connected to logic 1 or logic 0. (LINT-32)
   Pin 'Range[7]' is connected to logic 0. 
Warning: In design 'msrv_soc_adrdecs__939583', a pin on submodule 'systemcontrollerdec' is connected to logic 1 or logic 0. (LINT-32)
   Pin 'Range[6]' is connected to logic 0. 
Warning: In design 'msrv_soc_adrdecs__939583', a pin on submodule 'systemcontrollerdec' is connected to logic 1 or logic 0. (LINT-32)
   Pin 'Range[5]' is connected to logic 0. 
Warning: In design 'msrv_soc_adrdecs__939583', a pin on submodule 'systemcontrollerdec' is connected to logic 1 or logic 0. (LINT-32)
   Pin 'Range[4]' is connected to logic 1. 
Warning: In design 'msrv_soc_adrdecs__939583', a pin on submodule 'systemcontrollerdec' is connected to logic 1 or logic 0. (LINT-32)
   Pin 'Range[3]' is connected to logic 1. 
Warning: In design 'msrv_soc_adrdecs__939583', a pin on submodule 'systemcontrollerdec' is connected to logic 1 or logic 0. (LINT-32)
   Pin 'Range[2]' is connected to logic 1. 
Warning: In design 'msrv_soc_adrdecs__939583', a pin on submodule 'systemcontrollerdec' is connected to logic 1 or logic 0. (LINT-32)
   Pin 'Range[1]' is connected to logic 1. 
Warning: In design 'msrv_soc_adrdecs__939583', a pin on submodule 'systemcontrollerdec' is connected to logic 1 or logic 0. (LINT-32)
   Pin 'Range[0]' is connected to logic 1. 
Warning: In design 'msrv_soc_adrdecs__939583', a pin on submodule 'systemcontrollerdec' is connected to logic 1 or logic 0. (LINT-32)
   Pin 'Supported' is connected to logic 1. 
Warning: In design 'msrv_soc_adrdecs__939583', a pin on submodule 'systemcontrollerdec' is connected to logic 1 or logic 0. (LINT-32)
   Pin 'SizeMask[3]' is connected to logic 1. 
Warning: In design 'msrv_soc_adrdecs__939583', a pin on submodule 'systemcontrollerdec' is connected to logic 1 or logic 0. (LINT-32)
   Pin 'SizeMask[2]' is connected to logic 1. 
Warning: In design 'msrv_soc_adrdecs__939583', a pin on submodule 'systemcontrollerdec' is connected to logic 1 or logic 0. (LINT-32)
   Pin 'SizeMask[1]' is connected to logic 1. 
Warning: In design 'msrv_soc_adrdecs__939583', a pin on submodule 'systemcontrollerdec' is connected to logic 1 or logic 0. (LINT-32)
   Pin 'SizeMask[0]' is connected to logic 1. 
Warning: In design 'msrv_soc_system_controller__939583', the same net is connected to more than one pin on submodule 'adrdecs'. (LINT-33)
   Net '*Logic1*' is connected to pins 'AccessRW', 'AccessRX'', 'AccessRWXC'.
Warning: In design 'msrv_soc_adrdecs__939583', the same net is connected to more than one pin on submodule 'dtimdec'. (LINT-33)
   Net '*Logic0*' is connected to pins 'Base[55]', 'Base[54]'', 'Base[53]', 'Base[52]', 'Base[51]', 'Base[50]', 'Base[49]', 'Base[48]', 'Base[47]', 'Base[46]', 'Base[45]', 'Base[44]', 'Base[43]', 'Base[42]', 'Base[41]', 'Base[40]', 'Base[39]', 'Base[38]', 'Base[37]', 'Base[36]', 'Base[35]', 'Base[34]', 'Base[33]', 'Base[32]', 'Base[30]', 'Base[29]', 'Base[28]', 'Base[27]', 'Base[26]', 'Base[25]', 'Base[24]', 'Base[23]', 'Base[22]', 'Base[21]', 'Base[20]', 'Base[19]', 'Base[18]', 'Base[17]', 'Base[16]', 'Base[15]', 'Base[14]', 'Base[13]', 'Base[12]', 'Base[11]', 'Base[10]', 'Base[9]', 'Base[8]', 'Base[7]', 'Base[6]', 'Base[5]', 'Base[4]', 'Base[3]', 'Base[2]', 'Base[1]', 'Base[0]', 'Range[55]', 'Range[54]', 'Range[53]', 'Range[52]', 'Range[51]', 'Range[50]', 'Range[49]', 'Range[48]', 'Range[47]', 'Range[46]', 'Range[45]', 'Range[44]', 'Range[43]', 'Range[42]', 'Range[41]', 'Range[40]', 'Range[39]', 'Range[38]', 'Range[37]', 'Range[36]', 'Range[35]', 'Range[34]', 'Range[33]', 'Range[32]', 'Range[31]', 'Range[30]', 'Range[29]', 'Range[28]', 'Range[27]', 'Range[26]', 'Range[25]', 'Range[24]', 'Range[23]', 'Supported'.
Warning: In design 'msrv_soc_adrdecs__939583', the same net is connected to more than one pin on submodule 'dtimdec'. (LINT-33)
   Net '*Logic1*' is connected to pins 'Base[31]', 'Range[22]'', 'Range[21]', 'Range[20]', 'Range[19]', 'Range[18]', 'Range[17]', 'Range[16]', 'Range[15]', 'Range[14]', 'Range[13]', 'Range[12]', 'Range[11]', 'Range[10]', 'Range[9]', 'Range[8]', 'Range[7]', 'Range[6]', 'Range[5]', 'Range[4]', 'Range[3]', 'Range[2]', 'Range[1]', 'Range[0]', 'SizeMask[3]', 'SizeMask[2]', 'SizeMask[1]', 'SizeMask[0]'.
Warning: In design 'msrv_soc_adrdecs__939583', the same net is connected to more than one pin on submodule 'iromdec'. (LINT-33)
   Net '*Logic0*' is connected to pins 'Base[55]', 'Base[54]'', 'Base[53]', 'Base[52]', 'Base[51]', 'Base[50]', 'Base[49]', 'Base[48]', 'Base[47]', 'Base[46]', 'Base[45]', 'Base[44]', 'Base[43]', 'Base[42]', 'Base[41]', 'Base[40]', 'Base[39]', 'Base[38]', 'Base[37]', 'Base[36]', 'Base[35]', 'Base[34]', 'Base[33]', 'Base[32]', 'Base[30]', 'Base[29]', 'Base[28]', 'Base[27]', 'Base[26]', 'Base[25]', 'Base[24]', 'Base[23]', 'Base[22]', 'Base[21]', 'Base[20]', 'Base[19]', 'Base[18]', 'Base[17]', 'Base[16]', 'Base[15]', 'Base[14]', 'Base[13]', 'Base[12]', 'Base[11]', 'Base[10]', 'Base[9]', 'Base[8]', 'Base[7]', 'Base[6]', 'Base[5]', 'Base[4]', 'Base[3]', 'Base[2]', 'Base[1]', 'Base[0]', 'Range[55]', 'Range[54]', 'Range[53]', 'Range[52]', 'Range[51]', 'Range[50]', 'Range[49]', 'Range[48]', 'Range[47]', 'Range[46]', 'Range[45]', 'Range[44]', 'Range[43]', 'Range[42]', 'Range[41]', 'Range[40]', 'Range[39]', 'Range[38]', 'Range[37]', 'Range[36]', 'Range[35]', 'Range[34]', 'Range[33]', 'Range[32]', 'Range[31]', 'Range[30]', 'Range[29]', 'Range[28]', 'Range[27]', 'Range[26]', 'Range[25]', 'Range[24]', 'Range[23]', 'Supported'.
Warning: In design 'msrv_soc_adrdecs__939583', the same net is connected to more than one pin on submodule 'iromdec'. (LINT-33)
   Net '*Logic1*' is connected to pins 'Base[31]', 'Range[22]'', 'Range[21]', 'Range[20]', 'Range[19]', 'Range[18]', 'Range[17]', 'Range[16]', 'Range[15]', 'Range[14]', 'Range[13]', 'Range[12]', 'Range[11]', 'Range[10]', 'Range[9]', 'Range[8]', 'Range[7]', 'Range[6]', 'Range[5]', 'Range[4]', 'Range[3]', 'Range[2]', 'Range[1]', 'Range[0]', 'SizeMask[3]', 'SizeMask[2]', 'SizeMask[1]', 'SizeMask[0]'.
Warning: In design 'msrv_soc_adrdecs__939583', the same net is connected to more than one pin on submodule 'ddr4dec'. (LINT-33)
   Net '*Logic0*' is connected to pins 'Base[55]', 'Base[54]'', 'Base[53]', 'Base[52]', 'Base[51]', 'Base[50]', 'Base[49]', 'Base[48]', 'Base[47]', 'Base[46]', 'Base[45]', 'Base[44]', 'Base[43]', 'Base[42]', 'Base[41]', 'Base[40]', 'Base[39]', 'Base[38]', 'Base[37]', 'Base[36]', 'Base[35]', 'Base[34]', 'Base[33]', 'Base[32]', 'Base[30]', 'Base[29]', 'Base[28]', 'Base[27]', 'Base[26]', 'Base[25]', 'Base[24]', 'Base[23]', 'Base[22]', 'Base[21]', 'Base[20]', 'Base[19]', 'Base[18]', 'Base[17]', 'Base[16]', 'Base[15]', 'Base[14]', 'Base[13]', 'Base[12]', 'Base[11]', 'Base[10]', 'Base[9]', 'Base[8]', 'Base[7]', 'Base[6]', 'Base[5]', 'Base[4]', 'Base[3]', 'Base[2]', 'Base[1]', 'Base[0]', 'Range[55]', 'Range[54]', 'Range[53]', 'Range[52]', 'Range[51]', 'Range[50]', 'Range[49]', 'Range[48]', 'Range[47]', 'Range[46]', 'Range[45]', 'Range[44]', 'Range[43]', 'Range[42]', 'Range[41]', 'Range[40]', 'Range[39]', 'Range[38]', 'Range[37]', 'Range[36]', 'Range[35]', 'Range[34]', 'Range[33]', 'Range[32]', 'Range[31]', 'Range[30]', 'Range[29]', 'Range[28]', 'Range[27]', 'Supported'.
Warning: In design 'msrv_soc_adrdecs__939583', the same net is connected to more than one pin on submodule 'ddr4dec'. (LINT-33)
   Net '*Logic1*' is connected to pins 'Base[31]', 'Range[26]'', 'Range[25]', 'Range[24]', 'Range[23]', 'Range[22]', 'Range[21]', 'Range[20]', 'Range[19]', 'Range[18]', 'Range[17]', 'Range[16]', 'Range[15]', 'Range[14]', 'Range[13]', 'Range[12]', 'Range[11]', 'Range[10]', 'Range[9]', 'Range[8]', 'Range[7]', 'Range[6]', 'Range[5]', 'Range[4]', 'Range[3]', 'Range[2]', 'Range[1]', 'Range[0]', 'SizeMask[3]', 'SizeMask[2]', 'SizeMask[1]', 'SizeMask[0]'.
Warning: In design 'msrv_soc_adrdecs__939583', the same net is connected to more than one pin on submodule 'bootromdec'. (LINT-33)
   Net '*Logic0*' is connected to pins 'Base[55]', 'Base[54]'', 'Base[53]', 'Base[52]', 'Base[51]', 'Base[50]', 'Base[49]', 'Base[48]', 'Base[47]', 'Base[46]', 'Base[45]', 'Base[44]', 'Base[43]', 'Base[42]', 'Base[41]', 'Base[40]', 'Base[39]', 'Base[38]', 'Base[37]', 'Base[36]', 'Base[35]', 'Base[34]', 'Base[33]', 'Base[32]', 'Base[31]', 'Base[30]', 'Base[29]', 'Base[28]', 'Base[27]', 'Base[26]', 'Base[25]', 'Base[24]', 'Base[23]', 'Base[22]', 'Base[21]', 'Base[20]', 'Base[19]', 'Base[18]', 'Base[17]', 'Base[16]', 'Base[15]', 'Base[14]', 'Base[13]', 'Base[11]', 'Base[10]', 'Base[9]', 'Base[8]', 'Base[7]', 'Base[6]', 'Base[5]', 'Base[4]', 'Base[3]', 'Base[2]', 'Base[1]', 'Base[0]', 'Range[55]', 'Range[54]', 'Range[53]', 'Range[52]', 'Range[51]', 'Range[50]', 'Range[49]', 'Range[48]', 'Range[47]', 'Range[46]', 'Range[45]', 'Range[44]', 'Range[43]', 'Range[42]', 'Range[41]', 'Range[40]', 'Range[39]', 'Range[38]', 'Range[37]', 'Range[36]', 'Range[35]', 'Range[34]', 'Range[33]', 'Range[32]', 'Range[31]', 'Range[30]', 'Range[29]', 'Range[28]', 'Range[27]', 'Range[26]', 'Range[25]', 'Range[24]', 'Range[23]', 'Range[22]', 'Range[21]', 'Range[20]', 'Range[19]', 'Range[18]', 'Range[17]', 'Range[16]', 'Range[15]', 'Range[14]', 'Range[13]', 'Range[12]'.
Warning: In design 'msrv_soc_adrdecs__939583', the same net is connected to more than one pin on submodule 'bootromdec'. (LINT-33)
   Net '*Logic1*' is connected to pins 'Base[12]', 'Range[11]'', 'Range[10]', 'Range[9]', 'Range[8]', 'Range[7]', 'Range[6]', 'Range[5]', 'Range[4]', 'Range[3]', 'Range[2]', 'Range[1]', 'Range[0]', 'Supported', 'SizeMask[3]', 'SizeMask[2]', 'SizeMask[1]', 'SizeMask[0]'.
Warning: In design 'msrv_soc_adrdecs__939583', the same net is connected to more than one pin on submodule 'uncoreramdec'. (LINT-33)
   Net '*Logic0*' is connected to pins 'Base[55]', 'Base[54]'', 'Base[53]', 'Base[52]', 'Base[51]', 'Base[50]', 'Base[49]', 'Base[48]', 'Base[47]', 'Base[46]', 'Base[45]', 'Base[44]', 'Base[43]', 'Base[42]', 'Base[41]', 'Base[40]', 'Base[39]', 'Base[38]', 'Base[37]', 'Base[36]', 'Base[35]', 'Base[34]', 'Base[33]', 'Base[32]', 'Base[30]', 'Base[29]', 'Base[28]', 'Base[27]', 'Base[26]', 'Base[25]', 'Base[24]', 'Base[23]', 'Base[22]', 'Base[21]', 'Base[20]', 'Base[19]', 'Base[18]', 'Base[17]', 'Base[16]', 'Base[15]', 'Base[14]', 'Base[13]', 'Base[12]', 'Base[11]', 'Base[10]', 'Base[9]', 'Base[8]', 'Base[7]', 'Base[6]', 'Base[5]', 'Base[4]', 'Base[3]', 'Base[2]', 'Base[1]', 'Base[0]', 'Range[55]', 'Range[54]', 'Range[53]', 'Range[52]', 'Range[51]', 'Range[50]', 'Range[49]', 'Range[48]', 'Range[47]', 'Range[46]', 'Range[45]', 'Range[44]', 'Range[43]', 'Range[42]', 'Range[41]', 'Range[40]', 'Range[39]', 'Range[38]', 'Range[37]', 'Range[36]', 'Range[35]', 'Range[34]', 'Range[33]', 'Range[32]', 'Range[31]', 'Range[30]', 'Range[29]', 'Range[28]', 'Range[27]'.
Warning: In design 'msrv_soc_adrdecs__939583', the same net is connected to more than one pin on submodule 'uncoreramdec'. (LINT-33)
   Net '*Logic1*' is connected to pins 'Base[31]', 'Range[26]'', 'Range[25]', 'Range[24]', 'Range[23]', 'Range[22]', 'Range[21]', 'Range[20]', 'Range[19]', 'Range[18]', 'Range[17]', 'Range[16]', 'Range[15]', 'Range[14]', 'Range[13]', 'Range[12]', 'Range[11]', 'Range[10]', 'Range[9]', 'Range[8]', 'Range[7]', 'Range[6]', 'Range[5]', 'Range[4]', 'Range[3]', 'Range[2]', 'Range[1]', 'Range[0]', 'Supported', 'SizeMask[3]', 'SizeMask[2]', 'SizeMask[1]', 'SizeMask[0]'.
Warning: In design 'msrv_soc_adrdecs__939583', the same net is connected to more than one pin on submodule 'clintdec'. (LINT-33)
   Net '*Logic0*' is connected to pins 'Base[55]', 'Base[54]'', 'Base[53]', 'Base[52]', 'Base[51]', 'Base[50]', 'Base[49]', 'Base[48]', 'Base[47]', 'Base[46]', 'Base[45]', 'Base[44]', 'Base[43]', 'Base[42]', 'Base[41]', 'Base[40]', 'Base[39]', 'Base[38]', 'Base[37]', 'Base[36]', 'Base[35]', 'Base[34]', 'Base[33]', 'Base[32]', 'Base[31]', 'Base[30]', 'Base[29]', 'Base[28]', 'Base[27]', 'Base[26]', 'Base[24]', 'Base[23]', 'Base[22]', 'Base[21]', 'Base[20]', 'Base[19]', 'Base[18]', 'Base[17]', 'Base[16]', 'Base[15]', 'Base[14]', 'Base[13]', 'Base[12]', 'Base[11]', 'Base[10]', 'Base[9]', 'Base[8]', 'Base[7]', 'Base[6]', 'Base[5]', 'Base[4]', 'Base[3]', 'Base[2]', 'Base[1]', 'Base[0]', 'Range[55]', 'Range[54]', 'Range[53]', 'Range[52]', 'Range[51]', 'Range[50]', 'Range[49]', 'Range[48]', 'Range[47]', 'Range[46]', 'Range[45]', 'Range[44]', 'Range[43]', 'Range[42]', 'Range[41]', 'Range[40]', 'Range[39]', 'Range[38]', 'Range[37]', 'Range[36]', 'Range[35]', 'Range[34]', 'Range[33]', 'Range[32]', 'Range[31]', 'Range[30]', 'Range[29]', 'Range[28]', 'Range[27]', 'Range[26]', 'Range[25]', 'Range[24]', 'Range[23]', 'Range[22]', 'Range[21]', 'Range[20]', 'Range[19]', 'Range[18]', 'Range[17]', 'Range[16]'.
Warning: In design 'msrv_soc_adrdecs__939583', the same net is connected to more than one pin on submodule 'clintdec'. (LINT-33)
   Net '*Logic1*' is connected to pins 'Base[25]', 'Range[15]'', 'Range[14]', 'Range[13]', 'Range[12]', 'Range[11]', 'Range[10]', 'Range[9]', 'Range[8]', 'Range[7]', 'Range[6]', 'Range[5]', 'Range[4]', 'Range[3]', 'Range[2]', 'Range[1]', 'Range[0]', 'Supported', 'SizeMask[3]', 'SizeMask[2]', 'SizeMask[1]', 'SizeMask[0]'.
Warning: In design 'msrv_soc_adrdecs__939583', the same net is connected to more than one pin on submodule 'gpiodec'. (LINT-33)
   Net '*Logic0*' is connected to pins 'Base[55]', 'Base[54]'', 'Base[53]', 'Base[52]', 'Base[51]', 'Base[50]', 'Base[49]', 'Base[48]', 'Base[47]', 'Base[46]', 'Base[45]', 'Base[44]', 'Base[43]', 'Base[42]', 'Base[41]', 'Base[40]', 'Base[39]', 'Base[38]', 'Base[37]', 'Base[36]', 'Base[35]', 'Base[34]', 'Base[33]', 'Base[32]', 'Base[31]', 'Base[30]', 'Base[29]', 'Base[27]', 'Base[26]', 'Base[25]', 'Base[24]', 'Base[23]', 'Base[22]', 'Base[21]', 'Base[20]', 'Base[19]', 'Base[16]', 'Base[15]', 'Base[14]', 'Base[13]', 'Base[12]', 'Base[11]', 'Base[10]', 'Base[9]', 'Base[8]', 'Base[7]', 'Base[6]', 'Base[5]', 'Base[4]', 'Base[3]', 'Base[2]', 'Base[1]', 'Base[0]', 'Range[55]', 'Range[54]', 'Range[53]', 'Range[52]', 'Range[51]', 'Range[50]', 'Range[49]', 'Range[48]', 'Range[47]', 'Range[46]', 'Range[45]', 'Range[44]', 'Range[43]', 'Range[42]', 'Range[41]', 'Range[40]', 'Range[39]', 'Range[38]', 'Range[37]', 'Range[36]', 'Range[35]', 'Range[34]', 'Range[33]', 'Range[32]', 'Range[31]', 'Range[30]', 'Range[29]', 'Range[28]', 'Range[27]', 'Range[26]', 'Range[25]', 'Range[24]', 'Range[23]', 'Range[22]', 'Range[21]', 'Range[20]', 'Range[19]', 'Range[18]', 'Range[17]', 'Range[16]', 'Range[15]', 'Range[14]', 'Range[13]', 'Range[12]', 'Range[11]', 'Range[10]', 'Range[9]', 'Range[8]', 'SizeMask[3]', 'SizeMask[1]', 'SizeMask[0]'.
Warning: In design 'msrv_soc_adrdecs__939583', the same net is connected to more than one pin on submodule 'gpiodec'. (LINT-33)
   Net '*Logic1*' is connected to pins 'Base[28]', 'Base[18]'', 'Base[17]', 'Range[7]', 'Range[6]', 'Range[5]', 'Range[4]', 'Range[3]', 'Range[2]', 'Range[1]', 'Range[0]', 'Supported', 'SizeMask[2]'.
Warning: In design 'msrv_soc_adrdecs__939583', the same net is connected to more than one pin on submodule 'uartdec'. (LINT-33)
   Net '*Logic0*' is connected to pins 'Base[55]', 'Base[54]'', 'Base[53]', 'Base[52]', 'Base[51]', 'Base[50]', 'Base[49]', 'Base[48]', 'Base[47]', 'Base[46]', 'Base[45]', 'Base[44]', 'Base[43]', 'Base[42]', 'Base[41]', 'Base[40]', 'Base[39]', 'Base[38]', 'Base[37]', 'Base[36]', 'Base[35]', 'Base[34]', 'Base[33]', 'Base[32]', 'Base[31]', 'Base[30]', 'Base[29]', 'Base[27]', 'Base[26]', 'Base[25]', 'Base[24]', 'Base[23]', 'Base[22]', 'Base[21]', 'Base[20]', 'Base[19]', 'Base[18]', 'Base[17]', 'Base[16]', 'Base[15]', 'Base[14]', 'Base[13]', 'Base[12]', 'Base[11]', 'Base[10]', 'Base[9]', 'Base[8]', 'Base[7]', 'Base[6]', 'Base[5]', 'Base[4]', 'Base[3]', 'Base[2]', 'Base[1]', 'Base[0]', 'Range[55]', 'Range[54]', 'Range[53]', 'Range[52]', 'Range[51]', 'Range[50]', 'Range[49]', 'Range[48]', 'Range[47]', 'Range[46]', 'Range[45]', 'Range[44]', 'Range[43]', 'Range[42]', 'Range[41]', 'Range[40]', 'Range[39]', 'Range[38]', 'Range[37]', 'Range[36]', 'Range[35]', 'Range[34]', 'Range[33]', 'Range[32]', 'Range[31]', 'Range[30]', 'Range[29]', 'Range[28]', 'Range[27]', 'Range[26]', 'Range[25]', 'Range[24]', 'Range[23]', 'Range[22]', 'Range[21]', 'Range[20]', 'Range[19]', 'Range[18]', 'Range[17]', 'Range[16]', 'Range[15]', 'Range[14]', 'Range[13]', 'Range[12]', 'Range[11]', 'Range[10]', 'Range[9]', 'Range[8]', 'Range[7]', 'Range[6]', 'Range[5]', 'Range[4]', 'Range[3]', 'SizeMask[3]', 'SizeMask[2]', 'SizeMask[1]'.
Warning: In design 'msrv_soc_adrdecs__939583', the same net is connected to more than one pin on submodule 'uartdec'. (LINT-33)
   Net '*Logic1*' is connected to pins 'Base[28]', 'Range[2]'', 'Range[1]', 'Range[0]', 'Supported', 'SizeMask[0]'.
Warning: In design 'msrv_soc_adrdecs__939583', the same net is connected to more than one pin on submodule 'plicdec'. (LINT-33)
   Net '*Logic0*' is connected to pins 'Base[55]', 'Base[54]'', 'Base[53]', 'Base[52]', 'Base[51]', 'Base[50]', 'Base[49]', 'Base[48]', 'Base[47]', 'Base[46]', 'Base[45]', 'Base[44]', 'Base[43]', 'Base[42]', 'Base[41]', 'Base[40]', 'Base[39]', 'Base[38]', 'Base[37]', 'Base[36]', 'Base[35]', 'Base[34]', 'Base[33]', 'Base[32]', 'Base[31]', 'Base[30]', 'Base[29]', 'Base[28]', 'Base[25]', 'Base[24]', 'Base[23]', 'Base[22]', 'Base[21]', 'Base[20]', 'Base[19]', 'Base[18]', 'Base[17]', 'Base[16]', 'Base[15]', 'Base[14]', 'Base[13]', 'Base[12]', 'Base[11]', 'Base[10]', 'Base[9]', 'Base[8]', 'Base[7]', 'Base[6]', 'Base[5]', 'Base[4]', 'Base[3]', 'Base[2]', 'Base[1]', 'Base[0]', 'Range[55]', 'Range[54]', 'Range[53]', 'Range[52]', 'Range[51]', 'Range[50]', 'Range[49]', 'Range[48]', 'Range[47]', 'Range[46]', 'Range[45]', 'Range[44]', 'Range[43]', 'Range[42]', 'Range[41]', 'Range[40]', 'Range[39]', 'Range[38]', 'Range[37]', 'Range[36]', 'Range[35]', 'Range[34]', 'Range[33]', 'Range[32]', 'Range[31]', 'Range[30]', 'Range[29]', 'Range[28]', 'Range[27]', 'Range[26]', 'SizeMask[3]', 'SizeMask[1]', 'SizeMask[0]'.
Warning: In design 'msrv_soc_adrdecs__939583', the same net is connected to more than one pin on submodule 'plicdec'. (LINT-33)
   Net '*Logic1*' is connected to pins 'Base[27]', 'Base[26]'', 'Range[25]', 'Range[24]', 'Range[23]', 'Range[22]', 'Range[21]', 'Range[20]', 'Range[19]', 'Range[18]', 'Range[17]', 'Range[16]', 'Range[15]', 'Range[14]', 'Range[13]', 'Range[12]', 'Range[11]', 'Range[10]', 'Range[9]', 'Range[8]', 'Range[7]', 'Range[6]', 'Range[5]', 'Range[4]', 'Range[3]', 'Range[2]', 'Range[1]', 'Range[0]', 'Supported', 'SizeMask[2]'.
Warning: In design 'msrv_soc_adrdecs__939583', the same net is connected to more than one pin on submodule 'sdcdec'. (LINT-33)
   Net '*Logic0*' is connected to pins 'Base[55]', 'Base[54]'', 'Base[53]', 'Base[52]', 'Base[51]', 'Base[50]', 'Base[49]', 'Base[48]', 'Base[47]', 'Base[46]', 'Base[45]', 'Base[44]', 'Base[43]', 'Base[42]', 'Base[41]', 'Base[40]', 'Base[39]', 'Base[38]', 'Base[37]', 'Base[36]', 'Base[35]', 'Base[34]', 'Base[33]', 'Base[32]', 'Base[31]', 'Base[30]', 'Base[29]', 'Base[28]', 'Base[27]', 'Base[26]', 'Base[25]', 'Base[24]', 'Base[23]', 'Base[22]', 'Base[21]', 'Base[20]', 'Base[19]', 'Base[18]', 'Base[17]', 'Base[15]', 'Base[14]', 'Base[11]', 'Base[10]', 'Base[9]', 'Base[8]', 'Base[7]', 'Base[6]', 'Base[5]', 'Base[4]', 'Base[3]', 'Base[2]', 'Base[1]', 'Base[0]', 'Range[55]', 'Range[54]', 'Range[53]', 'Range[52]', 'Range[51]', 'Range[50]', 'Range[49]', 'Range[48]', 'Range[47]', 'Range[46]', 'Range[45]', 'Range[44]', 'Range[43]', 'Range[42]', 'Range[41]', 'Range[40]', 'Range[39]', 'Range[38]', 'Range[37]', 'Range[36]', 'Range[35]', 'Range[34]', 'Range[33]', 'Range[32]', 'Range[31]', 'Range[30]', 'Range[29]', 'Range[28]', 'Range[27]', 'Range[26]', 'Range[25]', 'Range[24]', 'Range[23]', 'Range[22]', 'Range[21]', 'Range[20]', 'Range[19]', 'Range[18]', 'Range[17]', 'Range[16]', 'Range[15]', 'Range[14]', 'Range[13]', 'Range[12]', 'Range[11]', 'Range[10]', 'Range[9]', 'Range[8]', 'Range[7]', 'Supported', 'SizeMask[1]', 'SizeMask[0]'.
Warning: In design 'msrv_soc_adrdecs__939583', the same net is connected to more than one pin on submodule 'sdcdec'. (LINT-33)
   Net '*Logic1*' is connected to pins 'Base[16]', 'Base[13]'', 'Base[12]', 'Range[6]', 'Range[5]', 'Range[4]', 'Range[3]', 'Range[2]', 'Range[1]', 'Range[0]', 'SizeMask[3]', 'SizeMask[2]'.
Warning: In design 'msrv_soc_adrdecs__939583', the same net is connected to more than one pin on submodule 'spidec'. (LINT-33)
   Net '*Logic0*' is connected to pins 'Base[55]', 'Base[54]'', 'Base[53]', 'Base[52]', 'Base[51]', 'Base[50]', 'Base[49]', 'Base[48]', 'Base[47]', 'Base[46]', 'Base[45]', 'Base[44]', 'Base[43]', 'Base[42]', 'Base[41]', 'Base[40]', 'Base[39]', 'Base[38]', 'Base[37]', 'Base[36]', 'Base[35]', 'Base[34]', 'Base[33]', 'Base[32]', 'Base[31]', 'Base[30]', 'Base[29]', 'Base[27]', 'Base[26]', 'Base[25]', 'Base[24]', 'Base[23]', 'Base[22]', 'Base[21]', 'Base[20]', 'Base[19]', 'Base[17]', 'Base[16]', 'Base[15]', 'Base[14]', 'Base[13]', 'Base[12]', 'Base[11]', 'Base[10]', 'Base[9]', 'Base[8]', 'Base[7]', 'Base[6]', 'Base[5]', 'Base[4]', 'Base[3]', 'Base[2]', 'Base[1]', 'Base[0]', 'Range[55]', 'Range[54]', 'Range[53]', 'Range[52]', 'Range[51]', 'Range[50]', 'Range[49]', 'Range[48]', 'Range[47]', 'Range[46]', 'Range[45]', 'Range[44]', 'Range[43]', 'Range[42]', 'Range[41]', 'Range[40]', 'Range[39]', 'Range[38]', 'Range[37]', 'Range[36]', 'Range[35]', 'Range[34]', 'Range[33]', 'Range[32]', 'Range[31]', 'Range[30]', 'Range[29]', 'Range[28]', 'Range[27]', 'Range[26]', 'Range[25]', 'Range[24]', 'Range[23]', 'Range[22]', 'Range[21]', 'Range[20]', 'Range[19]', 'Range[18]', 'Range[17]', 'Range[16]', 'Range[15]', 'Range[14]', 'Range[13]', 'Range[12]', 'SizeMask[3]', 'SizeMask[1]', 'SizeMask[0]'.
Warning: In design 'msrv_soc_adrdecs__939583', the same net is connected to more than one pin on submodule 'spidec'. (LINT-33)
   Net '*Logic1*' is connected to pins 'Base[28]', 'Base[18]'', 'Range[11]', 'Range[10]', 'Range[9]', 'Range[8]', 'Range[7]', 'Range[6]', 'Range[5]', 'Range[4]', 'Range[3]', 'Range[2]', 'Range[1]', 'Range[0]', 'Supported', 'SizeMask[2]'.
Warning: In design 'msrv_soc_adrdecs__939583', the same net is connected to more than one pin on submodule 'systemcontrollerdec'. (LINT-33)
   Net '*Logic0*' is connected to pins 'Base[55]', 'Base[54]'', 'Base[53]', 'Base[52]', 'Base[51]', 'Base[50]', 'Base[49]', 'Base[48]', 'Base[47]', 'Base[46]', 'Base[45]', 'Base[44]', 'Base[43]', 'Base[42]', 'Base[41]', 'Base[40]', 'Base[39]', 'Base[38]', 'Base[37]', 'Base[36]', 'Base[35]', 'Base[34]', 'Base[33]', 'Base[32]', 'Base[31]', 'Base[30]', 'Base[29]', 'Base[27]', 'Base[26]', 'Base[25]', 'Base[24]', 'Base[23]', 'Base[22]', 'Base[21]', 'Base[20]', 'Base[19]', 'Base[18]', 'Base[15]', 'Base[14]', 'Base[13]', 'Base[12]', 'Base[11]', 'Base[10]', 'Base[9]', 'Base[8]', 'Base[7]', 'Base[6]', 'Base[5]', 'Base[4]', 'Base[3]', 'Base[2]', 'Base[1]', 'Base[0]', 'Range[55]', 'Range[54]', 'Range[53]', 'Range[52]', 'Range[51]', 'Range[50]', 'Range[49]', 'Range[48]', 'Range[47]', 'Range[46]', 'Range[45]', 'Range[44]', 'Range[43]', 'Range[42]', 'Range[41]', 'Range[40]', 'Range[39]', 'Range[38]', 'Range[37]', 'Range[36]', 'Range[35]', 'Range[34]', 'Range[33]', 'Range[32]', 'Range[31]', 'Range[30]', 'Range[29]', 'Range[28]', 'Range[27]', 'Range[26]', 'Range[25]', 'Range[24]', 'Range[23]', 'Range[22]', 'Range[21]', 'Range[20]', 'Range[19]', 'Range[18]', 'Range[17]', 'Range[16]', 'Range[15]', 'Range[14]', 'Range[13]', 'Range[12]', 'Range[11]', 'Range[10]', 'Range[9]', 'Range[8]', 'Range[7]', 'Range[6]', 'Range[5]'.
Warning: In design 'msrv_soc_adrdecs__939583', the same net is connected to more than one pin on submodule 'systemcontrollerdec'. (LINT-33)
   Net '*Logic1*' is connected to pins 'Base[28]', 'Base[17]'', 'Base[16]', 'Range[4]', 'Range[3]', 'Range[2]', 'Range[1]', 'Range[0]', 'Supported', 'SizeMask[3]', 'SizeMask[2]', 'SizeMask[1]', 'SizeMask[0]'.
Warning: In design 'msrv_soc_register_bank__939583', output port 'resp_sys_ctrl' is connected directly to 'logic 0'. (LINT-52)
1
