
                            Design Compiler (R) NXT 

               Version T-2022.03-SP4 for linux64 - Aug 24, 2022 

                    Copyright (c) 1988 - 2022 Synopsys, Inc.
   This software and the associated documentation are proprietary to Synopsys,
 Inc. This software may only be used in accordance with the terms and conditions
 of a written license agreement with Synopsys, Inc. All other use, reproduction,
   or distribution of this software is strictly prohibited.  Licensed Products
     communicate with Synopsys servers for the purpose of providing software
    updates, detecting software piracy and verifying that customers are using
    Licensed Products in conformity with the applicable License Key for such
  Licensed Products. Synopsys will use information gathered in connection with
    this process to deliver software updates and pursue software pirates and
                                   infringers.

 Inclusivity & Diversity - Visit SolvNetPlus to read the "Synopsys Statement on
            Inclusivity and Diversity" (Refer to article 000036315 at
                        https://solvnetplus.synopsys.com)
Initializing...
Initializing gui preferences from file  /home1/PD07/AMuthuKKumar/.synopsys_dc_gui/preferences.tcl
Warning: Cannot use command line editor for terminal type 'xterm-256color'.  (UI-74)
4.1.1
set DESIGN_NAME msrv_soc_uncore
msrv_soc_uncore
set OUTPUTS_DIR ../outputs/
../outputs/
set SCRIPTS ../scripts
../scripts
set DESIGN_STYLE hier
hier
set PHYSICAL_HIERARCHY_LEVEL top
top
set DC_BLOCK_ABSTRACTION_DESIGNS ""
set DDC_HIER_DESIGNS "msrv_soc_uart_apbwrapper msrv_soc_clint_apbwrapper msrv_soc_plic_apbwrapper msrv_soc_spi_apbwrapper msrv_soc_gpio_apbwrapper msrv_soc_ahbapbbridgewrapper msrv_soc_adrdecswrapper"
msrv_soc_uart_apbwrapper msrv_soc_clint_apbwrapper msrv_soc_plic_apbwrapper msrv_soc_spi_apbwrapper msrv_soc_gpio_apbwrapper msrv_soc_ahbapbbridgewrapper msrv_soc_adrdecswrapper
set UPF_MODE golden
golden
set UPF_FILE ${SCRIPTS}/${DESIGN_NAME}.upf
../scripts/msrv_soc_uncore.upf
set DCRM_NDM_LIBRARY_NAME ${DESIGN_NAME}.ndm
msrv_soc_uncore.ndm
set TECH_FILE "/home1/SAED14_EDK/SAED14_EDK/SAED14nm_EDK_TECH_DATA/tf/saed14nm_1p9m.tf"   
/home1/SAED14_EDK/SAED14_EDK/SAED14nm_EDK_TECH_DATA/tf/saed14nm_1p9m.tf
set REFERENCE_LIBRARY             "/home1/SAED14_EDK/SAED14_EDK/SAED14nm_EDK_STD_LVT/ndm/saed14lvt_dlvl_frame_timing.ndm \
/home1/SAED14_EDK/SAED14_EDK/SAED14nm_EDK_STD_LVT/ndm/saed14lvt_iso_frame_timing.ndm \
/home1/SAED14_EDK/SAED14_EDK/SAED14nm_EDK_STD_LVT/ndm/saed14lvt_ret_frame_timing.ndm \
/home1/SAED14_EDK/SAED14_EDK/SAED14nm_EDK_STD_LVT/ndm/saed14lvt_cg_frame_timing.ndm \
/home1/SAED14_EDK/SAED14_EDK/SAED14nm_EDK_STD_LVT/ndm/saed14lvt_frame_only.ndm \
/home1/SAED14_EDK/SAED14_EDK/SAED14nm_EDK_STD_LVT/ndm/saed14lvt_pg_frame_timing.ndm \
/home1/SAED14_EDK/SAED14_EDK/SAED14nm_EDK_STD_LVT/ndm/saed14lvt_base_frame_timing.ndm \                     
/home1/SAED14_EDK/SAED14_EDK/SAED14nm_EDK_STD_LVT/ndm/saed14lvt_ulvl_frame_timing.ndm \
/home1/SAED14_EDK/SAED14_EDK/SAED14nm_EDK_STD_HVT/ndm/saed14hvt_base_frame_timing.ndm \                 
/home1/SAED14_EDK/SAED14_EDK/SAED14nm_EDK_STD_HVT/ndm/saed14hvt_dlvl_frame_timing.ndm \
/home1/SAED14_EDK/SAED14_EDK/SAED14nm_EDK_STD_HVT/ndm/saed14hvt_iso_frame_timing.ndm \
/home1/SAED14_EDK/SAED14_EDK/SAED14nm_EDK_STD_HVT/ndm/saed14hvt_ret_frame_timing.ndm \
/home1/SAED14_EDK/SAED14_EDK/SAED14nm_EDK_STD_HVT/ndm/saed14hvt_cg_frame_timing.ndm \
/home1/SAED14_EDK/SAED14_EDK/SAED14nm_EDK_STD_HVT/ndm/saed14hvt_frame_only.ndm \
/home1/SAED14_EDK/SAED14_EDK/SAED14nm_EDK_STD_HVT/ndm/saed14hvt_pg_frame_timing.ndm \
/home1/SAED14_EDK/SAED14_EDK/SAED14nm_EDK_STD_HVT/ndm/saed14hvt_ulvl_frame_timing.ndm \
/home1/SAED14_EDK/SAED14_EDK/SAED14nm_EDK_STD_RVT/ndm/saed14rvt_base_frame_timing.ndm \                 
/home1/SAED14_EDK/SAED14_EDK/SAED14nm_EDK_STD_RVT/ndm/saed14rvt_dlvl_frame_timing.ndm \
/home1/SAED14_EDK/SAED14_EDK/SAED14nm_EDK_STD_RVT/ndm/saed14rvt_iso_frame_timing.ndm \
/home1/SAED14_EDK/SAED14_EDK/SAED14nm_EDK_STD_RVT/ndm/saed14rvt_ret_frame_timing.ndm \
/home1/SAED14_EDK/SAED14_EDK/SAED14nm_EDK_STD_RVT/ndm/saed14rvt_cg_frame_timing.ndm \
/home1/SAED14_EDK/SAED14_EDK/SAED14nm_EDK_STD_RVT/ndm/saed14rvt_frame_only.ndm \
/home1/SAED14_EDK/SAED14_EDK/SAED14nm_EDK_STD_RVT/ndm/saed14rvt_pg_frame_timing.ndm \
/home1/SAED14_EDK/SAED14_EDK/SAED14nm_EDK_STD_RVT/ndm/saed14rvt_ulvl_frame_timing.ndm \
/home1/SAED14_EDK/SAED14_EDK/SAED14nm_EDK_SRAM/ndm/saed14sram_frame_only.ndm \
/home1/SAED14_EDK/SAED14_EDK/SAED14nm_EDK_SRAM/ndm/saed14sram_frame_timing.ndm \
/home1/SAED14_EDK/SAED14_EDK/SAED14nm_EDK_IO_WB/ndm/saed14io_WB_frame_only.ndm \
/home1/SAED14_EDK/SAED14_EDK/SAED14nm_EDK_IO_WB/ndm/saed14io_WB_frame_timing.ndm"  
/home1/SAED14_EDK/SAED14_EDK/SAED14nm_EDK_STD_LVT/ndm/saed14lvt_dlvl_frame_timing.ndm  /home1/SAED14_EDK/SAED14_EDK/SAED14nm_EDK_STD_LVT/ndm/saed14lvt_iso_frame_timing.ndm  /home1/SAED14_EDK/SAED14_EDK/SAED14nm_EDK_STD_LVT/ndm/saed14lvt_ret_frame_timing.ndm  /home1/SAED14_EDK/SAED14_EDK/SAED14nm_EDK_STD_LVT/ndm/saed14lvt_cg_frame_timing.ndm  /home1/SAED14_EDK/SAED14_EDK/SAED14nm_EDK_STD_LVT/ndm/saed14lvt_frame_only.ndm  /home1/SAED14_EDK/SAED14_EDK/SAED14nm_EDK_STD_LVT/ndm/saed14lvt_pg_frame_timing.ndm  /home1/SAED14_EDK/SAED14_EDK/SAED14nm_EDK_STD_LVT/ndm/saed14lvt_base_frame_timing.ndm                      
/home1/SAED14_EDK/SAED14_EDK/SAED14nm_EDK_STD_LVT/ndm/saed14lvt_ulvl_frame_timing.ndm  /home1/SAED14_EDK/SAED14_EDK/SAED14nm_EDK_STD_HVT/ndm/saed14hvt_base_frame_timing.ndm                  
/home1/SAED14_EDK/SAED14_EDK/SAED14nm_EDK_STD_HVT/ndm/saed14hvt_dlvl_frame_timing.ndm  /home1/SAED14_EDK/SAED14_EDK/SAED14nm_EDK_STD_HVT/ndm/saed14hvt_iso_frame_timing.ndm  /home1/SAED14_EDK/SAED14_EDK/SAED14nm_EDK_STD_HVT/ndm/saed14hvt_ret_frame_timing.ndm  /home1/SAED14_EDK/SAED14_EDK/SAED14nm_EDK_STD_HVT/ndm/saed14hvt_cg_frame_timing.ndm  /home1/SAED14_EDK/SAED14_EDK/SAED14nm_EDK_STD_HVT/ndm/saed14hvt_frame_only.ndm  /home1/SAED14_EDK/SAED14_EDK/SAED14nm_EDK_STD_HVT/ndm/saed14hvt_pg_frame_timing.ndm  /home1/SAED14_EDK/SAED14_EDK/SAED14nm_EDK_STD_HVT/ndm/saed14hvt_ulvl_frame_timing.ndm  /home1/SAED14_EDK/SAED14_EDK/SAED14nm_EDK_STD_RVT/ndm/saed14rvt_base_frame_timing.ndm                  
/home1/SAED14_EDK/SAED14_EDK/SAED14nm_EDK_STD_RVT/ndm/saed14rvt_dlvl_frame_timing.ndm  /home1/SAED14_EDK/SAED14_EDK/SAED14nm_EDK_STD_RVT/ndm/saed14rvt_iso_frame_timing.ndm  /home1/SAED14_EDK/SAED14_EDK/SAED14nm_EDK_STD_RVT/ndm/saed14rvt_ret_frame_timing.ndm  /home1/SAED14_EDK/SAED14_EDK/SAED14nm_EDK_STD_RVT/ndm/saed14rvt_cg_frame_timing.ndm  /home1/SAED14_EDK/SAED14_EDK/SAED14nm_EDK_STD_RVT/ndm/saed14rvt_frame_only.ndm  /home1/SAED14_EDK/SAED14_EDK/SAED14nm_EDK_STD_RVT/ndm/saed14rvt_pg_frame_timing.ndm  /home1/SAED14_EDK/SAED14_EDK/SAED14nm_EDK_STD_RVT/ndm/saed14rvt_ulvl_frame_timing.ndm  /home1/SAED14_EDK/SAED14_EDK/SAED14nm_EDK_SRAM/ndm/saed14sram_frame_only.ndm  /home1/SAED14_EDK/SAED14_EDK/SAED14nm_EDK_SRAM/ndm/saed14sram_frame_timing.ndm  /home1/SAED14_EDK/SAED14_EDK/SAED14nm_EDK_IO_WB/ndm/saed14io_WB_frame_only.ndm  /home1/SAED14_EDK/SAED14_EDK/SAED14nm_EDK_IO_WB/ndm/saed14io_WB_frame_timing.ndm
##################################
#RTL Variables
##################################
set msrv_soc "/home1/PD07/AMuthuKKumar/Project_CVW_PD12/Synth/rtl"
/home1/PD07/AMuthuKKumar/Project_CVW_PD12/Synth/rtl
set rtl_path {}
set rtl_path "$rtl_path $msrv_soc/msrv_soc_cache"
 /home1/PD07/AMuthuKKumar/Project_CVW_PD12/Synth/rtl/msrv_soc_cache
set rtl_path "$rtl_path $msrv_soc/msrv_soc_ebu"
 /home1/PD07/AMuthuKKumar/Project_CVW_PD12/Synth/rtl/msrv_soc_cache /home1/PD07/AMuthuKKumar/Project_CVW_PD12/Synth/rtl/msrv_soc_ebu
set rtl_path "$rtl_path $msrv_soc/msrv_soc_fpu"
 /home1/PD07/AMuthuKKumar/Project_CVW_PD12/Synth/rtl/msrv_soc_cache /home1/PD07/AMuthuKKumar/Project_CVW_PD12/Synth/rtl/msrv_soc_ebu /home1/PD07/AMuthuKKumar/Project_CVW_PD12/Synth/rtl/msrv_soc_fpu
set rtl_path "$rtl_path $msrv_soc/msrv_soc_fpu/msrv_soc_fdivsqrt"
 /home1/PD07/AMuthuKKumar/Project_CVW_PD12/Synth/rtl/msrv_soc_cache /home1/PD07/AMuthuKKumar/Project_CVW_PD12/Synth/rtl/msrv_soc_ebu /home1/PD07/AMuthuKKumar/Project_CVW_PD12/Synth/rtl/msrv_soc_fpu /home1/PD07/AMuthuKKumar/Project_CVW_PD12/Synth/rtl/msrv_soc_fpu/msrv_soc_fdivsqrt
set rtl_path "$rtl_path $msrv_soc/msrv_soc_fpu/msrv_soc_fma"
 /home1/PD07/AMuthuKKumar/Project_CVW_PD12/Synth/rtl/msrv_soc_cache /home1/PD07/AMuthuKKumar/Project_CVW_PD12/Synth/rtl/msrv_soc_ebu /home1/PD07/AMuthuKKumar/Project_CVW_PD12/Synth/rtl/msrv_soc_fpu /home1/PD07/AMuthuKKumar/Project_CVW_PD12/Synth/rtl/msrv_soc_fpu/msrv_soc_fdivsqrt /home1/PD07/AMuthuKKumar/Project_CVW_PD12/Synth/rtl/msrv_soc_fpu/msrv_soc_fma
set rtl_path "$rtl_path $msrv_soc/msrv_soc_fpu/msrv_soc_postproc"
 /home1/PD07/AMuthuKKumar/Project_CVW_PD12/Synth/rtl/msrv_soc_cache /home1/PD07/AMuthuKKumar/Project_CVW_PD12/Synth/rtl/msrv_soc_ebu /home1/PD07/AMuthuKKumar/Project_CVW_PD12/Synth/rtl/msrv_soc_fpu /home1/PD07/AMuthuKKumar/Project_CVW_PD12/Synth/rtl/msrv_soc_fpu/msrv_soc_fdivsqrt /home1/PD07/AMuthuKKumar/Project_CVW_PD12/Synth/rtl/msrv_soc_fpu/msrv_soc_fma /home1/PD07/AMuthuKKumar/Project_CVW_PD12/Synth/rtl/msrv_soc_fpu/msrv_soc_postproc
set rtl_path "$rtl_path $msrv_soc/msrv_soc_generic"
 /home1/PD07/AMuthuKKumar/Project_CVW_PD12/Synth/rtl/msrv_soc_cache /home1/PD07/AMuthuKKumar/Project_CVW_PD12/Synth/rtl/msrv_soc_ebu /home1/PD07/AMuthuKKumar/Project_CVW_PD12/Synth/rtl/msrv_soc_fpu /home1/PD07/AMuthuKKumar/Project_CVW_PD12/Synth/rtl/msrv_soc_fpu/msrv_soc_fdivsqrt /home1/PD07/AMuthuKKumar/Project_CVW_PD12/Synth/rtl/msrv_soc_fpu/msrv_soc_fma /home1/PD07/AMuthuKKumar/Project_CVW_PD12/Synth/rtl/msrv_soc_fpu/msrv_soc_postproc /home1/PD07/AMuthuKKumar/Project_CVW_PD12/Synth/rtl/msrv_soc_generic
set rtl_path "$rtl_path $msrv_soc/msrv_soc_generic/msrv_soc_mem"
 /home1/PD07/AMuthuKKumar/Project_CVW_PD12/Synth/rtl/msrv_soc_cache /home1/PD07/AMuthuKKumar/Project_CVW_PD12/Synth/rtl/msrv_soc_ebu /home1/PD07/AMuthuKKumar/Project_CVW_PD12/Synth/rtl/msrv_soc_fpu /home1/PD07/AMuthuKKumar/Project_CVW_PD12/Synth/rtl/msrv_soc_fpu/msrv_soc_fdivsqrt /home1/PD07/AMuthuKKumar/Project_CVW_PD12/Synth/rtl/msrv_soc_fpu/msrv_soc_fma /home1/PD07/AMuthuKKumar/Project_CVW_PD12/Synth/rtl/msrv_soc_fpu/msrv_soc_postproc /home1/PD07/AMuthuKKumar/Project_CVW_PD12/Synth/rtl/msrv_soc_generic /home1/PD07/AMuthuKKumar/Project_CVW_PD12/Synth/rtl/msrv_soc_generic/msrv_soc_mem
set rtl_path "$rtl_path $msrv_soc/msrv_soc_generic/msrv_soc_flop"
 /home1/PD07/AMuthuKKumar/Project_CVW_PD12/Synth/rtl/msrv_soc_cache /home1/PD07/AMuthuKKumar/Project_CVW_PD12/Synth/rtl/msrv_soc_ebu /home1/PD07/AMuthuKKumar/Project_CVW_PD12/Synth/rtl/msrv_soc_fpu /home1/PD07/AMuthuKKumar/Project_CVW_PD12/Synth/rtl/msrv_soc_fpu/msrv_soc_fdivsqrt /home1/PD07/AMuthuKKumar/Project_CVW_PD12/Synth/rtl/msrv_soc_fpu/msrv_soc_fma /home1/PD07/AMuthuKKumar/Project_CVW_PD12/Synth/rtl/msrv_soc_fpu/msrv_soc_postproc /home1/PD07/AMuthuKKumar/Project_CVW_PD12/Synth/rtl/msrv_soc_generic /home1/PD07/AMuthuKKumar/Project_CVW_PD12/Synth/rtl/msrv_soc_generic/msrv_soc_mem /home1/PD07/AMuthuKKumar/Project_CVW_PD12/Synth/rtl/msrv_soc_generic/msrv_soc_flop
set rtl_path "$rtl_path $msrv_soc/msrv_soc_hazard"
 /home1/PD07/AMuthuKKumar/Project_CVW_PD12/Synth/rtl/msrv_soc_cache /home1/PD07/AMuthuKKumar/Project_CVW_PD12/Synth/rtl/msrv_soc_ebu /home1/PD07/AMuthuKKumar/Project_CVW_PD12/Synth/rtl/msrv_soc_fpu /home1/PD07/AMuthuKKumar/Project_CVW_PD12/Synth/rtl/msrv_soc_fpu/msrv_soc_fdivsqrt /home1/PD07/AMuthuKKumar/Project_CVW_PD12/Synth/rtl/msrv_soc_fpu/msrv_soc_fma /home1/PD07/AMuthuKKumar/Project_CVW_PD12/Synth/rtl/msrv_soc_fpu/msrv_soc_postproc /home1/PD07/AMuthuKKumar/Project_CVW_PD12/Synth/rtl/msrv_soc_generic /home1/PD07/AMuthuKKumar/Project_CVW_PD12/Synth/rtl/msrv_soc_generic/msrv_soc_mem /home1/PD07/AMuthuKKumar/Project_CVW_PD12/Synth/rtl/msrv_soc_generic/msrv_soc_flop /home1/PD07/AMuthuKKumar/Project_CVW_PD12/Synth/rtl/msrv_soc_hazard
set rtl_path "$rtl_path $msrv_soc/msrv_soc_ieu"
 /home1/PD07/AMuthuKKumar/Project_CVW_PD12/Synth/rtl/msrv_soc_cache /home1/PD07/AMuthuKKumar/Project_CVW_PD12/Synth/rtl/msrv_soc_ebu /home1/PD07/AMuthuKKumar/Project_CVW_PD12/Synth/rtl/msrv_soc_fpu /home1/PD07/AMuthuKKumar/Project_CVW_PD12/Synth/rtl/msrv_soc_fpu/msrv_soc_fdivsqrt /home1/PD07/AMuthuKKumar/Project_CVW_PD12/Synth/rtl/msrv_soc_fpu/msrv_soc_fma /home1/PD07/AMuthuKKumar/Project_CVW_PD12/Synth/rtl/msrv_soc_fpu/msrv_soc_postproc /home1/PD07/AMuthuKKumar/Project_CVW_PD12/Synth/rtl/msrv_soc_generic /home1/PD07/AMuthuKKumar/Project_CVW_PD12/Synth/rtl/msrv_soc_generic/msrv_soc_mem /home1/PD07/AMuthuKKumar/Project_CVW_PD12/Synth/rtl/msrv_soc_generic/msrv_soc_flop /home1/PD07/AMuthuKKumar/Project_CVW_PD12/Synth/rtl/msrv_soc_hazard /home1/PD07/AMuthuKKumar/Project_CVW_PD12/Synth/rtl/msrv_soc_ieu
set rtl_path "$rtl_path $msrv_soc/msrv_soc_ifu"
 /home1/PD07/AMuthuKKumar/Project_CVW_PD12/Synth/rtl/msrv_soc_cache /home1/PD07/AMuthuKKumar/Project_CVW_PD12/Synth/rtl/msrv_soc_ebu /home1/PD07/AMuthuKKumar/Project_CVW_PD12/Synth/rtl/msrv_soc_fpu /home1/PD07/AMuthuKKumar/Project_CVW_PD12/Synth/rtl/msrv_soc_fpu/msrv_soc_fdivsqrt /home1/PD07/AMuthuKKumar/Project_CVW_PD12/Synth/rtl/msrv_soc_fpu/msrv_soc_fma /home1/PD07/AMuthuKKumar/Project_CVW_PD12/Synth/rtl/msrv_soc_fpu/msrv_soc_postproc /home1/PD07/AMuthuKKumar/Project_CVW_PD12/Synth/rtl/msrv_soc_generic /home1/PD07/AMuthuKKumar/Project_CVW_PD12/Synth/rtl/msrv_soc_generic/msrv_soc_mem /home1/PD07/AMuthuKKumar/Project_CVW_PD12/Synth/rtl/msrv_soc_generic/msrv_soc_flop /home1/PD07/AMuthuKKumar/Project_CVW_PD12/Synth/rtl/msrv_soc_hazard /home1/PD07/AMuthuKKumar/Project_CVW_PD12/Synth/rtl/msrv_soc_ieu /home1/PD07/AMuthuKKumar/Project_CVW_PD12/Synth/rtl/msrv_soc_ifu
set rtl_path "$rtl_path $msrv_soc/msrv_soc_ieu/msrv_soc_aes"
 /home1/PD07/AMuthuKKumar/Project_CVW_PD12/Synth/rtl/msrv_soc_cache /home1/PD07/AMuthuKKumar/Project_CVW_PD12/Synth/rtl/msrv_soc_ebu /home1/PD07/AMuthuKKumar/Project_CVW_PD12/Synth/rtl/msrv_soc_fpu /home1/PD07/AMuthuKKumar/Project_CVW_PD12/Synth/rtl/msrv_soc_fpu/msrv_soc_fdivsqrt /home1/PD07/AMuthuKKumar/Project_CVW_PD12/Synth/rtl/msrv_soc_fpu/msrv_soc_fma /home1/PD07/AMuthuKKumar/Project_CVW_PD12/Synth/rtl/msrv_soc_fpu/msrv_soc_postproc /home1/PD07/AMuthuKKumar/Project_CVW_PD12/Synth/rtl/msrv_soc_generic /home1/PD07/AMuthuKKumar/Project_CVW_PD12/Synth/rtl/msrv_soc_generic/msrv_soc_mem /home1/PD07/AMuthuKKumar/Project_CVW_PD12/Synth/rtl/msrv_soc_generic/msrv_soc_flop /home1/PD07/AMuthuKKumar/Project_CVW_PD12/Synth/rtl/msrv_soc_hazard /home1/PD07/AMuthuKKumar/Project_CVW_PD12/Synth/rtl/msrv_soc_ieu /home1/PD07/AMuthuKKumar/Project_CVW_PD12/Synth/rtl/msrv_soc_ifu /home1/PD07/AMuthuKKumar/Project_CVW_PD12/Synth/rtl/msrv_soc_ieu/msrv_soc_aes
set rtl_path "$rtl_path $msrv_soc/msrv_soc_ieu/msrv_soc_bmu"
 /home1/PD07/AMuthuKKumar/Project_CVW_PD12/Synth/rtl/msrv_soc_cache /home1/PD07/AMuthuKKumar/Project_CVW_PD12/Synth/rtl/msrv_soc_ebu /home1/PD07/AMuthuKKumar/Project_CVW_PD12/Synth/rtl/msrv_soc_fpu /home1/PD07/AMuthuKKumar/Project_CVW_PD12/Synth/rtl/msrv_soc_fpu/msrv_soc_fdivsqrt /home1/PD07/AMuthuKKumar/Project_CVW_PD12/Synth/rtl/msrv_soc_fpu/msrv_soc_fma /home1/PD07/AMuthuKKumar/Project_CVW_PD12/Synth/rtl/msrv_soc_fpu/msrv_soc_postproc /home1/PD07/AMuthuKKumar/Project_CVW_PD12/Synth/rtl/msrv_soc_generic /home1/PD07/AMuthuKKumar/Project_CVW_PD12/Synth/rtl/msrv_soc_generic/msrv_soc_mem /home1/PD07/AMuthuKKumar/Project_CVW_PD12/Synth/rtl/msrv_soc_generic/msrv_soc_flop /home1/PD07/AMuthuKKumar/Project_CVW_PD12/Synth/rtl/msrv_soc_hazard /home1/PD07/AMuthuKKumar/Project_CVW_PD12/Synth/rtl/msrv_soc_ieu /home1/PD07/AMuthuKKumar/Project_CVW_PD12/Synth/rtl/msrv_soc_ifu /home1/PD07/AMuthuKKumar/Project_CVW_PD12/Synth/rtl/msrv_soc_ieu/msrv_soc_aes /home1/PD07/AMuthuKKumar/Project_CVW_PD12/Synth/rtl/msrv_soc_ieu/msrv_soc_bmu
set rtl_path "$rtl_path $msrv_soc/msrv_soc_ieu/msrv_soc_kmu"
 /home1/PD07/AMuthuKKumar/Project_CVW_PD12/Synth/rtl/msrv_soc_cache /home1/PD07/AMuthuKKumar/Project_CVW_PD12/Synth/rtl/msrv_soc_ebu /home1/PD07/AMuthuKKumar/Project_CVW_PD12/Synth/rtl/msrv_soc_fpu /home1/PD07/AMuthuKKumar/Project_CVW_PD12/Synth/rtl/msrv_soc_fpu/msrv_soc_fdivsqrt /home1/PD07/AMuthuKKumar/Project_CVW_PD12/Synth/rtl/msrv_soc_fpu/msrv_soc_fma /home1/PD07/AMuthuKKumar/Project_CVW_PD12/Synth/rtl/msrv_soc_fpu/msrv_soc_postproc /home1/PD07/AMuthuKKumar/Project_CVW_PD12/Synth/rtl/msrv_soc_generic /home1/PD07/AMuthuKKumar/Project_CVW_PD12/Synth/rtl/msrv_soc_generic/msrv_soc_mem /home1/PD07/AMuthuKKumar/Project_CVW_PD12/Synth/rtl/msrv_soc_generic/msrv_soc_flop /home1/PD07/AMuthuKKumar/Project_CVW_PD12/Synth/rtl/msrv_soc_hazard /home1/PD07/AMuthuKKumar/Project_CVW_PD12/Synth/rtl/msrv_soc_ieu /home1/PD07/AMuthuKKumar/Project_CVW_PD12/Synth/rtl/msrv_soc_ifu /home1/PD07/AMuthuKKumar/Project_CVW_PD12/Synth/rtl/msrv_soc_ieu/msrv_soc_aes /home1/PD07/AMuthuKKumar/Project_CVW_PD12/Synth/rtl/msrv_soc_ieu/msrv_soc_bmu /home1/PD07/AMuthuKKumar/Project_CVW_PD12/Synth/rtl/msrv_soc_ieu/msrv_soc_kmu
set rtl_path "$rtl_path $msrv_soc/msrv_soc_ieu/msrv_soc_sha"
 /home1/PD07/AMuthuKKumar/Project_CVW_PD12/Synth/rtl/msrv_soc_cache /home1/PD07/AMuthuKKumar/Project_CVW_PD12/Synth/rtl/msrv_soc_ebu /home1/PD07/AMuthuKKumar/Project_CVW_PD12/Synth/rtl/msrv_soc_fpu /home1/PD07/AMuthuKKumar/Project_CVW_PD12/Synth/rtl/msrv_soc_fpu/msrv_soc_fdivsqrt /home1/PD07/AMuthuKKumar/Project_CVW_PD12/Synth/rtl/msrv_soc_fpu/msrv_soc_fma /home1/PD07/AMuthuKKumar/Project_CVW_PD12/Synth/rtl/msrv_soc_fpu/msrv_soc_postproc /home1/PD07/AMuthuKKumar/Project_CVW_PD12/Synth/rtl/msrv_soc_generic /home1/PD07/AMuthuKKumar/Project_CVW_PD12/Synth/rtl/msrv_soc_generic/msrv_soc_mem /home1/PD07/AMuthuKKumar/Project_CVW_PD12/Synth/rtl/msrv_soc_generic/msrv_soc_flop /home1/PD07/AMuthuKKumar/Project_CVW_PD12/Synth/rtl/msrv_soc_hazard /home1/PD07/AMuthuKKumar/Project_CVW_PD12/Synth/rtl/msrv_soc_ieu /home1/PD07/AMuthuKKumar/Project_CVW_PD12/Synth/rtl/msrv_soc_ifu /home1/PD07/AMuthuKKumar/Project_CVW_PD12/Synth/rtl/msrv_soc_ieu/msrv_soc_aes /home1/PD07/AMuthuKKumar/Project_CVW_PD12/Synth/rtl/msrv_soc_ieu/msrv_soc_bmu /home1/PD07/AMuthuKKumar/Project_CVW_PD12/Synth/rtl/msrv_soc_ieu/msrv_soc_kmu /home1/PD07/AMuthuKKumar/Project_CVW_PD12/Synth/rtl/msrv_soc_ieu/msrv_soc_sha
set rtl_path "$rtl_path $msrv_soc/msrv_soc_ifu/msrv_soc_bpred"
 /home1/PD07/AMuthuKKumar/Project_CVW_PD12/Synth/rtl/msrv_soc_cache /home1/PD07/AMuthuKKumar/Project_CVW_PD12/Synth/rtl/msrv_soc_ebu /home1/PD07/AMuthuKKumar/Project_CVW_PD12/Synth/rtl/msrv_soc_fpu /home1/PD07/AMuthuKKumar/Project_CVW_PD12/Synth/rtl/msrv_soc_fpu/msrv_soc_fdivsqrt /home1/PD07/AMuthuKKumar/Project_CVW_PD12/Synth/rtl/msrv_soc_fpu/msrv_soc_fma /home1/PD07/AMuthuKKumar/Project_CVW_PD12/Synth/rtl/msrv_soc_fpu/msrv_soc_postproc /home1/PD07/AMuthuKKumar/Project_CVW_PD12/Synth/rtl/msrv_soc_generic /home1/PD07/AMuthuKKumar/Project_CVW_PD12/Synth/rtl/msrv_soc_generic/msrv_soc_mem /home1/PD07/AMuthuKKumar/Project_CVW_PD12/Synth/rtl/msrv_soc_generic/msrv_soc_flop /home1/PD07/AMuthuKKumar/Project_CVW_PD12/Synth/rtl/msrv_soc_hazard /home1/PD07/AMuthuKKumar/Project_CVW_PD12/Synth/rtl/msrv_soc_ieu /home1/PD07/AMuthuKKumar/Project_CVW_PD12/Synth/rtl/msrv_soc_ifu /home1/PD07/AMuthuKKumar/Project_CVW_PD12/Synth/rtl/msrv_soc_ieu/msrv_soc_aes /home1/PD07/AMuthuKKumar/Project_CVW_PD12/Synth/rtl/msrv_soc_ieu/msrv_soc_bmu /home1/PD07/AMuthuKKumar/Project_CVW_PD12/Synth/rtl/msrv_soc_ieu/msrv_soc_kmu /home1/PD07/AMuthuKKumar/Project_CVW_PD12/Synth/rtl/msrv_soc_ieu/msrv_soc_sha /home1/PD07/AMuthuKKumar/Project_CVW_PD12/Synth/rtl/msrv_soc_ifu/msrv_soc_bpred
set rtl_path "$rtl_path $msrv_soc/msrv_soc_lsu"
 /home1/PD07/AMuthuKKumar/Project_CVW_PD12/Synth/rtl/msrv_soc_cache /home1/PD07/AMuthuKKumar/Project_CVW_PD12/Synth/rtl/msrv_soc_ebu /home1/PD07/AMuthuKKumar/Project_CVW_PD12/Synth/rtl/msrv_soc_fpu /home1/PD07/AMuthuKKumar/Project_CVW_PD12/Synth/rtl/msrv_soc_fpu/msrv_soc_fdivsqrt /home1/PD07/AMuthuKKumar/Project_CVW_PD12/Synth/rtl/msrv_soc_fpu/msrv_soc_fma /home1/PD07/AMuthuKKumar/Project_CVW_PD12/Synth/rtl/msrv_soc_fpu/msrv_soc_postproc /home1/PD07/AMuthuKKumar/Project_CVW_PD12/Synth/rtl/msrv_soc_generic /home1/PD07/AMuthuKKumar/Project_CVW_PD12/Synth/rtl/msrv_soc_generic/msrv_soc_mem /home1/PD07/AMuthuKKumar/Project_CVW_PD12/Synth/rtl/msrv_soc_generic/msrv_soc_flop /home1/PD07/AMuthuKKumar/Project_CVW_PD12/Synth/rtl/msrv_soc_hazard /home1/PD07/AMuthuKKumar/Project_CVW_PD12/Synth/rtl/msrv_soc_ieu /home1/PD07/AMuthuKKumar/Project_CVW_PD12/Synth/rtl/msrv_soc_ifu /home1/PD07/AMuthuKKumar/Project_CVW_PD12/Synth/rtl/msrv_soc_ieu/msrv_soc_aes /home1/PD07/AMuthuKKumar/Project_CVW_PD12/Synth/rtl/msrv_soc_ieu/msrv_soc_bmu /home1/PD07/AMuthuKKumar/Project_CVW_PD12/Synth/rtl/msrv_soc_ieu/msrv_soc_kmu /home1/PD07/AMuthuKKumar/Project_CVW_PD12/Synth/rtl/msrv_soc_ieu/msrv_soc_sha /home1/PD07/AMuthuKKumar/Project_CVW_PD12/Synth/rtl/msrv_soc_ifu/msrv_soc_bpred /home1/PD07/AMuthuKKumar/Project_CVW_PD12/Synth/rtl/msrv_soc_lsu
set rtl_path "$rtl_path $msrv_soc/msrv_soc_mdu"
 /home1/PD07/AMuthuKKumar/Project_CVW_PD12/Synth/rtl/msrv_soc_cache /home1/PD07/AMuthuKKumar/Project_CVW_PD12/Synth/rtl/msrv_soc_ebu /home1/PD07/AMuthuKKumar/Project_CVW_PD12/Synth/rtl/msrv_soc_fpu /home1/PD07/AMuthuKKumar/Project_CVW_PD12/Synth/rtl/msrv_soc_fpu/msrv_soc_fdivsqrt /home1/PD07/AMuthuKKumar/Project_CVW_PD12/Synth/rtl/msrv_soc_fpu/msrv_soc_fma /home1/PD07/AMuthuKKumar/Project_CVW_PD12/Synth/rtl/msrv_soc_fpu/msrv_soc_postproc /home1/PD07/AMuthuKKumar/Project_CVW_PD12/Synth/rtl/msrv_soc_generic /home1/PD07/AMuthuKKumar/Project_CVW_PD12/Synth/rtl/msrv_soc_generic/msrv_soc_mem /home1/PD07/AMuthuKKumar/Project_CVW_PD12/Synth/rtl/msrv_soc_generic/msrv_soc_flop /home1/PD07/AMuthuKKumar/Project_CVW_PD12/Synth/rtl/msrv_soc_hazard /home1/PD07/AMuthuKKumar/Project_CVW_PD12/Synth/rtl/msrv_soc_ieu /home1/PD07/AMuthuKKumar/Project_CVW_PD12/Synth/rtl/msrv_soc_ifu /home1/PD07/AMuthuKKumar/Project_CVW_PD12/Synth/rtl/msrv_soc_ieu/msrv_soc_aes /home1/PD07/AMuthuKKumar/Project_CVW_PD12/Synth/rtl/msrv_soc_ieu/msrv_soc_bmu /home1/PD07/AMuthuKKumar/Project_CVW_PD12/Synth/rtl/msrv_soc_ieu/msrv_soc_kmu /home1/PD07/AMuthuKKumar/Project_CVW_PD12/Synth/rtl/msrv_soc_ieu/msrv_soc_sha /home1/PD07/AMuthuKKumar/Project_CVW_PD12/Synth/rtl/msrv_soc_ifu/msrv_soc_bpred /home1/PD07/AMuthuKKumar/Project_CVW_PD12/Synth/rtl/msrv_soc_lsu /home1/PD07/AMuthuKKumar/Project_CVW_PD12/Synth/rtl/msrv_soc_mdu
set rtl_path "$rtl_path $msrv_soc/msrv_soc_mmu/msrv_soc_tlb"
 /home1/PD07/AMuthuKKumar/Project_CVW_PD12/Synth/rtl/msrv_soc_cache /home1/PD07/AMuthuKKumar/Project_CVW_PD12/Synth/rtl/msrv_soc_ebu /home1/PD07/AMuthuKKumar/Project_CVW_PD12/Synth/rtl/msrv_soc_fpu /home1/PD07/AMuthuKKumar/Project_CVW_PD12/Synth/rtl/msrv_soc_fpu/msrv_soc_fdivsqrt /home1/PD07/AMuthuKKumar/Project_CVW_PD12/Synth/rtl/msrv_soc_fpu/msrv_soc_fma /home1/PD07/AMuthuKKumar/Project_CVW_PD12/Synth/rtl/msrv_soc_fpu/msrv_soc_postproc /home1/PD07/AMuthuKKumar/Project_CVW_PD12/Synth/rtl/msrv_soc_generic /home1/PD07/AMuthuKKumar/Project_CVW_PD12/Synth/rtl/msrv_soc_generic/msrv_soc_mem /home1/PD07/AMuthuKKumar/Project_CVW_PD12/Synth/rtl/msrv_soc_generic/msrv_soc_flop /home1/PD07/AMuthuKKumar/Project_CVW_PD12/Synth/rtl/msrv_soc_hazard /home1/PD07/AMuthuKKumar/Project_CVW_PD12/Synth/rtl/msrv_soc_ieu /home1/PD07/AMuthuKKumar/Project_CVW_PD12/Synth/rtl/msrv_soc_ifu /home1/PD07/AMuthuKKumar/Project_CVW_PD12/Synth/rtl/msrv_soc_ieu/msrv_soc_aes /home1/PD07/AMuthuKKumar/Project_CVW_PD12/Synth/rtl/msrv_soc_ieu/msrv_soc_bmu /home1/PD07/AMuthuKKumar/Project_CVW_PD12/Synth/rtl/msrv_soc_ieu/msrv_soc_kmu /home1/PD07/AMuthuKKumar/Project_CVW_PD12/Synth/rtl/msrv_soc_ieu/msrv_soc_sha /home1/PD07/AMuthuKKumar/Project_CVW_PD12/Synth/rtl/msrv_soc_ifu/msrv_soc_bpred /home1/PD07/AMuthuKKumar/Project_CVW_PD12/Synth/rtl/msrv_soc_lsu /home1/PD07/AMuthuKKumar/Project_CVW_PD12/Synth/rtl/msrv_soc_mdu /home1/PD07/AMuthuKKumar/Project_CVW_PD12/Synth/rtl/msrv_soc_mmu/msrv_soc_tlb
set rtl_path "$rtl_path $msrv_soc/msrv_soc_mmu"
 /home1/PD07/AMuthuKKumar/Project_CVW_PD12/Synth/rtl/msrv_soc_cache /home1/PD07/AMuthuKKumar/Project_CVW_PD12/Synth/rtl/msrv_soc_ebu /home1/PD07/AMuthuKKumar/Project_CVW_PD12/Synth/rtl/msrv_soc_fpu /home1/PD07/AMuthuKKumar/Project_CVW_PD12/Synth/rtl/msrv_soc_fpu/msrv_soc_fdivsqrt /home1/PD07/AMuthuKKumar/Project_CVW_PD12/Synth/rtl/msrv_soc_fpu/msrv_soc_fma /home1/PD07/AMuthuKKumar/Project_CVW_PD12/Synth/rtl/msrv_soc_fpu/msrv_soc_postproc /home1/PD07/AMuthuKKumar/Project_CVW_PD12/Synth/rtl/msrv_soc_generic /home1/PD07/AMuthuKKumar/Project_CVW_PD12/Synth/rtl/msrv_soc_generic/msrv_soc_mem /home1/PD07/AMuthuKKumar/Project_CVW_PD12/Synth/rtl/msrv_soc_generic/msrv_soc_flop /home1/PD07/AMuthuKKumar/Project_CVW_PD12/Synth/rtl/msrv_soc_hazard /home1/PD07/AMuthuKKumar/Project_CVW_PD12/Synth/rtl/msrv_soc_ieu /home1/PD07/AMuthuKKumar/Project_CVW_PD12/Synth/rtl/msrv_soc_ifu /home1/PD07/AMuthuKKumar/Project_CVW_PD12/Synth/rtl/msrv_soc_ieu/msrv_soc_aes /home1/PD07/AMuthuKKumar/Project_CVW_PD12/Synth/rtl/msrv_soc_ieu/msrv_soc_bmu /home1/PD07/AMuthuKKumar/Project_CVW_PD12/Synth/rtl/msrv_soc_ieu/msrv_soc_kmu /home1/PD07/AMuthuKKumar/Project_CVW_PD12/Synth/rtl/msrv_soc_ieu/msrv_soc_sha /home1/PD07/AMuthuKKumar/Project_CVW_PD12/Synth/rtl/msrv_soc_ifu/msrv_soc_bpred /home1/PD07/AMuthuKKumar/Project_CVW_PD12/Synth/rtl/msrv_soc_lsu /home1/PD07/AMuthuKKumar/Project_CVW_PD12/Synth/rtl/msrv_soc_mdu /home1/PD07/AMuthuKKumar/Project_CVW_PD12/Synth/rtl/msrv_soc_mmu/msrv_soc_tlb /home1/PD07/AMuthuKKumar/Project_CVW_PD12/Synth/rtl/msrv_soc_mmu
set rtl_path "$rtl_path $msrv_soc/msrv_soc_privileged"
 /home1/PD07/AMuthuKKumar/Project_CVW_PD12/Synth/rtl/msrv_soc_cache /home1/PD07/AMuthuKKumar/Project_CVW_PD12/Synth/rtl/msrv_soc_ebu /home1/PD07/AMuthuKKumar/Project_CVW_PD12/Synth/rtl/msrv_soc_fpu /home1/PD07/AMuthuKKumar/Project_CVW_PD12/Synth/rtl/msrv_soc_fpu/msrv_soc_fdivsqrt /home1/PD07/AMuthuKKumar/Project_CVW_PD12/Synth/rtl/msrv_soc_fpu/msrv_soc_fma /home1/PD07/AMuthuKKumar/Project_CVW_PD12/Synth/rtl/msrv_soc_fpu/msrv_soc_postproc /home1/PD07/AMuthuKKumar/Project_CVW_PD12/Synth/rtl/msrv_soc_generic /home1/PD07/AMuthuKKumar/Project_CVW_PD12/Synth/rtl/msrv_soc_generic/msrv_soc_mem /home1/PD07/AMuthuKKumar/Project_CVW_PD12/Synth/rtl/msrv_soc_generic/msrv_soc_flop /home1/PD07/AMuthuKKumar/Project_CVW_PD12/Synth/rtl/msrv_soc_hazard /home1/PD07/AMuthuKKumar/Project_CVW_PD12/Synth/rtl/msrv_soc_ieu /home1/PD07/AMuthuKKumar/Project_CVW_PD12/Synth/rtl/msrv_soc_ifu /home1/PD07/AMuthuKKumar/Project_CVW_PD12/Synth/rtl/msrv_soc_ieu/msrv_soc_aes /home1/PD07/AMuthuKKumar/Project_CVW_PD12/Synth/rtl/msrv_soc_ieu/msrv_soc_bmu /home1/PD07/AMuthuKKumar/Project_CVW_PD12/Synth/rtl/msrv_soc_ieu/msrv_soc_kmu /home1/PD07/AMuthuKKumar/Project_CVW_PD12/Synth/rtl/msrv_soc_ieu/msrv_soc_sha /home1/PD07/AMuthuKKumar/Project_CVW_PD12/Synth/rtl/msrv_soc_ifu/msrv_soc_bpred /home1/PD07/AMuthuKKumar/Project_CVW_PD12/Synth/rtl/msrv_soc_lsu /home1/PD07/AMuthuKKumar/Project_CVW_PD12/Synth/rtl/msrv_soc_mdu /home1/PD07/AMuthuKKumar/Project_CVW_PD12/Synth/rtl/msrv_soc_mmu/msrv_soc_tlb /home1/PD07/AMuthuKKumar/Project_CVW_PD12/Synth/rtl/msrv_soc_mmu /home1/PD07/AMuthuKKumar/Project_CVW_PD12/Synth/rtl/msrv_soc_privileged
set rtl_path "$rtl_path $msrv_soc/msrv_soc_top"
 /home1/PD07/AMuthuKKumar/Project_CVW_PD12/Synth/rtl/msrv_soc_cache /home1/PD07/AMuthuKKumar/Project_CVW_PD12/Synth/rtl/msrv_soc_ebu /home1/PD07/AMuthuKKumar/Project_CVW_PD12/Synth/rtl/msrv_soc_fpu /home1/PD07/AMuthuKKumar/Project_CVW_PD12/Synth/rtl/msrv_soc_fpu/msrv_soc_fdivsqrt /home1/PD07/AMuthuKKumar/Project_CVW_PD12/Synth/rtl/msrv_soc_fpu/msrv_soc_fma /home1/PD07/AMuthuKKumar/Project_CVW_PD12/Synth/rtl/msrv_soc_fpu/msrv_soc_postproc /home1/PD07/AMuthuKKumar/Project_CVW_PD12/Synth/rtl/msrv_soc_generic /home1/PD07/AMuthuKKumar/Project_CVW_PD12/Synth/rtl/msrv_soc_generic/msrv_soc_mem /home1/PD07/AMuthuKKumar/Project_CVW_PD12/Synth/rtl/msrv_soc_generic/msrv_soc_flop /home1/PD07/AMuthuKKumar/Project_CVW_PD12/Synth/rtl/msrv_soc_hazard /home1/PD07/AMuthuKKumar/Project_CVW_PD12/Synth/rtl/msrv_soc_ieu /home1/PD07/AMuthuKKumar/Project_CVW_PD12/Synth/rtl/msrv_soc_ifu /home1/PD07/AMuthuKKumar/Project_CVW_PD12/Synth/rtl/msrv_soc_ieu/msrv_soc_aes /home1/PD07/AMuthuKKumar/Project_CVW_PD12/Synth/rtl/msrv_soc_ieu/msrv_soc_bmu /home1/PD07/AMuthuKKumar/Project_CVW_PD12/Synth/rtl/msrv_soc_ieu/msrv_soc_kmu /home1/PD07/AMuthuKKumar/Project_CVW_PD12/Synth/rtl/msrv_soc_ieu/msrv_soc_sha /home1/PD07/AMuthuKKumar/Project_CVW_PD12/Synth/rtl/msrv_soc_ifu/msrv_soc_bpred /home1/PD07/AMuthuKKumar/Project_CVW_PD12/Synth/rtl/msrv_soc_lsu /home1/PD07/AMuthuKKumar/Project_CVW_PD12/Synth/rtl/msrv_soc_mdu /home1/PD07/AMuthuKKumar/Project_CVW_PD12/Synth/rtl/msrv_soc_mmu/msrv_soc_tlb /home1/PD07/AMuthuKKumar/Project_CVW_PD12/Synth/rtl/msrv_soc_mmu /home1/PD07/AMuthuKKumar/Project_CVW_PD12/Synth/rtl/msrv_soc_privileged /home1/PD07/AMuthuKKumar/Project_CVW_PD12/Synth/rtl/msrv_soc_top
set rtl_path "$rtl_path $msrv_soc/msrv_soc_uncore"
 /home1/PD07/AMuthuKKumar/Project_CVW_PD12/Synth/rtl/msrv_soc_cache /home1/PD07/AMuthuKKumar/Project_CVW_PD12/Synth/rtl/msrv_soc_ebu /home1/PD07/AMuthuKKumar/Project_CVW_PD12/Synth/rtl/msrv_soc_fpu /home1/PD07/AMuthuKKumar/Project_CVW_PD12/Synth/rtl/msrv_soc_fpu/msrv_soc_fdivsqrt /home1/PD07/AMuthuKKumar/Project_CVW_PD12/Synth/rtl/msrv_soc_fpu/msrv_soc_fma /home1/PD07/AMuthuKKumar/Project_CVW_PD12/Synth/rtl/msrv_soc_fpu/msrv_soc_postproc /home1/PD07/AMuthuKKumar/Project_CVW_PD12/Synth/rtl/msrv_soc_generic /home1/PD07/AMuthuKKumar/Project_CVW_PD12/Synth/rtl/msrv_soc_generic/msrv_soc_mem /home1/PD07/AMuthuKKumar/Project_CVW_PD12/Synth/rtl/msrv_soc_generic/msrv_soc_flop /home1/PD07/AMuthuKKumar/Project_CVW_PD12/Synth/rtl/msrv_soc_hazard /home1/PD07/AMuthuKKumar/Project_CVW_PD12/Synth/rtl/msrv_soc_ieu /home1/PD07/AMuthuKKumar/Project_CVW_PD12/Synth/rtl/msrv_soc_ifu /home1/PD07/AMuthuKKumar/Project_CVW_PD12/Synth/rtl/msrv_soc_ieu/msrv_soc_aes /home1/PD07/AMuthuKKumar/Project_CVW_PD12/Synth/rtl/msrv_soc_ieu/msrv_soc_bmu /home1/PD07/AMuthuKKumar/Project_CVW_PD12/Synth/rtl/msrv_soc_ieu/msrv_soc_kmu /home1/PD07/AMuthuKKumar/Project_CVW_PD12/Synth/rtl/msrv_soc_ieu/msrv_soc_sha /home1/PD07/AMuthuKKumar/Project_CVW_PD12/Synth/rtl/msrv_soc_ifu/msrv_soc_bpred /home1/PD07/AMuthuKKumar/Project_CVW_PD12/Synth/rtl/msrv_soc_lsu /home1/PD07/AMuthuKKumar/Project_CVW_PD12/Synth/rtl/msrv_soc_mdu /home1/PD07/AMuthuKKumar/Project_CVW_PD12/Synth/rtl/msrv_soc_mmu/msrv_soc_tlb /home1/PD07/AMuthuKKumar/Project_CVW_PD12/Synth/rtl/msrv_soc_mmu /home1/PD07/AMuthuKKumar/Project_CVW_PD12/Synth/rtl/msrv_soc_privileged /home1/PD07/AMuthuKKumar/Project_CVW_PD12/Synth/rtl/msrv_soc_top /home1/PD07/AMuthuKKumar/Project_CVW_PD12/Synth/rtl/msrv_soc_uncore
#set rtl_path "$rtl_path $msrv_soc/wrapper"
dcnxt_shell> if {$DESIGN_STYLE == "hier" && $PHYSICAL_HIERARCHY_LEVEL == "top"} {
  # For a hierarchical flow, add the block-level results directories to the
  # search path to find the block-level design files.
  set HIER_DESIGNS "${DDC_HIER_DESIGNS} ${DC_BLOCK_ABSTRACTION_DESIGNS}"
  foreach design $HIER_DESIGNS {
    lappend search_path ../../${design}/outputs/
  }
  # For a hierarchical UPF flow, add the results directory to the search path for
  # Formality to find the output UPF files.
  lappend search_path ${OUTPUTS_DIR}
}
. /home/cad/eda/SYNOPSYS/Design_Compiler_2022.03/syn/T-2022.03-SP4/libraries/syn /home/cad/eda/SYNOPSYS/Design_Compiler_2022.03/syn/T-2022.03-SP4/dw/syn_ver /home/cad/eda/SYNOPSYS/Design_Compiler_2022.03/syn/T-2022.03-SP4/dw/sim_ver ../../msrv_soc_uart_apbwrapper/outputs/ ../../msrv_soc_clint_apbwrapper/outputs/ ../../msrv_soc_plic_apbwrapper/outputs/ ../../msrv_soc_spi_apbwrapper/outputs/ ../../msrv_soc_gpio_apbwrapper/outputs/ ../../msrv_soc_ahbapbbridgewrapper/outputs/ ../../msrv_soc_adrdecswrapper/outputs/ ../outputs/
# Change alib_library_analysis_path to point to a central cache of analyzed libraries
# to save runtime and disk space.  The following setting only reflects the
# default value and should be changed to a central location for best results.
set_app_var alib_library_analysis_path 
if {![file exists $OUTPUTS_DIR]} {file mkdir $OUTPUTS_DIR} ;# do not change this line or directory may not be created properly
if {$UPF_MODE == "golden"} {
  # Enable the Golden UPF mode to use same originla UPF script file throughout the synthesis,
  # physical implementation, and verification flow.
  set_app_var enable_golden_upf true
}true
dcnxt_shell> set TARGET_LIBRARY_FILES "  /home1/SAED14_EDK/SAED14_EDK/SAED14nm_EDK_STD_LVT/liberty/nldm/base/saed14lvt_base_ff0p715v125c.db \ 
/home1/SAED14_EDK/SAED14_EDK/SAED14nm_EDK_STD_LVT/liberty/nldm/base/saed14lvt_base_ff0p715v25c.db \
/home1/SAED14_EDK/SAED14_EDK/SAED14nm_EDK_STD_LVT/liberty/nldm/pg/saed14lvt_pg_ff0p715vm40c.db \
/home1/SAED14_EDK/SAED14_EDK/SAED14nm_EDK_STD_LVT/liberty/nldm/base/saed14lvt_base_ff0p715vm40c.db \
/home1/SAED14_EDK/SAED14_EDK/SAED14nm_EDK_STD_RVT/liberty/nldm/cg/saed14rvt_cg_ff0p715vm40c.db \
/home1/SAED14_EDK/SAED14_EDK/SAED14nm_EDK_STD_RVT/liberty/nldm/pg/saed14rvt_pg_ff0p715vm40c.db \
/home1/SAED14_EDK/SAED14_EDK/SAED14nm_EDK_STD_RVT/liberty/nldm/base/saed14rvt_base_ff0p715vm40c.db \
/home1/SAED14_EDK/SAED14_EDK/SAED14nm_EDK_SRAM/liberty/nldm/saed14sram_ss0p72vm40c.db \
/home1/SAED14_EDK/SAED14_EDK/SAED14nm_EDK_STD_LVT/liberty/nldm/cg/saed14lvt_cg_ss0p72v125c.db \
/home1/SAED14_EDK/SAED14_EDK/SAED14nm_EDK_STD_RVT/liberty/nldm/cg/saed14rvt_cg_ss0p72v125c.db \
/home1/SAED14_EDK/SAED14_EDK/SAED14nm_EDK_STD_LVT/liberty/nldm/base/saed14lvt_base_ss0p72v125c.db \
/home1/SAED14_EDK/SAED14_EDK/SAED14nm_EDK_STD_RVT/liberty/nldm/base/saed14rvt_base_ss0p72v125c.db \
/home1/SAED14_EDK/SAED14_EDK/SAED14nm_EDK_STD_LVT/liberty/nldm/dlvl/saed14lvt_dlvl_tt0p65v125c_i0p8v.db \
/home1/SAED14_EDK/SAED14_EDK/SAED14nm_EDK_STD_RVT/liberty/nldm/dlvl/saed14rvt_dlvl_tt0p65v125c_i0p8v.db \
/home1/SAED14_EDK/SAED14_EDK/SAED14nm_EDK_STD_LVT/liberty/nldm/ulvl/saed14lvt_ulvl_tt0p8v25c_i0p65v.db \
/home1/SAED14_EDK/SAED14_EDK/SAED14nm_EDK_STD_RVT/liberty/nldm/ulvl/saed14rvt_ulvl_tt0p8v25c_i0p65v.db \
/home1/SAED14_EDK/SAED14_EDK/SAED14nm_EDK_STD_HVT/liberty/nldm/cg/saed14hvt_cg_ss0p585v125c.db \
/home1/SAED14_EDK/SAED14_EDK/SAED14nm_EDK_STD_HVT/liberty/nldm/iso/saed14hvt_iso_ss0p585v125c.db \
/home1/SAED14_EDK/SAED14_EDK/SAED14nm_EDK_STD_HVT/liberty/nldm/pg/saed14hvt_pg_ss0p585v125c.db \
/home1/SAED14_EDK/SAED14_EDK/SAED14nm_EDK_STD_HVT/liberty/nldm/ret/saed14hvt_ret_ss0p585v125c.db \
/home1/SAED14_EDK/SAED14_EDK/SAED14nm_EDK_STD_HVT/liberty/nldm/ulvl/saed14hvt_ulvl_ss0p585v125c_i0p585v.db \
/home1/SAED14_EDK/SAED14_EDK/SAED14nm_EDK_STD_HVT/liberty/nldm/dlvl/saed14hvt_dlvl_ss0p585v125c_i0p585v.db \
/home1/SAED14_EDK/SAED14_EDK/SAED14nm_EDK_STD_HVT/liberty/nldm/dlvl/saed14hvt_dlvl_ss0p585v125c_i0p72v.db \
/home1/SAED14_EDK/SAED14_EDK/SAED14nm_EDK_STD_HVT/liberty/nldm/base/saed14hvt_base_ss0p585v125c.db \
/home1/SAED14_EDK/SAED14_EDK/SAED14nm_EDK_STD_RVT/liberty/nldm/cg/saed14rvt_cg_ss0p585v125c.db \
/home1/SAED14_EDK/SAED14_EDK/SAED14nm_EDK_STD_RVT/liberty/nldm/iso/saed14rvt_iso_ss0p585v125c.db \
/home1/SAED14_EDK/SAED14_EDK/SAED14nm_EDK_STD_RVT/liberty/nldm/pg/saed14rvt_pg_ss0p585v125c.db \
/home1/SAED14_EDK/SAED14_EDK/SAED14nm_EDK_STD_RVT/liberty/nldm/ret/saed14rvt_ret_ss0p585v125c.db \
/home1/SAED14_EDK/SAED14_EDK/SAED14nm_EDK_STD_RVT/liberty/nldm/ulvl/saed14rvt_ulvl_ss0p585v125c_i0p585v.db \
/home1/SAED14_EDK/SAED14_EDK/SAED14nm_EDK_STD_RVT/liberty/nldm/dlvl/saed14rvt_dlvl_ss0p585v125c_i0p585v.db \
/home1/SAED14_EDK/SAED14_EDK/SAED14nm_EDK_STD_RVT/liberty/nldm/dlvl/saed14rvt_dlvl_ss0p585v125c_i0p72v.db \
/home1/SAED14_EDK/SAED14_EDK/SAED14nm_EDK_STD_RVT/liberty/nldm/base/saed14rvt_base_ss0p585v125c.db \
/home1/SAED14_EDK/SAED14_EDK/SAED14nm_EDK_STD_HVT/liberty/nldm/cg/saed14hvt_cg_tt0p65v25c.db \
/home1/SAED14_EDK/SAED14_EDK/SAED14nm_EDK_STD_HVT/liberty/nldm/iso/saed14hvt_iso_tt0p65v25c.db \
/home1/SAED14_EDK/SAED14_EDK/SAED14nm_EDK_STD_HVT/liberty/nldm/pg/saed14hvt_pg_tt0p65v25c.db \
/home1/SAED14_EDK/SAED14_EDK/SAED14nm_EDK_STD_HVT/liberty/nldm/ret/saed14hvt_ret_tt0p65v25c.db \
/home1/SAED14_EDK/SAED14_EDK/SAED14nm_EDK_STD_HVT/liberty/nldm/ulvl/saed14hvt_ulvl_tt0p65v25c_i0p65v.db \
/home1/SAED14_EDK/SAED14_EDK/SAED14nm_EDK_STD_HVT/liberty/nldm/dlvl/saed14hvt_dlvl_tt0p65v25c_i0p65v.db \
/home1/SAED14_EDK/SAED14_EDK/SAED14nm_EDK_STD_HVT/liberty/nldm/base/saed14hvt_base_tt0p65v25c.db \
/home1/SAED14_EDK/SAED14_EDK/SAED14nm_EDK_STD_HVT/liberty/nldm/dlvl/saed14hvt_dlvl_tt0p65v25c_i0p8v.db \
/home1/SAED14_EDK/SAED14_EDK/SAED14nm_EDK_STD_RVT/liberty/nldm/cg/saed14rvt_cg_tt0p65v25c.db \
/home1/SAED14_EDK/SAED14_EDK/SAED14nm_EDK_STD_RVT/liberty/nldm/iso/saed14rvt_iso_tt0p65v25c.db \
/home1/SAED14_EDK/SAED14_EDK/SAED14nm_EDK_STD_RVT/liberty/nldm/pg/saed14rvt_pg_tt0p65v25c.db \
/home1/SAED14_EDK/SAED14_EDK/SAED14nm_EDK_STD_RVT/liberty/nldm/ret/saed14rvt_ret_tt0p65v25c.db \
/home1/SAED14_EDK/SAED14_EDK/SAED14nm_EDK_STD_RVT/liberty/nldm/ulvl/saed14rvt_ulvl_tt0p65v25c_i0p65v.db \
/home1/SAED14_EDK/SAED14_EDK/SAED14nm_EDK_STD_RVT/liberty/nldm/dlvl/saed14rvt_dlvl_tt0p65v25c_i0p65v.db \
/home1/SAED14_EDK/SAED14_EDK/SAED14nm_EDK_STD_RVT/liberty/nldm/base/saed14rvt_base_tt0p65v25c.db \
/home1/SAED14_EDK/SAED14_EDK/SAED14nm_EDK_STD_RVT/liberty/nldm/dlvl/saed14rvt_dlvl_tt0p65v25c_i0p8v.db \
/home1/SAED14_EDK/SAED14_EDK/SAED14nm_EDK_STD_HVT/liberty/nldm/cg/saed14hvt_cg_ff0p88vm40c.db \
/home1/SAED14_EDK/SAED14_EDK/SAED14nm_EDK_STD_HVT/liberty/nldm/iso/saed14hvt_iso_ff0p88vm40c.db \
/home1/SAED14_EDK/SAED14_EDK/SAED14nm_EDK_STD_HVT/liberty/nldm/pg/saed14hvt_pg_ff0p88vm40c.db \
/home1/SAED14_EDK/SAED14_EDK/SAED14nm_EDK_STD_HVT/liberty/nldm/ret/saed14hvt_ret_ff0p88vm40c.db \
/home1/SAED14_EDK/SAED14_EDK/SAED14nm_EDK_STD_HVT/liberty/nldm/ulvl/saed14hvt_ulvl_ff0p88vm40c_i0p715v.db \
/home1/SAED14_EDK/SAED14_EDK/SAED14nm_EDK_STD_HVT/liberty/nldm/ulvl/saed14hvt_ulvl_ff0p88vm40c_i0p88v.db \
/home1/SAED14_EDK/SAED14_EDK/SAED14nm_EDK_STD_HVT/liberty/nldm/dlvl/saed14hvt_dlvl_ff0p88vm40c_i0p88v.db \
/home1/SAED14_EDK/SAED14_EDK/SAED14nm_EDK_STD_HVT/liberty/nldm/base/saed14hvt_base_ff0p88vm40c.db \
/home1/SAED14_EDK/SAED14_EDK/SAED14nm_EDK_STD_RVT/liberty/nldm/cg/saed14rvt_cg_ff0p88vm40c.db \
/home1/SAED14_EDK/SAED14_EDK/SAED14nm_EDK_STD_RVT/liberty/nldm/iso/saed14rvt_iso_ff0p88vm40c.db \
/home1/SAED14_EDK/SAED14_EDK/SAED14nm_EDK_STD_RVT/liberty/nldm/pg/saed14rvt_pg_ff0p88vm40c.db \
/home1/SAED14_EDK/SAED14_EDK/SAED14nm_EDK_STD_RVT/liberty/nldm/ret/saed14rvt_ret_ff0p88vm40c.db \
/home1/SAED14_EDK/SAED14_EDK/SAED14nm_EDK_STD_RVT/liberty/nldm/ulvl/saed14rvt_ulvl_ff0p88vm40c_i0p715v.db \
/home1/SAED14_EDK/SAED14_EDK/SAED14nm_EDK_STD_RVT/liberty/nldm/ulvl/saed14rvt_ulvl_ff0p88vm40c_i0p88v.db \
/home1/SAED14_EDK/SAED14_EDK/SAED14nm_EDK_STD_RVT/liberty/nldm/dlvl/saed14rvt_dlvl_ff0p88vm40c_i0p88v.db \
/home1/SAED14_EDK/SAED14_EDK/SAED14nm_EDK_STD_RVT/liberty/nldm/base/saed14rvt_base_ff0p88vm40c.db \
/home1/SAED14_EDK/SAED14_EDK/SAED14nm_EDK_STD_LVT/liberty/nldm/cg/saed14lvt_cg_ff0p715vm40c.db \
/home1/SAED14_EDK/SAED14_EDK/SAED14nm_EDK_STD_LVT/liberty/nldm/cg/saed14lvt_cg_tt0p65v25c.db\
  /home1/SAED14_EDK/SAED14_EDK/SAED14nm_EDK_STD_HVT/liberty/nldm/base/saed14hvt_base_ss0p585vm40c.db \
/home1/SAED14_EDK/SAED14_EDK/SAED14nm_EDK_STD_HVT/liberty/nldm/cg/saed14hvt_cg_ss0p585vm40c.db \
/home1/SAED14_EDK/SAED14_EDK/SAED14nm_EDK_STD_HVT/liberty/nldm/iso/saed14hvt_iso_ss0p585vm40c.db \
/home1/SAED14_EDK/SAED14_EDK/SAED14nm_EDK_STD_HVT/liberty/nldm/pg/saed14hvt_pg_ss0p585vm40c.db \
/home1/SAED14_EDK/SAED14_EDK/SAED14nm_EDK_STD_HVT/liberty/nldm/ret/saed14hvt_ret_ss0p585vm40c.db \
/home1/SAED14_EDK/SAED14_EDK/SAED14nm_EDK_STD_RVT/liberty/nldm/base/saed14rvt_base_ss0p585vm40c.db \
/home1/SAED14_EDK/SAED14_EDK/SAED14nm_EDK_STD_RVT/liberty/nldm/cg/saed14rvt_cg_ss0p585vm40c.db \
/home1/SAED14_EDK/SAED14_EDK/SAED14nm_EDK_STD_RVT/liberty/nldm/iso/saed14rvt_iso_ss0p585vm40c.db \
/home1/SAED14_EDK/SAED14_EDK/SAED14nm_EDK_STD_RVT/liberty/nldm/pg/saed14rvt_pg_ss0p585vm40c.db \
/home1/SAED14_EDK/SAED14_EDK/SAED14nm_EDK_STD_RVT/liberty/nldm/ret/saed14rvt_ret_ss0p585vm40c.db   "
  /home1/SAED14_EDK/SAED14_EDK/SAED14nm_EDK_STD_LVT/liberty/nldm/base/saed14lvt_base_ff0p715v125c.db  
/home1/SAED14_EDK/SAED14_EDK/SAED14nm_EDK_STD_LVT/liberty/nldm/base/saed14lvt_base_ff0p715v25c.db  /home1/SAED14_EDK/SAED14_EDK/SAED14nm_EDK_STD_LVT/liberty/nldm/pg/saed14lvt_pg_ff0p715vm40c.db  /home1/SAED14_EDK/SAED14_EDK/SAED14nm_EDK_STD_LVT/liberty/nldm/base/saed14lvt_base_ff0p715vm40c.db  /home1/SAED14_EDK/SAED14_EDK/SAED14nm_EDK_STD_RVT/liberty/nldm/cg/saed14rvt_cg_ff0p715vm40c.db  /home1/SAED14_EDK/SAED14_EDK/SAED14nm_EDK_STD_RVT/liberty/nldm/pg/saed14rvt_pg_ff0p715vm40c.db  /home1/SAED14_EDK/SAED14_EDK/SAED14nm_EDK_STD_RVT/liberty/nldm/base/saed14rvt_base_ff0p715vm40c.db  /home1/SAED14_EDK/SAED14_EDK/SAED14nm_EDK_SRAM/liberty/nldm/saed14sram_ss0p72vm40c.db  /home1/SAED14_EDK/SAED14_EDK/SAED14nm_EDK_STD_LVT/liberty/nldm/cg/saed14lvt_cg_ss0p72v125c.db  /home1/SAED14_EDK/SAED14_EDK/SAED14nm_EDK_STD_RVT/liberty/nldm/cg/saed14rvt_cg_ss0p72v125c.db  /home1/SAED14_EDK/SAED14_EDK/SAED14nm_EDK_STD_LVT/liberty/nldm/base/saed14lvt_base_ss0p72v125c.db  /home1/SAED14_EDK/SAED14_EDK/SAED14nm_EDK_STD_RVT/liberty/nldm/base/saed14rvt_base_ss0p72v125c.db  /home1/SAED14_EDK/SAED14_EDK/SAED14nm_EDK_STD_LVT/liberty/nldm/dlvl/saed14lvt_dlvl_tt0p65v125c_i0p8v.db  /home1/SAED14_EDK/SAED14_EDK/SAED14nm_EDK_STD_RVT/liberty/nldm/dlvl/saed14rvt_dlvl_tt0p65v125c_i0p8v.db  /home1/SAED14_EDK/SAED14_EDK/SAED14nm_EDK_STD_LVT/liberty/nldm/ulvl/saed14lvt_ulvl_tt0p8v25c_i0p65v.db  /home1/SAED14_EDK/SAED14_EDK/SAED14nm_EDK_STD_RVT/liberty/nldm/ulvl/saed14rvt_ulvl_tt0p8v25c_i0p65v.db  /home1/SAED14_EDK/SAED14_EDK/SAED14nm_EDK_STD_HVT/liberty/nldm/cg/saed14hvt_cg_ss0p585v125c.db  /home1/SAED14_EDK/SAED14_EDK/SAED14nm_EDK_STD_HVT/liberty/nldm/iso/saed14hvt_iso_ss0p585v125c.db  /home1/SAED14_EDK/SAED14_EDK/SAED14nm_EDK_STD_HVT/liberty/nldm/pg/saed14hvt_pg_ss0p585v125c.db  /home1/SAED14_EDK/SAED14_EDK/SAED14nm_EDK_STD_HVT/liberty/nldm/ret/saed14hvt_ret_ss0p585v125c.db  /home1/SAED14_EDK/SAED14_EDK/SAED14nm_EDK_STD_HVT/liberty/nldm/ulvl/saed14hvt_ulvl_ss0p585v125c_i0p585v.db  /home1/SAED14_EDK/SAED14_EDK/SAED14nm_EDK_STD_HVT/liberty/nldm/dlvl/saed14hvt_dlvl_ss0p585v125c_i0p585v.db  /home1/SAED14_EDK/SAED14_EDK/SAED14nm_EDK_STD_HVT/liberty/nldm/dlvl/saed14hvt_dlvl_ss0p585v125c_i0p72v.db  /home1/SAED14_EDK/SAED14_EDK/SAED14nm_EDK_STD_HVT/liberty/nldm/base/saed14hvt_base_ss0p585v125c.db  /home1/SAED14_EDK/SAED14_EDK/SAED14nm_EDK_STD_RVT/liberty/nldm/cg/saed14rvt_cg_ss0p585v125c.db  /home1/SAED14_EDK/SAED14_EDK/SAED14nm_EDK_STD_RVT/liberty/nldm/iso/saed14rvt_iso_ss0p585v125c.db  /home1/SAED14_EDK/SAED14_EDK/SAED14nm_EDK_STD_RVT/liberty/nldm/pg/saed14rvt_pg_ss0p585v125c.db  /home1/SAED14_EDK/SAED14_EDK/SAED14nm_EDK_STD_RVT/liberty/nldm/ret/saed14rvt_ret_ss0p585v125c.db  /home1/SAED14_EDK/SAED14_EDK/SAED14nm_EDK_STD_RVT/liberty/nldm/ulvl/saed14rvt_ulvl_ss0p585v125c_i0p585v.db  /home1/SAED14_EDK/SAED14_EDK/SAED14nm_EDK_STD_RVT/liberty/nldm/dlvl/saed14rvt_dlvl_ss0p585v125c_i0p585v.db  /home1/SAED14_EDK/SAED14_EDK/SAED14nm_EDK_STD_RVT/liberty/nldm/dlvl/saed14rvt_dlvl_ss0p585v125c_i0p72v.db  /home1/SAED14_EDK/SAED14_EDK/SAED14nm_EDK_STD_RVT/liberty/nldm/base/saed14rvt_base_ss0p585v125c.db  /home1/SAED14_EDK/SAED14_EDK/SAED14nm_EDK_STD_HVT/liberty/nldm/cg/saed14hvt_cg_tt0p65v25c.db  /home1/SAED14_EDK/SAED14_EDK/SAED14nm_EDK_STD_HVT/liberty/nldm/iso/saed14hvt_iso_tt0p65v25c.db  /home1/SAED14_EDK/SAED14_EDK/SAED14nm_EDK_STD_HVT/liberty/nldm/pg/saed14hvt_pg_tt0p65v25c.db  /home1/SAED14_EDK/SAED14_EDK/SAED14nm_EDK_STD_HVT/liberty/nldm/ret/saed14hvt_ret_tt0p65v25c.db  /home1/SAED14_EDK/SAED14_EDK/SAED14nm_EDK_STD_HVT/liberty/nldm/ulvl/saed14hvt_ulvl_tt0p65v25c_i0p65v.db  /home1/SAED14_EDK/SAED14_EDK/SAED14nm_EDK_STD_HVT/liberty/nldm/dlvl/saed14hvt_dlvl_tt0p65v25c_i0p65v.db  /home1/SAED14_EDK/SAED14_EDK/SAED14nm_EDK_STD_HVT/liberty/nldm/base/saed14hvt_base_tt0p65v25c.db  /home1/SAED14_EDK/SAED14_EDK/SAED14nm_EDK_STD_HVT/liberty/nldm/dlvl/saed14hvt_dlvl_tt0p65v25c_i0p8v.db  /home1/SAED14_EDK/SAED14_EDK/SAED14nm_EDK_STD_RVT/liberty/nldm/cg/saed14rvt_cg_tt0p65v25c.db  /home1/SAED14_EDK/SAED14_EDK/SAED14nm_EDK_STD_RVT/liberty/nldm/iso/saed14rvt_iso_tt0p65v25c.db  /home1/SAED14_EDK/SAED14_EDK/SAED14nm_EDK_STD_RVT/liberty/nldm/pg/saed14rvt_pg_tt0p65v25c.db  /home1/SAED14_EDK/SAED14_EDK/SAED14nm_EDK_STD_RVT/liberty/nldm/ret/saed14rvt_ret_tt0p65v25c.db  /home1/SAED14_EDK/SAED14_EDK/SAED14nm_EDK_STD_RVT/liberty/nldm/ulvl/saed14rvt_ulvl_tt0p65v25c_i0p65v.db  /home1/SAED14_EDK/SAED14_EDK/SAED14nm_EDK_STD_RVT/liberty/nldm/dlvl/saed14rvt_dlvl_tt0p65v25c_i0p65v.db  /home1/SAED14_EDK/SAED14_EDK/SAED14nm_EDK_STD_RVT/liberty/nldm/base/saed14rvt_base_tt0p65v25c.db  /home1/SAED14_EDK/SAED14_EDK/SAED14nm_EDK_STD_RVT/liberty/nldm/dlvl/saed14rvt_dlvl_tt0p65v25c_i0p8v.db  /home1/SAED14_EDK/SAED14_EDK/SAED14nm_EDK_STD_HVT/liberty/nldm/cg/saed14hvt_cg_ff0p88vm40c.db  /home1/SAED14_EDK/SAED14_EDK/SAED14nm_EDK_STD_HVT/liberty/nldm/iso/saed14hvt_iso_ff0p88vm40c.db  /home1/SAED14_EDK/SAED14_EDK/SAED14nm_EDK_STD_HVT/liberty/nldm/pg/saed14hvt_pg_ff0p88vm40c.db  /home1/SAED14_EDK/SAED14_EDK/SAED14nm_EDK_STD_HVT/liberty/nldm/ret/saed14hvt_ret_ff0p88vm40c.db  /home1/SAED14_EDK/SAED14_EDK/SAED14nm_EDK_STD_HVT/liberty/nldm/ulvl/saed14hvt_ulvl_ff0p88vm40c_i0p715v.db  /home1/SAED14_EDK/SAED14_EDK/SAED14nm_EDK_STD_HVT/liberty/nldm/ulvl/saed14hvt_ulvl_ff0p88vm40c_i0p88v.db  /home1/SAED14_EDK/SAED14_EDK/SAED14nm_EDK_STD_HVT/liberty/nldm/dlvl/saed14hvt_dlvl_ff0p88vm40c_i0p88v.db  /home1/SAED14_EDK/SAED14_EDK/SAED14nm_EDK_STD_HVT/liberty/nldm/base/saed14hvt_base_ff0p88vm40c.db  /home1/SAED14_EDK/SAED14_EDK/SAED14nm_EDK_STD_RVT/liberty/nldm/cg/saed14rvt_cg_ff0p88vm40c.db  /home1/SAED14_EDK/SAED14_EDK/SAED14nm_EDK_STD_RVT/liberty/nldm/iso/saed14rvt_iso_ff0p88vm40c.db  /home1/SAED14_EDK/SAED14_EDK/SAED14nm_EDK_STD_RVT/liberty/nldm/pg/saed14rvt_pg_ff0p88vm40c.db  /home1/SAED14_EDK/SAED14_EDK/SAED14nm_EDK_STD_RVT/liberty/nldm/ret/saed14rvt_ret_ff0p88vm40c.db  /home1/SAED14_EDK/SAED14_EDK/SAED14nm_EDK_STD_RVT/liberty/nldm/ulvl/saed14rvt_ulvl_ff0p88vm40c_i0p715v.db  /home1/SAED14_EDK/SAED14_EDK/SAED14nm_EDK_STD_RVT/liberty/nldm/ulvl/saed14rvt_ulvl_ff0p88vm40c_i0p88v.db  /home1/SAED14_EDK/SAED14_EDK/SAED14nm_EDK_STD_RVT/liberty/nldm/dlvl/saed14rvt_dlvl_ff0p88vm40c_i0p88v.db  /home1/SAED14_EDK/SAED14_EDK/SAED14nm_EDK_STD_RVT/liberty/nldm/base/saed14rvt_base_ff0p88vm40c.db  /home1/SAED14_EDK/SAED14_EDK/SAED14nm_EDK_STD_LVT/liberty/nldm/cg/saed14lvt_cg_ff0p715vm40c.db  /home1/SAED14_EDK/SAED14_EDK/SAED14nm_EDK_STD_LVT/liberty/nldm/cg/saed14lvt_cg_tt0p65v25c.db /home1/SAED14_EDK/SAED14_EDK/SAED14nm_EDK_STD_HVT/liberty/nldm/base/saed14hvt_base_ss0p585vm40c.db  /home1/SAED14_EDK/SAED14_EDK/SAED14nm_EDK_STD_HVT/liberty/nldm/cg/saed14hvt_cg_ss0p585vm40c.db  /home1/SAED14_EDK/SAED14_EDK/SAED14nm_EDK_STD_HVT/liberty/nldm/iso/saed14hvt_iso_ss0p585vm40c.db  /home1/SAED14_EDK/SAED14_EDK/SAED14nm_EDK_STD_HVT/liberty/nldm/pg/saed14hvt_pg_ss0p585vm40c.db  /home1/SAED14_EDK/SAED14_EDK/SAED14nm_EDK_STD_HVT/liberty/nldm/ret/saed14hvt_ret_ss0p585vm40c.db  /home1/SAED14_EDK/SAED14_EDK/SAED14nm_EDK_STD_RVT/liberty/nldm/base/saed14rvt_base_ss0p585vm40c.db  /home1/SAED14_EDK/SAED14_EDK/SAED14nm_EDK_STD_RVT/liberty/nldm/cg/saed14rvt_cg_ss0p585vm40c.db  /home1/SAED14_EDK/SAED14_EDK/SAED14nm_EDK_STD_RVT/liberty/nldm/iso/saed14rvt_iso_ss0p585vm40c.db  /home1/SAED14_EDK/SAED14_EDK/SAED14nm_EDK_STD_RVT/liberty/nldm/pg/saed14rvt_pg_ss0p585vm40c.db  /home1/SAED14_EDK/SAED14_EDK/SAED14nm_EDK_STD_RVT/liberty/nldm/ret/saed14rvt_ret_ss0p585vm40c.db   
dcnxt_shell> set_app_var target_library ${TARGET_LIBRARY_FILES}
  /home1/SAED14_EDK/SAED14_EDK/SAED14nm_EDK_STD_LVT/liberty/nldm/base/saed14lvt_base_ff0p715v125c.db  
/home1/SAED14_EDK/SAED14_EDK/SAED14nm_EDK_STD_LVT/liberty/nldm/base/saed14lvt_base_ff0p715v25c.db  /home1/SAED14_EDK/SAED14_EDK/SAED14nm_EDK_STD_LVT/liberty/nldm/pg/saed14lvt_pg_ff0p715vm40c.db  /home1/SAED14_EDK/SAED14_EDK/SAED14nm_EDK_STD_LVT/liberty/nldm/base/saed14lvt_base_ff0p715vm40c.db  /home1/SAED14_EDK/SAED14_EDK/SAED14nm_EDK_STD_RVT/liberty/nldm/cg/saed14rvt_cg_ff0p715vm40c.db  /home1/SAED14_EDK/SAED14_EDK/SAED14nm_EDK_STD_RVT/liberty/nldm/pg/saed14rvt_pg_ff0p715vm40c.db  /home1/SAED14_EDK/SAED14_EDK/SAED14nm_EDK_STD_RVT/liberty/nldm/base/saed14rvt_base_ff0p715vm40c.db  /home1/SAED14_EDK/SAED14_EDK/SAED14nm_EDK_SRAM/liberty/nldm/saed14sram_ss0p72vm40c.db  /home1/SAED14_EDK/SAED14_EDK/SAED14nm_EDK_STD_LVT/liberty/nldm/cg/saed14lvt_cg_ss0p72v125c.db  /home1/SAED14_EDK/SAED14_EDK/SAED14nm_EDK_STD_RVT/liberty/nldm/cg/saed14rvt_cg_ss0p72v125c.db  /home1/SAED14_EDK/SAED14_EDK/SAED14nm_EDK_STD_LVT/liberty/nldm/base/saed14lvt_base_ss0p72v125c.db  /home1/SAED14_EDK/SAED14_EDK/SAED14nm_EDK_STD_RVT/liberty/nldm/base/saed14rvt_base_ss0p72v125c.db  /home1/SAED14_EDK/SAED14_EDK/SAED14nm_EDK_STD_LVT/liberty/nldm/dlvl/saed14lvt_dlvl_tt0p65v125c_i0p8v.db  /home1/SAED14_EDK/SAED14_EDK/SAED14nm_EDK_STD_RVT/liberty/nldm/dlvl/saed14rvt_dlvl_tt0p65v125c_i0p8v.db  /home1/SAED14_EDK/SAED14_EDK/SAED14nm_EDK_STD_LVT/liberty/nldm/ulvl/saed14lvt_ulvl_tt0p8v25c_i0p65v.db  /home1/SAED14_EDK/SAED14_EDK/SAED14nm_EDK_STD_RVT/liberty/nldm/ulvl/saed14rvt_ulvl_tt0p8v25c_i0p65v.db  /home1/SAED14_EDK/SAED14_EDK/SAED14nm_EDK_STD_HVT/liberty/nldm/cg/saed14hvt_cg_ss0p585v125c.db  /home1/SAED14_EDK/SAED14_EDK/SAED14nm_EDK_STD_HVT/liberty/nldm/iso/saed14hvt_iso_ss0p585v125c.db  /home1/SAED14_EDK/SAED14_EDK/SAED14nm_EDK_STD_HVT/liberty/nldm/pg/saed14hvt_pg_ss0p585v125c.db  /home1/SAED14_EDK/SAED14_EDK/SAED14nm_EDK_STD_HVT/liberty/nldm/ret/saed14hvt_ret_ss0p585v125c.db  /home1/SAED14_EDK/SAED14_EDK/SAED14nm_EDK_STD_HVT/liberty/nldm/ulvl/saed14hvt_ulvl_ss0p585v125c_i0p585v.db  /home1/SAED14_EDK/SAED14_EDK/SAED14nm_EDK_STD_HVT/liberty/nldm/dlvl/saed14hvt_dlvl_ss0p585v125c_i0p585v.db  /home1/SAED14_EDK/SAED14_EDK/SAED14nm_EDK_STD_HVT/liberty/nldm/dlvl/saed14hvt_dlvl_ss0p585v125c_i0p72v.db  /home1/SAED14_EDK/SAED14_EDK/SAED14nm_EDK_STD_HVT/liberty/nldm/base/saed14hvt_base_ss0p585v125c.db  /home1/SAED14_EDK/SAED14_EDK/SAED14nm_EDK_STD_RVT/liberty/nldm/cg/saed14rvt_cg_ss0p585v125c.db  /home1/SAED14_EDK/SAED14_EDK/SAED14nm_EDK_STD_RVT/liberty/nldm/iso/saed14rvt_iso_ss0p585v125c.db  /home1/SAED14_EDK/SAED14_EDK/SAED14nm_EDK_STD_RVT/liberty/nldm/pg/saed14rvt_pg_ss0p585v125c.db  /home1/SAED14_EDK/SAED14_EDK/SAED14nm_EDK_STD_RVT/liberty/nldm/ret/saed14rvt_ret_ss0p585v125c.db  /home1/SAED14_EDK/SAED14_EDK/SAED14nm_EDK_STD_RVT/liberty/nldm/ulvl/saed14rvt_ulvl_ss0p585v125c_i0p585v.db  /home1/SAED14_EDK/SAED14_EDK/SAED14nm_EDK_STD_RVT/liberty/nldm/dlvl/saed14rvt_dlvl_ss0p585v125c_i0p585v.db  /home1/SAED14_EDK/SAED14_EDK/SAED14nm_EDK_STD_RVT/liberty/nldm/dlvl/saed14rvt_dlvl_ss0p585v125c_i0p72v.db  /home1/SAED14_EDK/SAED14_EDK/SAED14nm_EDK_STD_RVT/liberty/nldm/base/saed14rvt_base_ss0p585v125c.db  /home1/SAED14_EDK/SAED14_EDK/SAED14nm_EDK_STD_HVT/liberty/nldm/cg/saed14hvt_cg_tt0p65v25c.db  /home1/SAED14_EDK/SAED14_EDK/SAED14nm_EDK_STD_HVT/liberty/nldm/iso/saed14hvt_iso_tt0p65v25c.db  /home1/SAED14_EDK/SAED14_EDK/SAED14nm_EDK_STD_HVT/liberty/nldm/pg/saed14hvt_pg_tt0p65v25c.db  /home1/SAED14_EDK/SAED14_EDK/SAED14nm_EDK_STD_HVT/liberty/nldm/ret/saed14hvt_ret_tt0p65v25c.db  /home1/SAED14_EDK/SAED14_EDK/SAED14nm_EDK_STD_HVT/liberty/nldm/ulvl/saed14hvt_ulvl_tt0p65v25c_i0p65v.db  /home1/SAED14_EDK/SAED14_EDK/SAED14nm_EDK_STD_HVT/liberty/nldm/dlvl/saed14hvt_dlvl_tt0p65v25c_i0p65v.db  /home1/SAED14_EDK/SAED14_EDK/SAED14nm_EDK_STD_HVT/liberty/nldm/base/saed14hvt_base_tt0p65v25c.db  /home1/SAED14_EDK/SAED14_EDK/SAED14nm_EDK_STD_HVT/liberty/nldm/dlvl/saed14hvt_dlvl_tt0p65v25c_i0p8v.db  /home1/SAED14_EDK/SAED14_EDK/SAED14nm_EDK_STD_RVT/liberty/nldm/cg/saed14rvt_cg_tt0p65v25c.db  /home1/SAED14_EDK/SAED14_EDK/SAED14nm_EDK_STD_RVT/liberty/nldm/iso/saed14rvt_iso_tt0p65v25c.db  /home1/SAED14_EDK/SAED14_EDK/SAED14nm_EDK_STD_RVT/liberty/nldm/pg/saed14rvt_pg_tt0p65v25c.db  /home1/SAED14_EDK/SAED14_EDK/SAED14nm_EDK_STD_RVT/liberty/nldm/ret/saed14rvt_ret_tt0p65v25c.db  /home1/SAED14_EDK/SAED14_EDK/SAED14nm_EDK_STD_RVT/liberty/nldm/ulvl/saed14rvt_ulvl_tt0p65v25c_i0p65v.db  /home1/SAED14_EDK/SAED14_EDK/SAED14nm_EDK_STD_RVT/liberty/nldm/dlvl/saed14rvt_dlvl_tt0p65v25c_i0p65v.db  /home1/SAED14_EDK/SAED14_EDK/SAED14nm_EDK_STD_RVT/liberty/nldm/base/saed14rvt_base_tt0p65v25c.db  /home1/SAED14_EDK/SAED14_EDK/SAED14nm_EDK_STD_RVT/liberty/nldm/dlvl/saed14rvt_dlvl_tt0p65v25c_i0p8v.db  /home1/SAED14_EDK/SAED14_EDK/SAED14nm_EDK_STD_HVT/liberty/nldm/cg/saed14hvt_cg_ff0p88vm40c.db  /home1/SAED14_EDK/SAED14_EDK/SAED14nm_EDK_STD_HVT/liberty/nldm/iso/saed14hvt_iso_ff0p88vm40c.db  /home1/SAED14_EDK/SAED14_EDK/SAED14nm_EDK_STD_HVT/liberty/nldm/pg/saed14hvt_pg_ff0p88vm40c.db  /home1/SAED14_EDK/SAED14_EDK/SAED14nm_EDK_STD_HVT/liberty/nldm/ret/saed14hvt_ret_ff0p88vm40c.db  /home1/SAED14_EDK/SAED14_EDK/SAED14nm_EDK_STD_HVT/liberty/nldm/ulvl/saed14hvt_ulvl_ff0p88vm40c_i0p715v.db  /home1/SAED14_EDK/SAED14_EDK/SAED14nm_EDK_STD_HVT/liberty/nldm/ulvl/saed14hvt_ulvl_ff0p88vm40c_i0p88v.db  /home1/SAED14_EDK/SAED14_EDK/SAED14nm_EDK_STD_HVT/liberty/nldm/dlvl/saed14hvt_dlvl_ff0p88vm40c_i0p88v.db  /home1/SAED14_EDK/SAED14_EDK/SAED14nm_EDK_STD_HVT/liberty/nldm/base/saed14hvt_base_ff0p88vm40c.db  /home1/SAED14_EDK/SAED14_EDK/SAED14nm_EDK_STD_RVT/liberty/nldm/cg/saed14rvt_cg_ff0p88vm40c.db  /home1/SAED14_EDK/SAED14_EDK/SAED14nm_EDK_STD_RVT/liberty/nldm/iso/saed14rvt_iso_ff0p88vm40c.db  /home1/SAED14_EDK/SAED14_EDK/SAED14nm_EDK_STD_RVT/liberty/nldm/pg/saed14rvt_pg_ff0p88vm40c.db  /home1/SAED14_EDK/SAED14_EDK/SAED14nm_EDK_STD_RVT/liberty/nldm/ret/saed14rvt_ret_ff0p88vm40c.db  /home1/SAED14_EDK/SAED14_EDK/SAED14nm_EDK_STD_RVT/liberty/nldm/ulvl/saed14rvt_ulvl_ff0p88vm40c_i0p715v.db  /home1/SAED14_EDK/SAED14_EDK/SAED14nm_EDK_STD_RVT/liberty/nldm/ulvl/saed14rvt_ulvl_ff0p88vm40c_i0p88v.db  /home1/SAED14_EDK/SAED14_EDK/SAED14nm_EDK_STD_RVT/liberty/nldm/dlvl/saed14rvt_dlvl_ff0p88vm40c_i0p88v.db  /home1/SAED14_EDK/SAED14_EDK/SAED14nm_EDK_STD_RVT/liberty/nldm/base/saed14rvt_base_ff0p88vm40c.db  /home1/SAED14_EDK/SAED14_EDK/SAED14nm_EDK_STD_LVT/liberty/nldm/cg/saed14lvt_cg_ff0p715vm40c.db  /home1/SAED14_EDK/SAED14_EDK/SAED14nm_EDK_STD_LVT/liberty/nldm/cg/saed14lvt_cg_tt0p65v25c.db /home1/SAED14_EDK/SAED14_EDK/SAED14nm_EDK_STD_HVT/liberty/nldm/base/saed14hvt_base_ss0p585vm40c.db  /home1/SAED14_EDK/SAED14_EDK/SAED14nm_EDK_STD_HVT/liberty/nldm/cg/saed14hvt_cg_ss0p585vm40c.db  /home1/SAED14_EDK/SAED14_EDK/SAED14nm_EDK_STD_HVT/liberty/nldm/iso/saed14hvt_iso_ss0p585vm40c.db  /home1/SAED14_EDK/SAED14_EDK/SAED14nm_EDK_STD_HVT/liberty/nldm/pg/saed14hvt_pg_ss0p585vm40c.db  /home1/SAED14_EDK/SAED14_EDK/SAED14nm_EDK_STD_HVT/liberty/nldm/ret/saed14hvt_ret_ss0p585vm40c.db  /home1/SAED14_EDK/SAED14_EDK/SAED14nm_EDK_STD_RVT/liberty/nldm/base/saed14rvt_base_ss0p585vm40c.db  /home1/SAED14_EDK/SAED14_EDK/SAED14nm_EDK_STD_RVT/liberty/nldm/cg/saed14rvt_cg_ss0p585vm40c.db  /home1/SAED14_EDK/SAED14_EDK/SAED14nm_EDK_STD_RVT/liberty/nldm/iso/saed14rvt_iso_ss0p585vm40c.db  /home1/SAED14_EDK/SAED14_EDK/SAED14nm_EDK_STD_RVT/liberty/nldm/pg/saed14rvt_pg_ss0p585vm40c.db  /home1/SAED14_EDK/SAED14_EDK/SAED14nm_EDK_STD_RVT/liberty/nldm/ret/saed14rvt_ret_ss0p585vm40c.db   
set_app_var synthetic_library dw_foundation.sldb
dw_foundation.sldb
set_app_var link_library "* $target_library $synthetic_library"
*   /home1/SAED14_EDK/SAED14_EDK/SAED14nm_EDK_STD_LVT/liberty/nldm/base/saed14lvt_base_ff0p715v125c.db  
/home1/SAED14_EDK/SAED14_EDK/SAED14nm_EDK_STD_LVT/liberty/nldm/base/saed14lvt_base_ff0p715v25c.db  /home1/SAED14_EDK/SAED14_EDK/SAED14nm_EDK_STD_LVT/liberty/nldm/pg/saed14lvt_pg_ff0p715vm40c.db  /home1/SAED14_EDK/SAED14_EDK/SAED14nm_EDK_STD_LVT/liberty/nldm/base/saed14lvt_base_ff0p715vm40c.db  /home1/SAED14_EDK/SAED14_EDK/SAED14nm_EDK_STD_RVT/liberty/nldm/cg/saed14rvt_cg_ff0p715vm40c.db  /home1/SAED14_EDK/SAED14_EDK/SAED14nm_EDK_STD_RVT/liberty/nldm/pg/saed14rvt_pg_ff0p715vm40c.db  /home1/SAED14_EDK/SAED14_EDK/SAED14nm_EDK_STD_RVT/liberty/nldm/base/saed14rvt_base_ff0p715vm40c.db  /home1/SAED14_EDK/SAED14_EDK/SAED14nm_EDK_SRAM/liberty/nldm/saed14sram_ss0p72vm40c.db  /home1/SAED14_EDK/SAED14_EDK/SAED14nm_EDK_STD_LVT/liberty/nldm/cg/saed14lvt_cg_ss0p72v125c.db  /home1/SAED14_EDK/SAED14_EDK/SAED14nm_EDK_STD_RVT/liberty/nldm/cg/saed14rvt_cg_ss0p72v125c.db  /home1/SAED14_EDK/SAED14_EDK/SAED14nm_EDK_STD_LVT/liberty/nldm/base/saed14lvt_base_ss0p72v125c.db  /home1/SAED14_EDK/SAED14_EDK/SAED14nm_EDK_STD_RVT/liberty/nldm/base/saed14rvt_base_ss0p72v125c.db  /home1/SAED14_EDK/SAED14_EDK/SAED14nm_EDK_STD_LVT/liberty/nldm/dlvl/saed14lvt_dlvl_tt0p65v125c_i0p8v.db  /home1/SAED14_EDK/SAED14_EDK/SAED14nm_EDK_STD_RVT/liberty/nldm/dlvl/saed14rvt_dlvl_tt0p65v125c_i0p8v.db  /home1/SAED14_EDK/SAED14_EDK/SAED14nm_EDK_STD_LVT/liberty/nldm/ulvl/saed14lvt_ulvl_tt0p8v25c_i0p65v.db  /home1/SAED14_EDK/SAED14_EDK/SAED14nm_EDK_STD_RVT/liberty/nldm/ulvl/saed14rvt_ulvl_tt0p8v25c_i0p65v.db  /home1/SAED14_EDK/SAED14_EDK/SAED14nm_EDK_STD_HVT/liberty/nldm/cg/saed14hvt_cg_ss0p585v125c.db  /home1/SAED14_EDK/SAED14_EDK/SAED14nm_EDK_STD_HVT/liberty/nldm/iso/saed14hvt_iso_ss0p585v125c.db  /home1/SAED14_EDK/SAED14_EDK/SAED14nm_EDK_STD_HVT/liberty/nldm/pg/saed14hvt_pg_ss0p585v125c.db  /home1/SAED14_EDK/SAED14_EDK/SAED14nm_EDK_STD_HVT/liberty/nldm/ret/saed14hvt_ret_ss0p585v125c.db  /home1/SAED14_EDK/SAED14_EDK/SAED14nm_EDK_STD_HVT/liberty/nldm/ulvl/saed14hvt_ulvl_ss0p585v125c_i0p585v.db  /home1/SAED14_EDK/SAED14_EDK/SAED14nm_EDK_STD_HVT/liberty/nldm/dlvl/saed14hvt_dlvl_ss0p585v125c_i0p585v.db  /home1/SAED14_EDK/SAED14_EDK/SAED14nm_EDK_STD_HVT/liberty/nldm/dlvl/saed14hvt_dlvl_ss0p585v125c_i0p72v.db  /home1/SAED14_EDK/SAED14_EDK/SAED14nm_EDK_STD_HVT/liberty/nldm/base/saed14hvt_base_ss0p585v125c.db  /home1/SAED14_EDK/SAED14_EDK/SAED14nm_EDK_STD_RVT/liberty/nldm/cg/saed14rvt_cg_ss0p585v125c.db  /home1/SAED14_EDK/SAED14_EDK/SAED14nm_EDK_STD_RVT/liberty/nldm/iso/saed14rvt_iso_ss0p585v125c.db  /home1/SAED14_EDK/SAED14_EDK/SAED14nm_EDK_STD_RVT/liberty/nldm/pg/saed14rvt_pg_ss0p585v125c.db  /home1/SAED14_EDK/SAED14_EDK/SAED14nm_EDK_STD_RVT/liberty/nldm/ret/saed14rvt_ret_ss0p585v125c.db  /home1/SAED14_EDK/SAED14_EDK/SAED14nm_EDK_STD_RVT/liberty/nldm/ulvl/saed14rvt_ulvl_ss0p585v125c_i0p585v.db  /home1/SAED14_EDK/SAED14_EDK/SAED14nm_EDK_STD_RVT/liberty/nldm/dlvl/saed14rvt_dlvl_ss0p585v125c_i0p585v.db  /home1/SAED14_EDK/SAED14_EDK/SAED14nm_EDK_STD_RVT/liberty/nldm/dlvl/saed14rvt_dlvl_ss0p585v125c_i0p72v.db  /home1/SAED14_EDK/SAED14_EDK/SAED14nm_EDK_STD_RVT/liberty/nldm/base/saed14rvt_base_ss0p585v125c.db  /home1/SAED14_EDK/SAED14_EDK/SAED14nm_EDK_STD_HVT/liberty/nldm/cg/saed14hvt_cg_tt0p65v25c.db  /home1/SAED14_EDK/SAED14_EDK/SAED14nm_EDK_STD_HVT/liberty/nldm/iso/saed14hvt_iso_tt0p65v25c.db  /home1/SAED14_EDK/SAED14_EDK/SAED14nm_EDK_STD_HVT/liberty/nldm/pg/saed14hvt_pg_tt0p65v25c.db  /home1/SAED14_EDK/SAED14_EDK/SAED14nm_EDK_STD_HVT/liberty/nldm/ret/saed14hvt_ret_tt0p65v25c.db  /home1/SAED14_EDK/SAED14_EDK/SAED14nm_EDK_STD_HVT/liberty/nldm/ulvl/saed14hvt_ulvl_tt0p65v25c_i0p65v.db  /home1/SAED14_EDK/SAED14_EDK/SAED14nm_EDK_STD_HVT/liberty/nldm/dlvl/saed14hvt_dlvl_tt0p65v25c_i0p65v.db  /home1/SAED14_EDK/SAED14_EDK/SAED14nm_EDK_STD_HVT/liberty/nldm/base/saed14hvt_base_tt0p65v25c.db  /home1/SAED14_EDK/SAED14_EDK/SAED14nm_EDK_STD_HVT/liberty/nldm/dlvl/saed14hvt_dlvl_tt0p65v25c_i0p8v.db  /home1/SAED14_EDK/SAED14_EDK/SAED14nm_EDK_STD_RVT/liberty/nldm/cg/saed14rvt_cg_tt0p65v25c.db  /home1/SAED14_EDK/SAED14_EDK/SAED14nm_EDK_STD_RVT/liberty/nldm/iso/saed14rvt_iso_tt0p65v25c.db  /home1/SAED14_EDK/SAED14_EDK/SAED14nm_EDK_STD_RVT/liberty/nldm/pg/saed14rvt_pg_tt0p65v25c.db  /home1/SAED14_EDK/SAED14_EDK/SAED14nm_EDK_STD_RVT/liberty/nldm/ret/saed14rvt_ret_tt0p65v25c.db  /home1/SAED14_EDK/SAED14_EDK/SAED14nm_EDK_STD_RVT/liberty/nldm/ulvl/saed14rvt_ulvl_tt0p65v25c_i0p65v.db  /home1/SAED14_EDK/SAED14_EDK/SAED14nm_EDK_STD_RVT/liberty/nldm/dlvl/saed14rvt_dlvl_tt0p65v25c_i0p65v.db  /home1/SAED14_EDK/SAED14_EDK/SAED14nm_EDK_STD_RVT/liberty/nldm/base/saed14rvt_base_tt0p65v25c.db  /home1/SAED14_EDK/SAED14_EDK/SAED14nm_EDK_STD_RVT/liberty/nldm/dlvl/saed14rvt_dlvl_tt0p65v25c_i0p8v.db  /home1/SAED14_EDK/SAED14_EDK/SAED14nm_EDK_STD_HVT/liberty/nldm/cg/saed14hvt_cg_ff0p88vm40c.db  /home1/SAED14_EDK/SAED14_EDK/SAED14nm_EDK_STD_HVT/liberty/nldm/iso/saed14hvt_iso_ff0p88vm40c.db  /home1/SAED14_EDK/SAED14_EDK/SAED14nm_EDK_STD_HVT/liberty/nldm/pg/saed14hvt_pg_ff0p88vm40c.db  /home1/SAED14_EDK/SAED14_EDK/SAED14nm_EDK_STD_HVT/liberty/nldm/ret/saed14hvt_ret_ff0p88vm40c.db  /home1/SAED14_EDK/SAED14_EDK/SAED14nm_EDK_STD_HVT/liberty/nldm/ulvl/saed14hvt_ulvl_ff0p88vm40c_i0p715v.db  /home1/SAED14_EDK/SAED14_EDK/SAED14nm_EDK_STD_HVT/liberty/nldm/ulvl/saed14hvt_ulvl_ff0p88vm40c_i0p88v.db  /home1/SAED14_EDK/SAED14_EDK/SAED14nm_EDK_STD_HVT/liberty/nldm/dlvl/saed14hvt_dlvl_ff0p88vm40c_i0p88v.db  /home1/SAED14_EDK/SAED14_EDK/SAED14nm_EDK_STD_HVT/liberty/nldm/base/saed14hvt_base_ff0p88vm40c.db  /home1/SAED14_EDK/SAED14_EDK/SAED14nm_EDK_STD_RVT/liberty/nldm/cg/saed14rvt_cg_ff0p88vm40c.db  /home1/SAED14_EDK/SAED14_EDK/SAED14nm_EDK_STD_RVT/liberty/nldm/iso/saed14rvt_iso_ff0p88vm40c.db  /home1/SAED14_EDK/SAED14_EDK/SAED14nm_EDK_STD_RVT/liberty/nldm/pg/saed14rvt_pg_ff0p88vm40c.db  /home1/SAED14_EDK/SAED14_EDK/SAED14nm_EDK_STD_RVT/liberty/nldm/ret/saed14rvt_ret_ff0p88vm40c.db  /home1/SAED14_EDK/SAED14_EDK/SAED14nm_EDK_STD_RVT/liberty/nldm/ulvl/saed14rvt_ulvl_ff0p88vm40c_i0p715v.db  /home1/SAED14_EDK/SAED14_EDK/SAED14nm_EDK_STD_RVT/liberty/nldm/ulvl/saed14rvt_ulvl_ff0p88vm40c_i0p88v.db  /home1/SAED14_EDK/SAED14_EDK/SAED14nm_EDK_STD_RVT/liberty/nldm/dlvl/saed14rvt_dlvl_ff0p88vm40c_i0p88v.db  /home1/SAED14_EDK/SAED14_EDK/SAED14nm_EDK_STD_RVT/liberty/nldm/base/saed14rvt_base_ff0p88vm40c.db  /home1/SAED14_EDK/SAED14_EDK/SAED14nm_EDK_STD_LVT/liberty/nldm/cg/saed14lvt_cg_ff0p715vm40c.db  /home1/SAED14_EDK/SAED14_EDK/SAED14nm_EDK_STD_LVT/liberty/nldm/cg/saed14lvt_cg_tt0p65v25c.db /home1/SAED14_EDK/SAED14_EDK/SAED14nm_EDK_STD_HVT/liberty/nldm/base/saed14hvt_base_ss0p585vm40c.db  /home1/SAED14_EDK/SAED14_EDK/SAED14nm_EDK_STD_HVT/liberty/nldm/cg/saed14hvt_cg_ss0p585vm40c.db  /home1/SAED14_EDK/SAED14_EDK/SAED14nm_EDK_STD_HVT/liberty/nldm/iso/saed14hvt_iso_ss0p585vm40c.db  /home1/SAED14_EDK/SAED14_EDK/SAED14nm_EDK_STD_HVT/liberty/nldm/pg/saed14hvt_pg_ss0p585vm40c.db  /home1/SAED14_EDK/SAED14_EDK/SAED14nm_EDK_STD_HVT/liberty/nldm/ret/saed14hvt_ret_ss0p585vm40c.db  /home1/SAED14_EDK/SAED14_EDK/SAED14nm_EDK_STD_RVT/liberty/nldm/base/saed14rvt_base_ss0p585vm40c.db  /home1/SAED14_EDK/SAED14_EDK/SAED14nm_EDK_STD_RVT/liberty/nldm/cg/saed14rvt_cg_ss0p585vm40c.db  /home1/SAED14_EDK/SAED14_EDK/SAED14nm_EDK_STD_RVT/liberty/nldm/iso/saed14rvt_iso_ss0p585vm40c.db  /home1/SAED14_EDK/SAED14_EDK/SAED14nm_EDK_STD_RVT/liberty/nldm/pg/saed14rvt_pg_ss0p585vm40c.db  /home1/SAED14_EDK/SAED14_EDK/SAED14nm_EDK_STD_RVT/liberty/nldm/ret/saed14rvt_ret_ss0p585vm40c.db    dw_foundation.sldb
if {[shell_is_in_topographical_mode]} {
  if {[info exists view_target] && [file exists $DCRM_NDM_LIBRARY_NAME]} {
    puts "RM-info: opening existing lib $DCRM_NDM_LIBRARY_NAME"
    open_lib $DCRM_NDM_LIBRARY_NAME
  } else {
    if {[file exists $DCRM_NDM_LIBRARY_NAME]} {
      puts "RM-info: deleting existing lib $DCRM_NDM_LIBRARY_NAME"
      file delete -force $DCRM_NDM_LIBRARY_NAME
    }
   
    set create_lib_cmd "create_lib -technology $TECH_FILE $DCRM_NDM_LIBRARY_NAME"
    if {${REFERENCE_LIBRARY} != ""} { lappend create_lib_cmd " -ref_libs \"${REFERENCE_LIBRARY}\""}
    puts "RM-info: Running $create_lib_cmd"
    eval ${create_lib_cmd}
  }
}
set set_check_library_cmd "set_check_library_options -mcmm"
set_check_library_options -mcmm
if {$UPF_MODE != "none"} {lappend set_check_library_cmd -upf}
set_check_library_options -mcmm -upf
puts "RM-info: Running $set_check_library_cmd"
RM-info: Running set_check_library_options -mcmm -upf
eval ${set_check_library_cmd}
1
redirect -file ${OUTPUTS_DIR}/${DESIGN_NAME}.check_library.rpt {check_library}dcnxt_shell> check_library
1
dcnxt_shell> set_app_var sh_new_variable_message false
false
# Enable the insertion of level-shifters on clock nets for a multivoltage flow
set_app_var auto_insert_level_shifters_on_clocks all
all
# Enable the support of via resistance for RC estimation to improve the timing correlation with IC Compiler
set_app_var spg_enable_via_resistance_support true true
dcnxt_shell> set_app_var simplified_verification_mode true
true
dcnxt_shell> set_svf ${OUTPUTS_DIR}/${DESIGN_NAME}.mapped.svf
1
dcnxt_shell> analyze -f sverilog $msrv_soc/cvw.sv
Information: Optimization is being performed with the 'simplified_verification_mode' variable enabled.  (INFO-114)
Running PRESTO HDLC
Compiling source file /home1/PD07/AMuthuKKumar/Project_CVW_PD12/Synth/rtl/cvw.sv
Opening include file /home1/PD07/AMuthuKKumar/Project_CVW_PD12/Synth/rtl/BranchPredictorType.vh
Presto compilation completed successfully.
Loading db file '/home1/SAED14_EDK/SAED14_EDK/SAED14nm_EDK_STD_LVT/liberty/nldm/base/saed14lvt_base_ff0p715v125c.db'
Loading db file '/home1/SAED14_EDK/SAED14_EDK/SAED14nm_EDK_STD_LVT/liberty/nldm/base/saed14lvt_base_ff0p715v25c.db'
Loading db file '/home1/SAED14_EDK/SAED14_EDK/SAED14nm_EDK_STD_LVT/liberty/nldm/pg/saed14lvt_pg_ff0p715vm40c.db'
Loading db file '/home1/SAED14_EDK/SAED14_EDK/SAED14nm_EDK_STD_LVT/liberty/nldm/base/saed14lvt_base_ff0p715vm40c.db'
Loading db file '/home1/SAED14_EDK/SAED14_EDK/SAED14nm_EDK_STD_RVT/liberty/nldm/cg/saed14rvt_cg_ff0p715vm40c.db'
Loading db file '/home1/SAED14_EDK/SAED14_EDK/SAED14nm_EDK_STD_RVT/liberty/nldm/pg/saed14rvt_pg_ff0p715vm40c.db'
Loading db file '/home1/SAED14_EDK/SAED14_EDK/SAED14nm_EDK_STD_RVT/liberty/nldm/base/saed14rvt_base_ff0p715vm40c.db'
Loading db file '/home1/SAED14_EDK/SAED14_EDK/SAED14nm_EDK_SRAM/liberty/nldm/saed14sram_ss0p72vm40c.db'
Loading db file '/home1/SAED14_EDK/SAED14_EDK/SAED14nm_EDK_STD_LVT/liberty/nldm/cg/saed14lvt_cg_ss0p72v125c.db'
Loading db file '/home1/SAED14_EDK/SAED14_EDK/SAED14nm_EDK_STD_RVT/liberty/nldm/cg/saed14rvt_cg_ss0p72v125c.db'
Loading db file '/home1/SAED14_EDK/SAED14_EDK/SAED14nm_EDK_STD_LVT/liberty/nldm/base/saed14lvt_base_ss0p72v125c.db'
Loading db file '/home1/SAED14_EDK/SAED14_EDK/SAED14nm_EDK_STD_RVT/liberty/nldm/base/saed14rvt_base_ss0p72v125c.db'
Loading db file '/home1/SAED14_EDK/SAED14_EDK/SAED14nm_EDK_STD_LVT/liberty/nldm/dlvl/saed14lvt_dlvl_tt0p65v125c_i0p8v.db'
Loading db file '/home1/SAED14_EDK/SAED14_EDK/SAED14nm_EDK_STD_RVT/liberty/nldm/dlvl/saed14rvt_dlvl_tt0p65v125c_i0p8v.db'
Loading db file '/home1/SAED14_EDK/SAED14_EDK/SAED14nm_EDK_STD_LVT/liberty/nldm/ulvl/saed14lvt_ulvl_tt0p8v25c_i0p65v.db'
Loading db file '/home1/SAED14_EDK/SAED14_EDK/SAED14nm_EDK_STD_RVT/liberty/nldm/ulvl/saed14rvt_ulvl_tt0p8v25c_i0p65v.db'
Loading db file '/home1/SAED14_EDK/SAED14_EDK/SAED14nm_EDK_STD_HVT/liberty/nldm/cg/saed14hvt_cg_ss0p585v125c.db'
Loading db file '/home1/SAED14_EDK/SAED14_EDK/SAED14nm_EDK_STD_HVT/liberty/nldm/iso/saed14hvt_iso_ss0p585v125c.db'
Loading db file '/home1/SAED14_EDK/SAED14_EDK/SAED14nm_EDK_STD_HVT/liberty/nldm/pg/saed14hvt_pg_ss0p585v125c.db'
Loading db file '/home1/SAED14_EDK/SAED14_EDK/SAED14nm_EDK_STD_HVT/liberty/nldm/ret/saed14hvt_ret_ss0p585v125c.db'
Loading db file '/home1/SAED14_EDK/SAED14_EDK/SAED14nm_EDK_STD_HVT/liberty/nldm/ulvl/saed14hvt_ulvl_ss0p585v125c_i0p585v.db'
Loading db file '/home1/SAED14_EDK/SAED14_EDK/SAED14nm_EDK_STD_HVT/liberty/nldm/dlvl/saed14hvt_dlvl_ss0p585v125c_i0p585v.db'
Loading db file '/home1/SAED14_EDK/SAED14_EDK/SAED14nm_EDK_STD_HVT/liberty/nldm/dlvl/saed14hvt_dlvl_ss0p585v125c_i0p72v.db'
Loading db file '/home1/SAED14_EDK/SAED14_EDK/SAED14nm_EDK_STD_HVT/liberty/nldm/base/saed14hvt_base_ss0p585v125c.db'
Loading db file '/home1/SAED14_EDK/SAED14_EDK/SAED14nm_EDK_STD_RVT/liberty/nldm/cg/saed14rvt_cg_ss0p585v125c.db'
Loading db file '/home1/SAED14_EDK/SAED14_EDK/SAED14nm_EDK_STD_RVT/liberty/nldm/iso/saed14rvt_iso_ss0p585v125c.db'
Loading db file '/home1/SAED14_EDK/SAED14_EDK/SAED14nm_EDK_STD_RVT/liberty/nldm/pg/saed14rvt_pg_ss0p585v125c.db'
Loading db file '/home1/SAED14_EDK/SAED14_EDK/SAED14nm_EDK_STD_RVT/liberty/nldm/ret/saed14rvt_ret_ss0p585v125c.db'
Loading db file '/home1/SAED14_EDK/SAED14_EDK/SAED14nm_EDK_STD_RVT/liberty/nldm/ulvl/saed14rvt_ulvl_ss0p585v125c_i0p585v.db'
Loading db file '/home1/SAED14_EDK/SAED14_EDK/SAED14nm_EDK_STD_RVT/liberty/nldm/dlvl/saed14rvt_dlvl_ss0p585v125c_i0p585v.db'
Loading db file '/home1/SAED14_EDK/SAED14_EDK/SAED14nm_EDK_STD_RVT/liberty/nldm/dlvl/saed14rvt_dlvl_ss0p585v125c_i0p72v.db'
Loading db file '/home1/SAED14_EDK/SAED14_EDK/SAED14nm_EDK_STD_RVT/liberty/nldm/base/saed14rvt_base_ss0p585v125c.db'
Loading db file '/home1/SAED14_EDK/SAED14_EDK/SAED14nm_EDK_STD_HVT/liberty/nldm/cg/saed14hvt_cg_tt0p65v25c.db'
Loading db file '/home1/SAED14_EDK/SAED14_EDK/SAED14nm_EDK_STD_HVT/liberty/nldm/iso/saed14hvt_iso_tt0p65v25c.db'
Loading db file '/home1/SAED14_EDK/SAED14_EDK/SAED14nm_EDK_STD_HVT/liberty/nldm/pg/saed14hvt_pg_tt0p65v25c.db'
Loading db file '/home1/SAED14_EDK/SAED14_EDK/SAED14nm_EDK_STD_HVT/liberty/nldm/ret/saed14hvt_ret_tt0p65v25c.db'
Loading db file '/home1/SAED14_EDK/SAED14_EDK/SAED14nm_EDK_STD_HVT/liberty/nldm/ulvl/saed14hvt_ulvl_tt0p65v25c_i0p65v.db'
Loading db file '/home1/SAED14_EDK/SAED14_EDK/SAED14nm_EDK_STD_HVT/liberty/nldm/dlvl/saed14hvt_dlvl_tt0p65v25c_i0p65v.db'
Loading db file '/home1/SAED14_EDK/SAED14_EDK/SAED14nm_EDK_STD_HVT/liberty/nldm/base/saed14hvt_base_tt0p65v25c.db'
Loading db file '/home1/SAED14_EDK/SAED14_EDK/SAED14nm_EDK_STD_HVT/liberty/nldm/dlvl/saed14hvt_dlvl_tt0p65v25c_i0p8v.db'
Loading db file '/home1/SAED14_EDK/SAED14_EDK/SAED14nm_EDK_STD_RVT/liberty/nldm/cg/saed14rvt_cg_tt0p65v25c.db'
Loading db file '/home1/SAED14_EDK/SAED14_EDK/SAED14nm_EDK_STD_RVT/liberty/nldm/iso/saed14rvt_iso_tt0p65v25c.db'
Loading db file '/home1/SAED14_EDK/SAED14_EDK/SAED14nm_EDK_STD_RVT/liberty/nldm/pg/saed14rvt_pg_tt0p65v25c.db'
Loading db file '/home1/SAED14_EDK/SAED14_EDK/SAED14nm_EDK_STD_RVT/liberty/nldm/ret/saed14rvt_ret_tt0p65v25c.db'
Loading db file '/home1/SAED14_EDK/SAED14_EDK/SAED14nm_EDK_STD_RVT/liberty/nldm/ulvl/saed14rvt_ulvl_tt0p65v25c_i0p65v.db'
Loading db file '/home1/SAED14_EDK/SAED14_EDK/SAED14nm_EDK_STD_RVT/liberty/nldm/dlvl/saed14rvt_dlvl_tt0p65v25c_i0p65v.db'
Loading db file '/home1/SAED14_EDK/SAED14_EDK/SAED14nm_EDK_STD_RVT/liberty/nldm/base/saed14rvt_base_tt0p65v25c.db'
Loading db file '/home1/SAED14_EDK/SAED14_EDK/SAED14nm_EDK_STD_RVT/liberty/nldm/dlvl/saed14rvt_dlvl_tt0p65v25c_i0p8v.db'
Loading db file '/home1/SAED14_EDK/SAED14_EDK/SAED14nm_EDK_STD_HVT/liberty/nldm/cg/saed14hvt_cg_ff0p88vm40c.db'
Loading db file '/home1/SAED14_EDK/SAED14_EDK/SAED14nm_EDK_STD_HVT/liberty/nldm/iso/saed14hvt_iso_ff0p88vm40c.db'
Loading db file '/home1/SAED14_EDK/SAED14_EDK/SAED14nm_EDK_STD_HVT/liberty/nldm/pg/saed14hvt_pg_ff0p88vm40c.db'
Loading db file '/home1/SAED14_EDK/SAED14_EDK/SAED14nm_EDK_STD_HVT/liberty/nldm/ret/saed14hvt_ret_ff0p88vm40c.db'
Loading db file '/home1/SAED14_EDK/SAED14_EDK/SAED14nm_EDK_STD_HVT/liberty/nldm/ulvl/saed14hvt_ulvl_ff0p88vm40c_i0p715v.db'
Loading db file '/home1/SAED14_EDK/SAED14_EDK/SAED14nm_EDK_STD_HVT/liberty/nldm/ulvl/saed14hvt_ulvl_ff0p88vm40c_i0p88v.db'
Loading db file '/home1/SAED14_EDK/SAED14_EDK/SAED14nm_EDK_STD_HVT/liberty/nldm/dlvl/saed14hvt_dlvl_ff0p88vm40c_i0p88v.db'
Loading db file '/home1/SAED14_EDK/SAED14_EDK/SAED14nm_EDK_STD_HVT/liberty/nldm/base/saed14hvt_base_ff0p88vm40c.db'
Loading db file '/home1/SAED14_EDK/SAED14_EDK/SAED14nm_EDK_STD_RVT/liberty/nldm/cg/saed14rvt_cg_ff0p88vm40c.db'
Loading db file '/home1/SAED14_EDK/SAED14_EDK/SAED14nm_EDK_STD_RVT/liberty/nldm/iso/saed14rvt_iso_ff0p88vm40c.db'
Loading db file '/home1/SAED14_EDK/SAED14_EDK/SAED14nm_EDK_STD_RVT/liberty/nldm/pg/saed14rvt_pg_ff0p88vm40c.db'
Loading db file '/home1/SAED14_EDK/SAED14_EDK/SAED14nm_EDK_STD_RVT/liberty/nldm/ret/saed14rvt_ret_ff0p88vm40c.db'
Loading db file '/home1/SAED14_EDK/SAED14_EDK/SAED14nm_EDK_STD_RVT/liberty/nldm/ulvl/saed14rvt_ulvl_ff0p88vm40c_i0p715v.db'
Loading db file '/home1/SAED14_EDK/SAED14_EDK/SAED14nm_EDK_STD_RVT/liberty/nldm/ulvl/saed14rvt_ulvl_ff0p88vm40c_i0p88v.db'
Loading db file '/home1/SAED14_EDK/SAED14_EDK/SAED14nm_EDK_STD_RVT/liberty/nldm/dlvl/saed14rvt_dlvl_ff0p88vm40c_i0p88v.db'
Loading db file '/home1/SAED14_EDK/SAED14_EDK/SAED14nm_EDK_STD_RVT/liberty/nldm/base/saed14rvt_base_ff0p88vm40c.db'
Loading db file '/home1/SAED14_EDK/SAED14_EDK/SAED14nm_EDK_STD_LVT/liberty/nldm/cg/saed14lvt_cg_ff0p715vm40c.db'
Loading db file '/home1/SAED14_EDK/SAED14_EDK/SAED14nm_EDK_STD_LVT/liberty/nldm/cg/saed14lvt_cg_tt0p65v25c.db'
Loading db file '/home1/SAED14_EDK/SAED14_EDK/SAED14nm_EDK_STD_HVT/liberty/nldm/base/saed14hvt_base_ss0p585vm40c.db'
Loading db file '/home1/SAED14_EDK/SAED14_EDK/SAED14nm_EDK_STD_HVT/liberty/nldm/cg/saed14hvt_cg_ss0p585vm40c.db'
Loading db file '/home1/SAED14_EDK/SAED14_EDK/SAED14nm_EDK_STD_HVT/liberty/nldm/iso/saed14hvt_iso_ss0p585vm40c.db'
Loading db file '/home1/SAED14_EDK/SAED14_EDK/SAED14nm_EDK_STD_HVT/liberty/nldm/pg/saed14hvt_pg_ss0p585vm40c.db'
Loading db file '/home1/SAED14_EDK/SAED14_EDK/SAED14nm_EDK_STD_HVT/liberty/nldm/ret/saed14hvt_ret_ss0p585vm40c.db'
Loading db file '/home1/SAED14_EDK/SAED14_EDK/SAED14nm_EDK_STD_RVT/liberty/nldm/base/saed14rvt_base_ss0p585vm40c.db'
Loading db file '/home1/SAED14_EDK/SAED14_EDK/SAED14nm_EDK_STD_RVT/liberty/nldm/cg/saed14rvt_cg_ss0p585vm40c.db'
Loading db file '/home1/SAED14_EDK/SAED14_EDK/SAED14nm_EDK_STD_RVT/liberty/nldm/iso/saed14rvt_iso_ss0p585vm40c.db'
Loading db file '/home1/SAED14_EDK/SAED14_EDK/SAED14nm_EDK_STD_RVT/liberty/nldm/pg/saed14rvt_pg_ss0p585vm40c.db'
Loading db file '/home1/SAED14_EDK/SAED14_EDK/SAED14nm_EDK_STD_RVT/liberty/nldm/ret/saed14rvt_ret_ss0p585vm40c.db'
Loading db file '/home/cad/eda/SYNOPSYS/Design_Compiler_2022.03/syn/T-2022.03-SP4/libraries/syn/dw_foundation.sldb'
1
foreach path $rtl_path { 
    analyze -f sverilog [glob $path/*.sv] 
}
Information: Optimization is being performed with the 'simplified_verification_mode' variable enabled.  (INFO-114)
Running PRESTO HDLC
Compiling source file /home1/PD07/AMuthuKKumar/Project_CVW_PD12/Synth/rtl/msrv_soc_cache/msrv_soc_cachefsm.sv
Compiling source file /home1/PD07/AMuthuKKumar/Project_CVW_PD12/Synth/rtl/msrv_soc_cache/msrv_soc_cache.sv
Compiling source file /home1/PD07/AMuthuKKumar/Project_CVW_PD12/Synth/rtl/msrv_soc_cache/msrv_soc_subcachelineread.sv
Compiling source file /home1/PD07/AMuthuKKumar/Project_CVW_PD12/Synth/rtl/msrv_soc_cache/msrv_soc_cacheway.sv
Compiling source file /home1/PD07/AMuthuKKumar/Project_CVW_PD12/Synth/rtl/msrv_soc_cache/msrv_soc_cacheLRU.sv
Presto compilation completed successfully.
Information: Optimization is being performed with the 'simplified_verification_mode' variable enabled.  (INFO-114)
Running PRESTO HDLC
Compiling source file /home1/PD07/AMuthuKKumar/Project_CVW_PD12/Synth/rtl/msrv_soc_ebu/msrv_soc_ebufsmarb.sv
Compiling source file /home1/PD07/AMuthuKKumar/Project_CVW_PD12/Synth/rtl/msrv_soc_ebu/msrv_soc_controllerinput.sv
Compiling source file /home1/PD07/AMuthuKKumar/Project_CVW_PD12/Synth/rtl/msrv_soc_ebu/msrv_soc_ahbinterface.sv
Compiling source file /home1/PD07/AMuthuKKumar/Project_CVW_PD12/Synth/rtl/msrv_soc_ebu/msrv_soc_busfsm.sv
Compiling source file /home1/PD07/AMuthuKKumar/Project_CVW_PD12/Synth/rtl/msrv_soc_ebu/msrv_soc_ebu.sv
Compiling source file /home1/PD07/AMuthuKKumar/Project_CVW_PD12/Synth/rtl/msrv_soc_ebu/msrv_soc_buscachefsm.sv
Compiling source file /home1/PD07/AMuthuKKumar/Project_CVW_PD12/Synth/rtl/msrv_soc_ebu/msrv_soc_ahbcacheinterface.sv
Presto compilation completed successfully.
Information: Optimization is being performed with the 'simplified_verification_mode' variable enabled.  (INFO-114)
Running PRESTO HDLC
Compiling source file /home1/PD07/AMuthuKKumar/Project_CVW_PD12/Synth/rtl/msrv_soc_fpu/msrv_soc_fregfile.sv
Compiling source file /home1/PD07/AMuthuKKumar/Project_CVW_PD12/Synth/rtl/msrv_soc_fpu/msrv_soc_unpack.sv
Warning:  /home1/PD07/AMuthuKKumar/Project_CVW_PD12/Synth/rtl/msrv_soc_fpu/msrv_soc_unpack.sv:89: the undeclared symbol 'Subnorm' assumed to have the default net type, which is 'wire'. (VER-936)
Compiling source file /home1/PD07/AMuthuKKumar/Project_CVW_PD12/Synth/rtl/msrv_soc_fpu/msrv_soc_packoutput.sv
Compiling source file /home1/PD07/AMuthuKKumar/Project_CVW_PD12/Synth/rtl/msrv_soc_fpu/msrv_soc_fround.sv
Compiling source file /home1/PD07/AMuthuKKumar/Project_CVW_PD12/Synth/rtl/msrv_soc_fpu/msrv_soc_fclassify.sv
Compiling source file /home1/PD07/AMuthuKKumar/Project_CVW_PD12/Synth/rtl/msrv_soc_fpu/msrv_soc_fli.sv
Compiling source file /home1/PD07/AMuthuKKumar/Project_CVW_PD12/Synth/rtl/msrv_soc_fpu/msrv_soc_fcvt.sv
Compiling source file /home1/PD07/AMuthuKKumar/Project_CVW_PD12/Synth/rtl/msrv_soc_fpu/msrv_soc_fcmp.sv
Compiling source file /home1/PD07/AMuthuKKumar/Project_CVW_PD12/Synth/rtl/msrv_soc_fpu/msrv_soc_fctrl.sv
Compiling source file /home1/PD07/AMuthuKKumar/Project_CVW_PD12/Synth/rtl/msrv_soc_fpu/msrv_soc_fhazard.sv
Compiling source file /home1/PD07/AMuthuKKumar/Project_CVW_PD12/Synth/rtl/msrv_soc_fpu/msrv_soc_unpackinput.sv
Compiling source file /home1/PD07/AMuthuKKumar/Project_CVW_PD12/Synth/rtl/msrv_soc_fpu/msrv_soc_fsgninj.sv
Compiling source file /home1/PD07/AMuthuKKumar/Project_CVW_PD12/Synth/rtl/msrv_soc_fpu/msrv_soc_fmtparams.sv
Compiling source file /home1/PD07/AMuthuKKumar/Project_CVW_PD12/Synth/rtl/msrv_soc_fpu/msrv_soc_fpu.sv
Presto compilation completed successfully.
Information: Optimization is being performed with the 'simplified_verification_mode' variable enabled.  (INFO-114)
Running PRESTO HDLC
Compiling source file /home1/PD07/AMuthuKKumar/Project_CVW_PD12/Synth/rtl/msrv_soc_fpu/msrv_soc_fdivsqrt/msrv_soc_fdivsqrtpreproc.sv
Compiling source file /home1/PD07/AMuthuKKumar/Project_CVW_PD12/Synth/rtl/msrv_soc_fpu/msrv_soc_fdivsqrt/msrv_soc_fdivsqrtfsm.sv
Compiling source file /home1/PD07/AMuthuKKumar/Project_CVW_PD12/Synth/rtl/msrv_soc_fpu/msrv_soc_fdivsqrt/msrv_soc_fdivsqrtuslc2.sv
Compiling source file /home1/PD07/AMuthuKKumar/Project_CVW_PD12/Synth/rtl/msrv_soc_fpu/msrv_soc_fdivsqrt/msrv_soc_fdivsqrtpostproc.sv
Compiling source file /home1/PD07/AMuthuKKumar/Project_CVW_PD12/Synth/rtl/msrv_soc_fpu/msrv_soc_fdivsqrt/msrv_soc_fdivsqrtfgen2.sv
Compiling source file /home1/PD07/AMuthuKKumar/Project_CVW_PD12/Synth/rtl/msrv_soc_fpu/msrv_soc_fdivsqrt/msrv_soc_fdivsqrtuotfc2.sv
Compiling source file /home1/PD07/AMuthuKKumar/Project_CVW_PD12/Synth/rtl/msrv_soc_fpu/msrv_soc_fdivsqrt/msrv_soc_fdivsqrt.sv
Compiling source file /home1/PD07/AMuthuKKumar/Project_CVW_PD12/Synth/rtl/msrv_soc_fpu/msrv_soc_fdivsqrt/msrv_soc_fdivsqrtexpcalc.sv
Compiling source file /home1/PD07/AMuthuKKumar/Project_CVW_PD12/Synth/rtl/msrv_soc_fpu/msrv_soc_fdivsqrt/msrv_soc_fdivsqrtcycles.sv
Compiling source file /home1/PD07/AMuthuKKumar/Project_CVW_PD12/Synth/rtl/msrv_soc_fpu/msrv_soc_fdivsqrt/msrv_soc_fdivsqrtfgen4.sv
Compiling source file /home1/PD07/AMuthuKKumar/Project_CVW_PD12/Synth/rtl/msrv_soc_fpu/msrv_soc_fdivsqrt/msrv_soc_fdivsqrtstage2.sv
Compiling source file /home1/PD07/AMuthuKKumar/Project_CVW_PD12/Synth/rtl/msrv_soc_fpu/msrv_soc_fdivsqrt/msrv_soc_fdivsqrtuotfc4.sv
Compiling source file /home1/PD07/AMuthuKKumar/Project_CVW_PD12/Synth/rtl/msrv_soc_fpu/msrv_soc_fdivsqrt/msrv_soc_fdivsqrtstage4.sv
Compiling source file /home1/PD07/AMuthuKKumar/Project_CVW_PD12/Synth/rtl/msrv_soc_fpu/msrv_soc_fdivsqrt/msrv_soc_fdivsqrtiter.sv
Compiling source file /home1/PD07/AMuthuKKumar/Project_CVW_PD12/Synth/rtl/msrv_soc_fpu/msrv_soc_fdivsqrt/msrv_soc_fdivsqrtuslc4cmp.sv
Compiling source file /home1/PD07/AMuthuKKumar/Project_CVW_PD12/Synth/rtl/msrv_soc_fpu/msrv_soc_fdivsqrt/msrv_soc_fdivsqrtuslc4.sv
Presto compilation completed successfully.
Information: Optimization is being performed with the 'simplified_verification_mode' variable enabled.  (INFO-114)
Running PRESTO HDLC
Compiling source file /home1/PD07/AMuthuKKumar/Project_CVW_PD12/Synth/rtl/msrv_soc_fpu/msrv_soc_fma/msrv_soc_fma.sv
Compiling source file /home1/PD07/AMuthuKKumar/Project_CVW_PD12/Synth/rtl/msrv_soc_fpu/msrv_soc_fma/msrv_soc_fmasign.sv
Compiling source file /home1/PD07/AMuthuKKumar/Project_CVW_PD12/Synth/rtl/msrv_soc_fpu/msrv_soc_fma/msrv_soc_fmalza.sv
Compiling source file /home1/PD07/AMuthuKKumar/Project_CVW_PD12/Synth/rtl/msrv_soc_fpu/msrv_soc_fma/msrv_soc_fmaalign.sv
Compiling source file /home1/PD07/AMuthuKKumar/Project_CVW_PD12/Synth/rtl/msrv_soc_fpu/msrv_soc_fma/msrv_soc_fmaadd.sv
Compiling source file /home1/PD07/AMuthuKKumar/Project_CVW_PD12/Synth/rtl/msrv_soc_fpu/msrv_soc_fma/msrv_soc_fmaexpadd.sv
Compiling source file /home1/PD07/AMuthuKKumar/Project_CVW_PD12/Synth/rtl/msrv_soc_fpu/msrv_soc_fma/msrv_soc_fmamult.sv
Presto compilation completed successfully.
Information: Optimization is being performed with the 'simplified_verification_mode' variable enabled.  (INFO-114)
Running PRESTO HDLC
Compiling source file /home1/PD07/AMuthuKKumar/Project_CVW_PD12/Synth/rtl/msrv_soc_fpu/msrv_soc_postproc/msrv_soc_normshift.sv
Compiling source file /home1/PD07/AMuthuKKumar/Project_CVW_PD12/Synth/rtl/msrv_soc_fpu/msrv_soc_postproc/msrv_soc_flags.sv
Compiling source file /home1/PD07/AMuthuKKumar/Project_CVW_PD12/Synth/rtl/msrv_soc_fpu/msrv_soc_postproc/msrv_soc_postprocess.sv
Compiling source file /home1/PD07/AMuthuKKumar/Project_CVW_PD12/Synth/rtl/msrv_soc_fpu/msrv_soc_postproc/msrv_soc_round.sv
Compiling source file /home1/PD07/AMuthuKKumar/Project_CVW_PD12/Synth/rtl/msrv_soc_fpu/msrv_soc_postproc/msrv_soc_shiftcorrection.sv
Compiling source file /home1/PD07/AMuthuKKumar/Project_CVW_PD12/Synth/rtl/msrv_soc_fpu/msrv_soc_postproc/msrv_soc_divshiftcalc.sv
Compiling source file /home1/PD07/AMuthuKKumar/Project_CVW_PD12/Synth/rtl/msrv_soc_fpu/msrv_soc_postproc/msrv_soc_roundsign.sv
Compiling source file /home1/PD07/AMuthuKKumar/Project_CVW_PD12/Synth/rtl/msrv_soc_fpu/msrv_soc_postproc/msrv_soc_negateintres.sv
Compiling source file /home1/PD07/AMuthuKKumar/Project_CVW_PD12/Synth/rtl/msrv_soc_fpu/msrv_soc_postproc/msrv_soc_specialcase.sv
Compiling source file /home1/PD07/AMuthuKKumar/Project_CVW_PD12/Synth/rtl/msrv_soc_fpu/msrv_soc_postproc/msrv_soc_cvtshiftcalc.sv
Compiling source file /home1/PD07/AMuthuKKumar/Project_CVW_PD12/Synth/rtl/msrv_soc_fpu/msrv_soc_postproc/msrv_soc_resultsign.sv
Compiling source file /home1/PD07/AMuthuKKumar/Project_CVW_PD12/Synth/rtl/msrv_soc_fpu/msrv_soc_postproc/msrv_soc_fmashiftcalc.sv
Presto compilation completed successfully.
Information: Optimization is being performed with the 'simplified_verification_mode' variable enabled.  (INFO-114)
Running PRESTO HDLC
Compiling source file /home1/PD07/AMuthuKKumar/Project_CVW_PD12/Synth/rtl/msrv_soc_generic/msrv_soc_arrs.sv
Compiling source file /home1/PD07/AMuthuKKumar/Project_CVW_PD12/Synth/rtl/msrv_soc_generic/msrv_soc_csa.sv
Compiling source file /home1/PD07/AMuthuKKumar/Project_CVW_PD12/Synth/rtl/msrv_soc_generic/msrv_soc_neg.sv
Compiling source file /home1/PD07/AMuthuKKumar/Project_CVW_PD12/Synth/rtl/msrv_soc_generic/msrv_soc_mux.sv
Compiling source file /home1/PD07/AMuthuKKumar/Project_CVW_PD12/Synth/rtl/msrv_soc_generic/msrv_soc_onehotdecoder.sv
Compiling source file /home1/PD07/AMuthuKKumar/Project_CVW_PD12/Synth/rtl/msrv_soc_generic/msrv_soc_eeprom.sv
Compiling source file /home1/PD07/AMuthuKKumar/Project_CVW_PD12/Synth/rtl/msrv_soc_generic/msrv_soc_aplusbeq0.sv
Compiling source file /home1/PD07/AMuthuKKumar/Project_CVW_PD12/Synth/rtl/msrv_soc_generic/msrv_soc_decoder.sv
Compiling source file /home1/PD07/AMuthuKKumar/Project_CVW_PD12/Synth/rtl/msrv_soc_generic/msrv_soc_prioritythermometer.sv
Compiling source file /home1/PD07/AMuthuKKumar/Project_CVW_PD12/Synth/rtl/msrv_soc_generic/msrv_soc_or_rows.sv
Compiling source file /home1/PD07/AMuthuKKumar/Project_CVW_PD12/Synth/rtl/msrv_soc_generic/msrv_soc_adder.sv
Compiling source file /home1/PD07/AMuthuKKumar/Project_CVW_PD12/Synth/rtl/msrv_soc_generic/msrv_soc_lzc.sv
Compiling source file /home1/PD07/AMuthuKKumar/Project_CVW_PD12/Synth/rtl/msrv_soc_generic/msrv_soc_binencoder.sv
Compiling source file /home1/PD07/AMuthuKKumar/Project_CVW_PD12/Synth/rtl/msrv_soc_generic/msrv_soc_priorityonehot.sv
Compiling source file /home1/PD07/AMuthuKKumar/Project_CVW_PD12/Synth/rtl/msrv_soc_generic/msrv_soc_counter.sv
Presto compilation completed successfully.
Information: Optimization is being performed with the 'simplified_verification_mode' variable enabled.  (INFO-114)
Running PRESTO HDLC
Compiling source file /home1/PD07/AMuthuKKumar/Project_CVW_PD12/Synth/rtl/msrv_soc_generic/msrv_soc_mem/msrv_soc_ram2p1r1wbe_1024x36.sv
Compiling source file /home1/PD07/AMuthuKKumar/Project_CVW_PD12/Synth/rtl/msrv_soc_generic/msrv_soc_mem/msrv_soc_ram2p1r1wbe_128x64.sv
Compiling source file /home1/PD07/AMuthuKKumar/Project_CVW_PD12/Synth/rtl/msrv_soc_generic/msrv_soc_mem/msrv_soc_ram2p1r1wbe_1024x68.sv
Compiling source file /home1/PD07/AMuthuKKumar/Project_CVW_PD12/Synth/rtl/msrv_soc_generic/msrv_soc_mem/msrv_soc_rom1p1r_128x64.sv
Compiling source file /home1/PD07/AMuthuKKumar/Project_CVW_PD12/Synth/rtl/msrv_soc_generic/msrv_soc_mem/msrv_soc_ram2p1r1wbe_2048x64.sv
Compiling source file /home1/PD07/AMuthuKKumar/Project_CVW_PD12/Synth/rtl/msrv_soc_generic/msrv_soc_mem/msrv_soc_ram2p1r1wbe_64x32.sv
Compiling source file /home1/PD07/AMuthuKKumar/Project_CVW_PD12/Synth/rtl/msrv_soc_generic/msrv_soc_mem/msrv_soc_rom1p1r_128x32.sv
Compiling source file /home1/PD07/AMuthuKKumar/Project_CVW_PD12/Synth/rtl/msrv_soc_generic/msrv_soc_mem/msrv_soc_ram1p1rwbe.sv
Compiling source file /home1/PD07/AMuthuKKumar/Project_CVW_PD12/Synth/rtl/msrv_soc_generic/msrv_soc_mem/msrv_soc_ram1p1rwe.sv
Warning:  Little argument or return value checking implemented for system task or function '$readmemh'. (VER-209)
Warning:  /home1/PD07/AMuthuKKumar/Project_CVW_PD12/Synth/rtl/msrv_soc_generic/msrv_soc_mem/msrv_soc_ram1p1rwbe.sv:96: The statements in initial blocks are ignored. (VER-281)
Warning:  /home1/PD07/AMuthuKKumar/Project_CVW_PD12/Synth/rtl/msrv_soc_generic/msrv_soc_mem/msrv_soc_ram1p1rwbe.sv:108: Unsupported system task '$readmemh' will be ignored for synthesis. (VER-274)
Compiling source file /home1/PD07/AMuthuKKumar/Project_CVW_PD12/Synth/rtl/msrv_soc_generic/msrv_soc_mem/msrv_soc_rom1p1r.sv
Compiling source file /home1/PD07/AMuthuKKumar/Project_CVW_PD12/Synth/rtl/msrv_soc_generic/msrv_soc_mem/msrv_soc_ram1p1rwbe_64x128.sv
Warning:  /home1/PD07/AMuthuKKumar/Project_CVW_PD12/Synth/rtl/msrv_soc_generic/msrv_soc_mem/msrv_soc_rom1p1r.sv:39: The statements in initial blocks are ignored. (VER-281)
Compiling source file /home1/PD07/AMuthuKKumar/Project_CVW_PD12/Synth/rtl/msrv_soc_generic/msrv_soc_mem/msrv_soc_ram1p1rwbe_64x22.sv
Compiling source file /home1/PD07/AMuthuKKumar/Project_CVW_PD12/Synth/rtl/msrv_soc_generic/msrv_soc_mem/msrv_soc_ram1p1rwbe_64x44.sv
Compiling source file /home1/PD07/AMuthuKKumar/Project_CVW_PD12/Synth/rtl/msrv_soc_generic/msrv_soc_mem/msrv_soc_ram2p1r1wbe.sv
Presto compilation completed successfully.
Information: Optimization is being performed with the 'simplified_verification_mode' variable enabled.  (INFO-114)
Running PRESTO HDLC
Compiling source file /home1/PD07/AMuthuKKumar/Project_CVW_PD12/Synth/rtl/msrv_soc_generic/msrv_soc_flop/msrv_soc_flop.sv
Compiling source file /home1/PD07/AMuthuKKumar/Project_CVW_PD12/Synth/rtl/msrv_soc_generic/msrv_soc_flop/msrv_soc_flopenrc.sv
Compiling source file /home1/PD07/AMuthuKKumar/Project_CVW_PD12/Synth/rtl/msrv_soc_generic/msrv_soc_flop/msrv_soc_flopen.sv
Compiling source file /home1/PD07/AMuthuKKumar/Project_CVW_PD12/Synth/rtl/msrv_soc_generic/msrv_soc_flop/msrv_soc_reset_synchronizer.sv
Compiling source file /home1/PD07/AMuthuKKumar/Project_CVW_PD12/Synth/rtl/msrv_soc_generic/msrv_soc_flop/msrv_soc_flopr.sv
Compiling source file /home1/PD07/AMuthuKKumar/Project_CVW_PD12/Synth/rtl/msrv_soc_generic/msrv_soc_flop/msrv_soc_flopenl.sv
Compiling source file /home1/PD07/AMuthuKKumar/Project_CVW_PD12/Synth/rtl/msrv_soc_generic/msrv_soc_flop/msrv_soc_flopenr.sv
Presto compilation completed successfully.
Information: Optimization is being performed with the 'simplified_verification_mode' variable enabled.  (INFO-114)
Running PRESTO HDLC
Compiling source file /home1/PD07/AMuthuKKumar/Project_CVW_PD12/Synth/rtl/msrv_soc_hazard/msrv_soc_hazard.sv
Presto compilation completed successfully.
Information: Optimization is being performed with the 'simplified_verification_mode' variable enabled.  (INFO-114)
Running PRESTO HDLC
Compiling source file /home1/PD07/AMuthuKKumar/Project_CVW_PD12/Synth/rtl/msrv_soc_ieu/msrv_soc_regfile.sv
Compiling source file /home1/PD07/AMuthuKKumar/Project_CVW_PD12/Synth/rtl/msrv_soc_ieu/msrv_soc_comparator.sv
Compiling source file /home1/PD07/AMuthuKKumar/Project_CVW_PD12/Synth/rtl/msrv_soc_ieu/msrv_soc_controller.sv
Compiling source file /home1/PD07/AMuthuKKumar/Project_CVW_PD12/Synth/rtl/msrv_soc_ieu/msrv_soc_ieu.sv
Compiling source file /home1/PD07/AMuthuKKumar/Project_CVW_PD12/Synth/rtl/msrv_soc_ieu/msrv_soc_shifter.sv
Compiling source file /home1/PD07/AMuthuKKumar/Project_CVW_PD12/Synth/rtl/msrv_soc_ieu/msrv_soc_datapath.sv
Compiling source file /home1/PD07/AMuthuKKumar/Project_CVW_PD12/Synth/rtl/msrv_soc_ieu/msrv_soc_alu.sv
Compiling source file /home1/PD07/AMuthuKKumar/Project_CVW_PD12/Synth/rtl/msrv_soc_ieu/msrv_soc_extend.sv
Presto compilation completed successfully.
Information: Optimization is being performed with the 'simplified_verification_mode' variable enabled.  (INFO-114)
Running PRESTO HDLC
Compiling source file /home1/PD07/AMuthuKKumar/Project_CVW_PD12/Synth/rtl/msrv_soc_ifu/msrv_soc_ifu.sv
Warning:  /home1/PD07/AMuthuKKumar/Project_CVW_PD12/Synth/rtl/msrv_soc_ifu/msrv_soc_ifu.sv:684: the undeclared symbol 'BPCallF' assumed to have the default net type, which is 'wire'. (VER-936)
Warning:  /home1/PD07/AMuthuKKumar/Project_CVW_PD12/Synth/rtl/msrv_soc_ifu/msrv_soc_ifu.sv:685: the undeclared symbol 'BPReturnF' assumed to have the default net type, which is 'wire'. (VER-936)
Warning:  /home1/PD07/AMuthuKKumar/Project_CVW_PD12/Synth/rtl/msrv_soc_ifu/msrv_soc_ifu.sv:686: the undeclared symbol 'BPJumpF' assumed to have the default net type, which is 'wire'. (VER-936)
Warning:  /home1/PD07/AMuthuKKumar/Project_CVW_PD12/Synth/rtl/msrv_soc_ifu/msrv_soc_ifu.sv:687: the undeclared symbol 'BPBranchF' assumed to have the default net type, which is 'wire'. (VER-936)
Warning:  /home1/PD07/AMuthuKKumar/Project_CVW_PD12/Synth/rtl/msrv_soc_ifu/msrv_soc_ifu.sv:689: the undeclared symbol 'BPReturnWrongD' assumed to have the default net type, which is 'wire'. (VER-936)
Compiling source file /home1/PD07/AMuthuKKumar/Project_CVW_PD12/Synth/rtl/msrv_soc_ifu/msrv_soc_decompress.sv
Compiling source file /home1/PD07/AMuthuKKumar/Project_CVW_PD12/Synth/rtl/msrv_soc_ifu/msrv_soc_irom.sv
Compiling source file /home1/PD07/AMuthuKKumar/Project_CVW_PD12/Synth/rtl/msrv_soc_ifu/msrv_soc_spill.sv
Presto compilation completed successfully.
Information: Optimization is being performed with the 'simplified_verification_mode' variable enabled.  (INFO-114)
Running PRESTO HDLC
Compiling source file /home1/PD07/AMuthuKKumar/Project_CVW_PD12/Synth/rtl/msrv_soc_ieu/msrv_soc_aes/msrv_soc_aes64d.sv
Compiling source file /home1/PD07/AMuthuKKumar/Project_CVW_PD12/Synth/rtl/msrv_soc_ieu/msrv_soc_aes/msrv_soc_rconlut32.sv
Compiling source file /home1/PD07/AMuthuKKumar/Project_CVW_PD12/Synth/rtl/msrv_soc_ieu/msrv_soc_aes/msrv_soc_aesmixcolumns8.sv
Compiling source file /home1/PD07/AMuthuKKumar/Project_CVW_PD12/Synth/rtl/msrv_soc_ieu/msrv_soc_aes/msrv_soc_aesinvmixcolumns32.sv
Compiling source file /home1/PD07/AMuthuKKumar/Project_CVW_PD12/Synth/rtl/msrv_soc_ieu/msrv_soc_aes/msrv_soc_aesinvsbox8.sv
Compiling source file /home1/PD07/AMuthuKKumar/Project_CVW_PD12/Synth/rtl/msrv_soc_ieu/msrv_soc_aes/msrv_soc_galoismultforward8.sv
Compiling source file /home1/PD07/AMuthuKKumar/Project_CVW_PD12/Synth/rtl/msrv_soc_ieu/msrv_soc_aes/msrv_soc_aessbox32.sv
Compiling source file /home1/PD07/AMuthuKKumar/Project_CVW_PD12/Synth/rtl/msrv_soc_ieu/msrv_soc_aes/msrv_soc_aesinvmixcolumns8.sv
Compiling source file /home1/PD07/AMuthuKKumar/Project_CVW_PD12/Synth/rtl/msrv_soc_ieu/msrv_soc_aes/msrv_soc_galoismultinverse8.sv
Compiling source file /home1/PD07/AMuthuKKumar/Project_CVW_PD12/Synth/rtl/msrv_soc_ieu/msrv_soc_aes/msrv_soc_aesmixcolumns32.sv
Compiling source file /home1/PD07/AMuthuKKumar/Project_CVW_PD12/Synth/rtl/msrv_soc_ieu/msrv_soc_aes/msrv_soc_aessbox8.sv
Compiling source file /home1/PD07/AMuthuKKumar/Project_CVW_PD12/Synth/rtl/msrv_soc_ieu/msrv_soc_aes/msrv_soc_aes32d.sv
Compiling source file /home1/PD07/AMuthuKKumar/Project_CVW_PD12/Synth/rtl/msrv_soc_ieu/msrv_soc_aes/msrv_soc_aes64ks2.sv
Compiling source file /home1/PD07/AMuthuKKumar/Project_CVW_PD12/Synth/rtl/msrv_soc_ieu/msrv_soc_aes/msrv_soc_rotate.sv
Compiling source file /home1/PD07/AMuthuKKumar/Project_CVW_PD12/Synth/rtl/msrv_soc_ieu/msrv_soc_aes/msrv_soc_aesshiftrows64.sv
Compiling source file /home1/PD07/AMuthuKKumar/Project_CVW_PD12/Synth/rtl/msrv_soc_ieu/msrv_soc_aes/msrv_soc_aesinvshiftrows64.sv
Compiling source file /home1/PD07/AMuthuKKumar/Project_CVW_PD12/Synth/rtl/msrv_soc_ieu/msrv_soc_aes/msrv_soc_aesinvsbox64.sv
Compiling source file /home1/PD07/AMuthuKKumar/Project_CVW_PD12/Synth/rtl/msrv_soc_ieu/msrv_soc_aes/msrv_soc_aes32e.sv
Compiling source file /home1/PD07/AMuthuKKumar/Project_CVW_PD12/Synth/rtl/msrv_soc_ieu/msrv_soc_aes/msrv_soc_aes64e.sv
Compiling source file /home1/PD07/AMuthuKKumar/Project_CVW_PD12/Synth/rtl/msrv_soc_ieu/msrv_soc_aes/msrv_soc_aes64ks1i.sv
Presto compilation completed successfully.
Information: Optimization is being performed with the 'simplified_verification_mode' variable enabled.  (INFO-114)
Running PRESTO HDLC
Compiling source file /home1/PD07/AMuthuKKumar/Project_CVW_PD12/Synth/rtl/msrv_soc_ieu/msrv_soc_bmu/msrv_soc_bmuctrl.sv
Compiling source file /home1/PD07/AMuthuKKumar/Project_CVW_PD12/Synth/rtl/msrv_soc_ieu/msrv_soc_bmu/msrv_soc_clmul.sv
Compiling source file /home1/PD07/AMuthuKKumar/Project_CVW_PD12/Synth/rtl/msrv_soc_ieu/msrv_soc_bmu/msrv_soc_cnt.sv
Compiling source file /home1/PD07/AMuthuKKumar/Project_CVW_PD12/Synth/rtl/msrv_soc_ieu/msrv_soc_bmu/msrv_soc_popcnt.sv
Compiling source file /home1/PD07/AMuthuKKumar/Project_CVW_PD12/Synth/rtl/msrv_soc_ieu/msrv_soc_bmu/msrv_soc_bitmanipalu.sv
Compiling source file /home1/PD07/AMuthuKKumar/Project_CVW_PD12/Synth/rtl/msrv_soc_ieu/msrv_soc_bmu/msrv_soc_bitreverse.sv
Compiling source file /home1/PD07/AMuthuKKumar/Project_CVW_PD12/Synth/rtl/msrv_soc_ieu/msrv_soc_bmu/msrv_soc_byteop.sv
Compiling source file /home1/PD07/AMuthuKKumar/Project_CVW_PD12/Synth/rtl/msrv_soc_ieu/msrv_soc_bmu/msrv_soc_zbc.sv
Compiling source file /home1/PD07/AMuthuKKumar/Project_CVW_PD12/Synth/rtl/msrv_soc_ieu/msrv_soc_bmu/msrv_soc_zbb.sv
Compiling source file /home1/PD07/AMuthuKKumar/Project_CVW_PD12/Synth/rtl/msrv_soc_ieu/msrv_soc_bmu/msrv_soc_ext.sv
Presto compilation completed successfully.
Information: Optimization is being performed with the 'simplified_verification_mode' variable enabled.  (INFO-114)
Running PRESTO HDLC
Compiling source file /home1/PD07/AMuthuKKumar/Project_CVW_PD12/Synth/rtl/msrv_soc_ieu/msrv_soc_kmu/msrv_soc_zbkb.sv
Compiling source file /home1/PD07/AMuthuKKumar/Project_CVW_PD12/Synth/rtl/msrv_soc_ieu/msrv_soc_kmu/msrv_soc_zipper.sv
Compiling source file /home1/PD07/AMuthuKKumar/Project_CVW_PD12/Synth/rtl/msrv_soc_ieu/msrv_soc_kmu/msrv_soc_zknh32.sv
Compiling source file /home1/PD07/AMuthuKKumar/Project_CVW_PD12/Synth/rtl/msrv_soc_ieu/msrv_soc_kmu/msrv_soc_zknde32.sv
Compiling source file /home1/PD07/AMuthuKKumar/Project_CVW_PD12/Synth/rtl/msrv_soc_ieu/msrv_soc_kmu/msrv_soc_zknh64.sv
Compiling source file /home1/PD07/AMuthuKKumar/Project_CVW_PD12/Synth/rtl/msrv_soc_ieu/msrv_soc_kmu/msrv_soc_zknde64.sv
Compiling source file /home1/PD07/AMuthuKKumar/Project_CVW_PD12/Synth/rtl/msrv_soc_ieu/msrv_soc_kmu/msrv_soc_zbkx.sv
Compiling source file /home1/PD07/AMuthuKKumar/Project_CVW_PD12/Synth/rtl/msrv_soc_ieu/msrv_soc_kmu/msrv_soc_packer.sv
Presto compilation completed successfully.
Information: Optimization is being performed with the 'simplified_verification_mode' variable enabled.  (INFO-114)
Running PRESTO HDLC
Compiling source file /home1/PD07/AMuthuKKumar/Project_CVW_PD12/Synth/rtl/msrv_soc_ieu/msrv_soc_sha/msrv_soc_sha512_64.sv
Compiling source file /home1/PD07/AMuthuKKumar/Project_CVW_PD12/Synth/rtl/msrv_soc_ieu/msrv_soc_sha/msrv_soc_sha512_32.sv
Compiling source file /home1/PD07/AMuthuKKumar/Project_CVW_PD12/Synth/rtl/msrv_soc_ieu/msrv_soc_sha/msrv_soc_sha256.sv
Presto compilation completed successfully.
Information: Optimization is being performed with the 'simplified_verification_mode' variable enabled.  (INFO-114)
Running PRESTO HDLC
Compiling source file /home1/PD07/AMuthuKKumar/Project_CVW_PD12/Synth/rtl/msrv_soc_ifu/msrv_soc_bpred/msrv_soc_twoBitPredictor.sv
Compiling source file /home1/PD07/AMuthuKKumar/Project_CVW_PD12/Synth/rtl/msrv_soc_ifu/msrv_soc_bpred/msrv_soc_localrepairbp.sv
Compiling source file /home1/PD07/AMuthuKKumar/Project_CVW_PD12/Synth/rtl/msrv_soc_ifu/msrv_soc_bpred/msrv_soc_gsharebasic.sv
Compiling source file /home1/PD07/AMuthuKKumar/Project_CVW_PD12/Synth/rtl/msrv_soc_ifu/msrv_soc_bpred/msrv_soc_icpred.sv
Compiling source file /home1/PD07/AMuthuKKumar/Project_CVW_PD12/Synth/rtl/msrv_soc_ifu/msrv_soc_bpred/msrv_soc_bpred.sv
Opening include file /home1/PD07/AMuthuKKumar/Project_CVW_PD12/Synth/rtl/msrv_soc_ifu/msrv_soc_bpred/BranchPredictorType.vh
Warning:  /home1/PD07/AMuthuKKumar/Project_CVW_PD12/Synth/rtl/msrv_soc_ifu/msrv_soc_bpred/msrv_soc_bpred.sv:287: the undeclared symbol 'BPDirD' assumed to have the default net type, which is 'wire'. (VER-936)
Warning:  /home1/PD07/AMuthuKKumar/Project_CVW_PD12/Synth/rtl/msrv_soc_ifu/msrv_soc_bpred/msrv_soc_bpred.sv:311: the undeclared symbol 'BPDirD' assumed to have the default net type, which is 'wire'. (VER-936)
Compiling source file /home1/PD07/AMuthuKKumar/Project_CVW_PD12/Synth/rtl/msrv_soc_ifu/msrv_soc_bpred/msrv_soc_RASPredictor.sv
Compiling source file /home1/PD07/AMuthuKKumar/Project_CVW_PD12/Synth/rtl/msrv_soc_ifu/msrv_soc_bpred/msrv_soc_btb.sv
Compiling source file /home1/PD07/AMuthuKKumar/Project_CVW_PD12/Synth/rtl/msrv_soc_ifu/msrv_soc_bpred/msrv_soc_localbpbasic.sv
Compiling source file /home1/PD07/AMuthuKKumar/Project_CVW_PD12/Synth/rtl/msrv_soc_ifu/msrv_soc_bpred/msrv_soc_gshare.sv
Compiling source file /home1/PD07/AMuthuKKumar/Project_CVW_PD12/Synth/rtl/msrv_soc_ifu/msrv_soc_bpred/msrv_soc_satCounter2.sv
Compiling source file /home1/PD07/AMuthuKKumar/Project_CVW_PD12/Synth/rtl/msrv_soc_ifu/msrv_soc_bpred/msrv_soc_localaheadbp.sv
Presto compilation completed successfully.
Information: Optimization is being performed with the 'simplified_verification_mode' variable enabled.  (INFO-114)
Running PRESTO HDLC
Compiling source file /home1/PD07/AMuthuKKumar/Project_CVW_PD12/Synth/rtl/msrv_soc_lsu/msrv_soc_subwordwrite.sv
Compiling source file /home1/PD07/AMuthuKKumar/Project_CVW_PD12/Synth/rtl/msrv_soc_lsu/msrv_soc_subwordread.sv
Compiling source file /home1/PD07/AMuthuKKumar/Project_CVW_PD12/Synth/rtl/msrv_soc_lsu/msrv_soc_lsu.sv
Warning:  /home1/PD07/AMuthuKKumar/Project_CVW_PD12/Synth/rtl/msrv_soc_lsu/msrv_soc_lsu.sv:315: the undeclared symbol 'ILTBWriteF' assumed to have the default net type, which is 'wire'. (VER-936)
Warning:  /home1/PD07/AMuthuKKumar/Project_CVW_PD12/Synth/rtl/msrv_soc_lsu/msrv_soc_lsu.sv:319: the undeclared symbol 'DcacheBusStallM' assumed to have the default net type, which is 'wire'. (VER-936)
Warning:  /home1/PD07/AMuthuKKumar/Project_CVW_PD12/Synth/rtl/msrv_soc_lsu/msrv_soc_lsu.sv:422: the undeclared symbol 'Idempotent' assumed to have the default net type, which is 'wire'. (VER-936)
Warning:  /home1/PD07/AMuthuKKumar/Project_CVW_PD12/Synth/rtl/msrv_soc_lsu/msrv_soc_lsu.sv:424: the undeclared symbol 'InstrAccessFaultF' assumed to have the default net type, which is 'wire'. (VER-936)
Warning:  /home1/PD07/AMuthuKKumar/Project_CVW_PD12/Synth/rtl/msrv_soc_lsu/msrv_soc_lsu.sv:427: the undeclared symbol 'InstrPageFaultF' assumed to have the default net type, which is 'wire'. (VER-936)
Warning:  /home1/PD07/AMuthuKKumar/Project_CVW_PD12/Synth/rtl/msrv_soc_lsu/msrv_soc_lsu.sv:488: the undeclared symbol 'DITMAdr' assumed to have the default net type, which is 'wire'. (VER-936)
Compiling source file /home1/PD07/AMuthuKKumar/Project_CVW_PD12/Synth/rtl/msrv_soc_lsu/msrv_soc_swbytemask.sv
Compiling source file /home1/PD07/AMuthuKKumar/Project_CVW_PD12/Synth/rtl/msrv_soc_lsu/msrv_soc_dtim.sv
Compiling source file /home1/PD07/AMuthuKKumar/Project_CVW_PD12/Synth/rtl/msrv_soc_lsu/msrv_soc_align.sv
Compiling source file /home1/PD07/AMuthuKKumar/Project_CVW_PD12/Synth/rtl/msrv_soc_lsu/msrv_soc_amoalu.sv
Compiling source file /home1/PD07/AMuthuKKumar/Project_CVW_PD12/Synth/rtl/msrv_soc_lsu/msrv_soc_atomic.sv
Compiling source file /home1/PD07/AMuthuKKumar/Project_CVW_PD12/Synth/rtl/msrv_soc_lsu/msrv_soc_lrsc.sv
Compiling source file /home1/PD07/AMuthuKKumar/Project_CVW_PD12/Synth/rtl/msrv_soc_lsu/msrv_soc_endianswap.sv
Presto compilation completed successfully.
Information: Optimization is being performed with the 'simplified_verification_mode' variable enabled.  (INFO-114)
Running PRESTO HDLC
Compiling source file /home1/PD07/AMuthuKKumar/Project_CVW_PD12/Synth/rtl/msrv_soc_mdu/msrv_soc_divstep.sv
Compiling source file /home1/PD07/AMuthuKKumar/Project_CVW_PD12/Synth/rtl/msrv_soc_mdu/msrv_soc_mul.sv
Compiling source file /home1/PD07/AMuthuKKumar/Project_CVW_PD12/Synth/rtl/msrv_soc_mdu/msrv_soc_mdu.sv
Compiling source file /home1/PD07/AMuthuKKumar/Project_CVW_PD12/Synth/rtl/msrv_soc_mdu/msrv_soc_div.sv
Presto compilation completed successfully.
Information: Optimization is being performed with the 'simplified_verification_mode' variable enabled.  (INFO-114)
Running PRESTO HDLC
Compiling source file /home1/PD07/AMuthuKKumar/Project_CVW_PD12/Synth/rtl/msrv_soc_mmu/msrv_soc_tlb/msrv_soc_tlbcamline.sv
Compiling source file /home1/PD07/AMuthuKKumar/Project_CVW_PD12/Synth/rtl/msrv_soc_mmu/msrv_soc_tlb/msrv_soc_tlbramline.sv
Compiling source file /home1/PD07/AMuthuKKumar/Project_CVW_PD12/Synth/rtl/msrv_soc_mmu/msrv_soc_tlb/msrv_soc_tlb.sv
Compiling source file /home1/PD07/AMuthuKKumar/Project_CVW_PD12/Synth/rtl/msrv_soc_mmu/msrv_soc_tlb/msrv_soc_tlbram.sv
Compiling source file /home1/PD07/AMuthuKKumar/Project_CVW_PD12/Synth/rtl/msrv_soc_mmu/msrv_soc_tlb/msrv_soc_tlblru.sv
Compiling source file /home1/PD07/AMuthuKKumar/Project_CVW_PD12/Synth/rtl/msrv_soc_mmu/msrv_soc_tlb/msrv_soc_tlbcam.sv
Compiling source file /home1/PD07/AMuthuKKumar/Project_CVW_PD12/Synth/rtl/msrv_soc_mmu/msrv_soc_tlb/msrv_soc_tlbcontrol.sv
Compiling source file /home1/PD07/AMuthuKKumar/Project_CVW_PD12/Synth/rtl/msrv_soc_mmu/msrv_soc_tlb/msrv_soc_tlbmixer.sv
Compiling source file /home1/PD07/AMuthuKKumar/Project_CVW_PD12/Synth/rtl/msrv_soc_mmu/msrv_soc_tlb/msrv_soc_vm64check.sv
Presto compilation completed successfully.
Information: Optimization is being performed with the 'simplified_verification_mode' variable enabled.  (INFO-114)
Running PRESTO HDLC
Compiling source file /home1/PD07/AMuthuKKumar/Project_CVW_PD12/Synth/rtl/msrv_soc_mmu/msrv_soc_pmachecker.sv
Compiling source file /home1/PD07/AMuthuKKumar/Project_CVW_PD12/Synth/rtl/msrv_soc_mmu/msrv_soc_adrdecs.sv
Compiling source file /home1/PD07/AMuthuKKumar/Project_CVW_PD12/Synth/rtl/msrv_soc_mmu/msrv_soc_mmu.sv
Compiling source file /home1/PD07/AMuthuKKumar/Project_CVW_PD12/Synth/rtl/msrv_soc_mmu/msrv_soc_pmpchecker.sv
Compiling source file /home1/PD07/AMuthuKKumar/Project_CVW_PD12/Synth/rtl/msrv_soc_mmu/msrv_soc_hptw.sv
Warning:  /home1/PD07/AMuthuKKumar/Project_CVW_PD12/Synth/rtl/msrv_soc_mmu/msrv_soc_hptw.sv:276: the undeclared symbol 'SV39Mode' assumed to have the default net type, which is 'wire'. (VER-936)
Compiling source file /home1/PD07/AMuthuKKumar/Project_CVW_PD12/Synth/rtl/msrv_soc_mmu/msrv_soc_pmpadrdec.sv
Compiling source file /home1/PD07/AMuthuKKumar/Project_CVW_PD12/Synth/rtl/msrv_soc_mmu/msrv_soc_adrdec.sv
Presto compilation completed successfully.
Information: Optimization is being performed with the 'simplified_verification_mode' variable enabled.  (INFO-114)
Running PRESTO HDLC
Compiling source file /home1/PD07/AMuthuKKumar/Project_CVW_PD12/Synth/rtl/msrv_soc_privileged/msrv_soc_csru.sv
Compiling source file /home1/PD07/AMuthuKKumar/Project_CVW_PD12/Synth/rtl/msrv_soc_privileged/msrv_soc_privileged.sv
Compiling source file /home1/PD07/AMuthuKKumar/Project_CVW_PD12/Synth/rtl/msrv_soc_privileged/msrv_soc_csri.sv
Compiling source file /home1/PD07/AMuthuKKumar/Project_CVW_PD12/Synth/rtl/msrv_soc_privileged/msrv_soc_csrsr.sv
Compiling source file /home1/PD07/AMuthuKKumar/Project_CVW_PD12/Synth/rtl/msrv_soc_privileged/msrv_soc_csrs.sv
Compiling source file /home1/PD07/AMuthuKKumar/Project_CVW_PD12/Synth/rtl/msrv_soc_privileged/msrv_soc_trap.sv
Compiling source file /home1/PD07/AMuthuKKumar/Project_CVW_PD12/Synth/rtl/msrv_soc_privileged/msrv_soc_privmode.sv
Compiling source file /home1/PD07/AMuthuKKumar/Project_CVW_PD12/Synth/rtl/msrv_soc_privileged/msrv_soc_csr.sv
Compiling source file /home1/PD07/AMuthuKKumar/Project_CVW_PD12/Synth/rtl/msrv_soc_privileged/msrv_soc_privpiperegs.sv
Compiling source file /home1/PD07/AMuthuKKumar/Project_CVW_PD12/Synth/rtl/msrv_soc_privileged/msrv_soc_csrm.sv
Compiling source file /home1/PD07/AMuthuKKumar/Project_CVW_PD12/Synth/rtl/msrv_soc_privileged/msrv_soc_csrc.sv
Compiling source file /home1/PD07/AMuthuKKumar/Project_CVW_PD12/Synth/rtl/msrv_soc_privileged/msrv_soc_privdec.sv
Presto compilation completed successfully.
Information: Optimization is being performed with the 'simplified_verification_mode' variable enabled.  (INFO-114)
Running PRESTO HDLC
Compiling source file /home1/PD07/AMuthuKKumar/Project_CVW_PD12/Synth/rtl/msrv_soc_top/msrv_soc_glitch_free_ckt.sv
Compiling source file /home1/PD07/AMuthuKKumar/Project_CVW_PD12/Synth/rtl/msrv_soc_top/msrv_soc_clk_generator.sv
Compiling source file /home1/PD07/AMuthuKKumar/Project_CVW_PD12/Synth/rtl/msrv_soc_top/msrv_soc_pmu.sv
Compiling source file /home1/PD07/AMuthuKKumar/Project_CVW_PD12/Synth/rtl/msrv_soc_top/msrv_soc_system_controller.sv
Warning:  /home1/PD07/AMuthuKKumar/Project_CVW_PD12/Synth/rtl/msrv_soc_top/msrv_soc_system_controller.sv:89: the undeclared symbol 'uart_powergate_enb' assumed to have the default net type, which is 'wire'. (VER-936)
Warning:  /home1/PD07/AMuthuKKumar/Project_CVW_PD12/Synth/rtl/msrv_soc_top/msrv_soc_system_controller.sv:90: the undeclared symbol 'uart_isolation_enb' assumed to have the default net type, which is 'wire'. (VER-936)
Warning:  /home1/PD07/AMuthuKKumar/Project_CVW_PD12/Synth/rtl/msrv_soc_top/msrv_soc_system_controller.sv:91: the undeclared symbol 'uart_retention_save_enb' assumed to have the default net type, which is 'wire'. (VER-936)
Warning:  /home1/PD07/AMuthuKKumar/Project_CVW_PD12/Synth/rtl/msrv_soc_top/msrv_soc_system_controller.sv:92: the undeclared symbol 'uart_retention_restore_enb' assumed to have the default net type, which is 'wire'. (VER-936)
Warning:  /home1/PD07/AMuthuKKumar/Project_CVW_PD12/Synth/rtl/msrv_soc_top/msrv_soc_system_controller.sv:93: the undeclared symbol 'spi_powergate_enb' assumed to have the default net type, which is 'wire'. (VER-936)
Warning:  /home1/PD07/AMuthuKKumar/Project_CVW_PD12/Synth/rtl/msrv_soc_top/msrv_soc_system_controller.sv:94: the undeclared symbol 'spi_isolation_enb' assumed to have the default net type, which is 'wire'. (VER-936)
Warning:  /home1/PD07/AMuthuKKumar/Project_CVW_PD12/Synth/rtl/msrv_soc_top/msrv_soc_system_controller.sv:95: the undeclared symbol 'spi_retention_save_enb' assumed to have the default net type, which is 'wire'. (VER-936)
Warning:  /home1/PD07/AMuthuKKumar/Project_CVW_PD12/Synth/rtl/msrv_soc_top/msrv_soc_system_controller.sv:96: the undeclared symbol 'spi_retention_restore_enb' assumed to have the default net type, which is 'wire'. (VER-936)
Warning:  /home1/PD07/AMuthuKKumar/Project_CVW_PD12/Synth/rtl/msrv_soc_top/msrv_soc_system_controller.sv:97: the undeclared symbol 'eeprom_powergate_enb' assumed to have the default net type, which is 'wire'. (VER-936)
Warning:  /home1/PD07/AMuthuKKumar/Project_CVW_PD12/Synth/rtl/msrv_soc_top/msrv_soc_system_controller.sv:98: the undeclared symbol 'eeprom_isolation_enb' assumed to have the default net type, which is 'wire'. (VER-936)
Compiling source file /home1/PD07/AMuthuKKumar/Project_CVW_PD12/Synth/rtl/msrv_soc_top/msrv_soc_register_bank.sv
Compiling source file /home1/PD07/AMuthuKKumar/Project_CVW_PD12/Synth/rtl/msrv_soc_top/soc_topwrapper.sv
Opening include file /home1/PD07/AMuthuKKumar/Project_CVW_PD12/Synth/rtl/msrv_soc_top/config.vh
Opening include file /home1/PD07/AMuthuKKumar/Project_CVW_PD12/Synth/rtl/msrv_soc_top/BranchPredictorType.vh
Opening include file /home1/PD07/AMuthuKKumar/Project_CVW_PD12/Synth/rtl/msrv_soc_top/config-shared.vh
Opening include file /home1/PD07/AMuthuKKumar/Project_CVW_PD12/Synth/rtl/msrv_soc_top/parameter-defs.vh
Opening include file /home1/PD07/AMuthuKKumar/Project_CVW_PD12/Synth/rtl/msrv_soc_top/BranchPredictorType.vh
Compiling source file /home1/PD07/AMuthuKKumar/Project_CVW_PD12/Synth/rtl/msrv_soc_top/msrv_soc_pipelinedcore.sv
Warning:  /home1/PD07/AMuthuKKumar/Project_CVW_PD12/Synth/rtl/msrv_soc_top/msrv_soc_pipelinedcore.sv:250: the undeclared symbol 'STATUS_PBMTE' assumed to have the default net type, which is 'wire'. (VER-936)
Compiling source file /home1/PD07/AMuthuKKumar/Project_CVW_PD12/Synth/rtl/msrv_soc_top/msrv_soc_pipelinedsoc.sv
Compiling source file /home1/PD07/AMuthuKKumar/Project_CVW_PD12/Synth/rtl/msrv_soc_top/msrv_soc_io_interface_olddd.sv
Compiling source file /home1/PD07/AMuthuKKumar/Project_CVW_PD12/Synth/rtl/msrv_soc_top/msrv_soc_io_interface.sv
Warning:  /home1/PD07/AMuthuKKumar/Project_CVW_PD12/Synth/rtl/msrv_soc_top/msrv_soc_io_interface.sv:24: Overwriting existing design element 'msrv_soc_io_interface' with newer version. (VER-64)
Compiling source file /home1/PD07/AMuthuKKumar/Project_CVW_PD12/Synth/rtl/msrv_soc_top/msrv_soc_design_top.sv
Presto compilation completed successfully.
Information: Optimization is being performed with the 'simplified_verification_mode' variable enabled.  (INFO-114)
Running PRESTO HDLC
Compiling source file /home1/PD07/AMuthuKKumar/Project_CVW_PD12/Synth/rtl/msrv_soc_uncore/msrv_soc_ram_ahb.sv
Compiling source file /home1/PD07/AMuthuKKumar/Project_CVW_PD12/Synth/rtl/msrv_soc_uncore/msrv_soc_uncore.sv
Warning:  /home1/PD07/AMuthuKKumar/Project_CVW_PD12/Synth/rtl/msrv_soc_uncore/msrv_soc_uncore.sv:105: the undeclared symbol 'HSELEXTSDC' assumed to have the default net type, which is 'wire'. (VER-936)
Warning:  /home1/PD07/AMuthuKKumar/Project_CVW_PD12/Synth/rtl/msrv_soc_uncore/msrv_soc_uncore.sv:285: the undeclared symbol 'RTSb' assumed to have the default net type, which is 'wire'. (VER-936)
Warning:  /home1/PD07/AMuthuKKumar/Project_CVW_PD12/Synth/rtl/msrv_soc_uncore/msrv_soc_uncore.sv:286: the undeclared symbol 'DTRb' assumed to have the default net type, which is 'wire'. (VER-936)
Warning:  /home1/PD07/AMuthuKKumar/Project_CVW_PD12/Synth/rtl/msrv_soc_uncore/msrv_soc_uncore.sv:287: the undeclared symbol 'OUT1b' assumed to have the default net type, which is 'wire'. (VER-936)
Warning:  /home1/PD07/AMuthuKKumar/Project_CVW_PD12/Synth/rtl/msrv_soc_uncore/msrv_soc_uncore.sv:288: the undeclared symbol 'OUT2b' assumed to have the default net type, which is 'wire'. (VER-936)
Warning:  /home1/PD07/AMuthuKKumar/Project_CVW_PD12/Synth/rtl/msrv_soc_uncore/msrv_soc_uncore.sv:290: the undeclared symbol 'TXRDYb' assumed to have the default net type, which is 'wire'. (VER-936)
Warning:  /home1/PD07/AMuthuKKumar/Project_CVW_PD12/Synth/rtl/msrv_soc_uncore/msrv_soc_uncore.sv:291: the undeclared symbol 'RXRDYb' assumed to have the default net type, which is 'wire'. (VER-936)
Compiling source file /home1/PD07/AMuthuKKumar/Project_CVW_PD12/Synth/rtl/msrv_soc_uncore/msrv_soc_uartPC16550D.sv
Compiling source file /home1/PD07/AMuthuKKumar/Project_CVW_PD12/Synth/rtl/msrv_soc_uncore/msrv_soc_gpio_register.sv
Compiling source file /home1/PD07/AMuthuKKumar/Project_CVW_PD12/Synth/rtl/msrv_soc_uncore/msrv_soc_rom_ahb.sv
Compiling source file /home1/PD07/AMuthuKKumar/Project_CVW_PD12/Synth/rtl/msrv_soc_uncore/msrv_soc_plic_apb.sv
Compiling source file /home1/PD07/AMuthuKKumar/Project_CVW_PD12/Synth/rtl/msrv_soc_uncore/msrv_soc_gpio_apb.sv
Compiling source file /home1/PD07/AMuthuKKumar/Project_CVW_PD12/Synth/rtl/msrv_soc_uncore/msrv_soc_apb_master.sv
Compiling source file /home1/PD07/AMuthuKKumar/Project_CVW_PD12/Synth/rtl/msrv_soc_uncore/msrv_soc_spi_apb.sv
Warning:  /home1/PD07/AMuthuKKumar/Project_CVW_PD12/Synth/rtl/msrv_soc_uncore/msrv_soc_spi_apb.sv:264: the undeclared symbol 'TrasmitFIFOEmpty' assumed to have the default net type, which is 'wire'. (VER-936)
Compiling source file /home1/PD07/AMuthuKKumar/Project_CVW_PD12/Synth/rtl/msrv_soc_uncore/msrv_soc_clint_apb.sv
Compiling source file /home1/PD07/AMuthuKKumar/Project_CVW_PD12/Synth/rtl/msrv_soc_uncore/msrv_soc_spi_fifo.sv
Compiling source file /home1/PD07/AMuthuKKumar/Project_CVW_PD12/Synth/rtl/msrv_soc_uncore/msrv_soc_apb_slave_interface.sv
Warning:  /home1/PD07/AMuthuKKumar/Project_CVW_PD12/Synth/rtl/msrv_soc_uncore/msrv_soc_apb_slave_interface.sv:40: Parameter keyword used in local parameter declaration. (VER-329)
Compiling source file /home1/PD07/AMuthuKKumar/Project_CVW_PD12/Synth/rtl/msrv_soc_uncore/msrv_soc_synchronizer.sv
Compiling source file /home1/PD07/AMuthuKKumar/Project_CVW_PD12/Synth/rtl/msrv_soc_uncore/msrv_soc_spi_controller.sv
Compiling source file /home1/PD07/AMuthuKKumar/Project_CVW_PD12/Synth/rtl/msrv_soc_uncore/msrv_soc_ahb_slave.sv
Compiling source file /home1/PD07/AMuthuKKumar/Project_CVW_PD12/Synth/rtl/msrv_soc_uncore/msrv_soc_aux_interface.sv
Compiling source file /home1/PD07/AMuthuKKumar/Project_CVW_PD12/Synth/rtl/msrv_soc_uncore/msrv_soc_uart_apb.sv
Compiling source file /home1/PD07/AMuthuKKumar/Project_CVW_PD12/Synth/rtl/msrv_soc_uncore/msrv_soc_ahb_to_apb_bridge.sv
Presto compilation completed successfully.
#analyze -f sverilog $msrv_soc/wrapper/${DESIGN_NAME}.sv
dcnxt_shell> if {$DESIGN_STYLE == "hier" && $PHYSICAL_HIERARCHY_LEVEL == "top"} {
  # The set_top_implementation_options command defines which blocks should be
  # read as block abstractions.
  # Note: You can use the -block_update_setup_script option to pass any variable 
  #       setting for the block update process. 
  if { (${DC_BLOCK_ABSTRACTION_DESIGNS} != "")} {
    set HIER_DESIGNS [concat ${DC_BLOCK_ABSTRACTION_DESIGNS}]
    set set_top_implementation_options_cmd "set_top_implementation_options -block_references \"$HIER_DESIGNS\""
    puts "RM-info: Running $set_top_implementation_options_cmd"
    eval ${set_top_implementation_options_cmd}
  }
  # Remove the RTL version of the hierarchical blocks in case they were read in
  set HIER_DESIGNS "${DDC_HIER_DESIGNS} ${DC_BLOCK_ABSTRACTION_DESIGNS}" 
  foreach design $HIER_DESIGNS {
    if {[filter [get_designs -quiet *] "@hdl_template == $design"] != "" } {
      remove_design -hierarchy [filter [get_designs -quiet *] "@hdl_template == $design"]
    }
  }
  #################################################################################
  # Load Hierarchical Designs
  #################################################################################
  
  # Read in compiled hierarchical blocks
  # For topographical mode top-level synthesis all physical blocks are required to
  # be compiled in topographical mode.
  
  foreach design ${DDC_HIER_DESIGNS} {
    set ddc_file ${design}.mapped.ddc
    puts "RM-info: Reading design $design as hierarchical DDC [which $ddc_file]"
    read_ddc $ddc_file
  }
  
  foreach design ${DC_BLOCK_ABSTRACTION_DESIGNS} {
    set ddc_file ${design}.mapped.ddc
    puts "RM-info: Reading design $design as block abstract [which $ddc_file]"
    read_ddc $ddc_file
  }
}
RM-info: Reading design msrv_soc_uart_apbwrapper as hierarchical DDC /home1/PD07/AMuthuKKumar/Project_CVW_PD12/Synth/msrv_soc_uncore/msrv_soc_uart_apbwrapper/outputs/msrv_soc_uart_apbwrapper.mapped.ddc
Loading db file '/home/cad/eda/SYNOPSYS/Design_Compiler_2022.03/syn/T-2022.03-SP4/libraries/syn/gtech.db'
Loading db file '/home/cad/eda/SYNOPSYS/Design_Compiler_2022.03/syn/T-2022.03-SP4/libraries/syn/standard.sldb'
  Loading link library 'saed14lvt_base_ff0p715v125c'
  Loading link library 'saed14lvt_base_ff0p715v25c'
  Loading link library 'saed14lvt_pg_ff0p715vm40c'
  Loading link library 'saed14lvt_base_ff0p715vm40c'
  Loading link library 'saed14rvt_cg_ff0p715vm40c'
  Loading link library 'saed14rvt_pg_ff0p715vm40c'
  Loading link library 'saed14rvt_base_ff0p715vm40c'
  Loading link library 'saed14sram_ss0p72vm40c'
  Loading link library 'saed14lvt_cg_ss0p72v125c'
  Loading link library 'saed14rvt_cg_ss0p72v125c'
  Loading link library 'saed14lvt_base_ss0p72v125c'
  Loading link library 'saed14rvt_base_ss0p72v125c'
  Loading link library 'saed14lvt_dlvl_tt0p65v125c_i0p8v'
  Loading link library 'saed14rvt_dlvl_tt0p65v125c_i0p8v'
  Loading link library 'saed14lvt_ulvl_tt0p8v25c_i0p65v'
  Loading link library 'saed14rvt_ulvl_tt0p8v25c_i0p65v'
  Loading link library 'saed14hvt_cg_ss0p585v125c'
  Loading link library 'saed14hvt_iso_ss0p585v125c'
  Loading link library 'saed14hvt_pg_ss0p585v125c'
  Loading link library 'saed14hvt_ret_ss0p585v125c'
  Loading link library 'saed14hvt_ulvl_ss0p585v125c_i0p585v'
  Loading link library 'saed14hvt_dlvl_ss0p585v125c_i0p585v'
  Loading link library 'saed14hvt_dlvl_ss0p585v125c_i0p72v'
  Loading link library 'saed14hvt_base_ss0p585v125c'
  Loading link library 'saed14rvt_cg_ss0p585v125c'
  Loading link library 'saed14rvt_iso_ss0p585v125c'
  Loading link library 'saed14rvt_pg_ss0p585v125c'
  Loading link library 'saed14rvt_ret_ss0p585v125c'
  Loading link library 'saed14rvt_ulvl_ss0p585v125c_i0p585v'
  Loading link library 'saed14rvt_dlvl_ss0p585v125c_i0p585v'
  Loading link library 'saed14rvt_dlvl_ss0p585v125c_i0p72v'
  Loading link library 'saed14rvt_base_ss0p585v125c'
  Loading link library 'saed14hvt_cg_tt0p65v25c'
  Loading link library 'saed14hvt_iso_tt0p65v25c'
  Loading link library 'saed14hvt_pg_tt0p65v25c'
  Loading link library 'saed14hvt_ret_tt0p65v25c'
  Loading link library 'saed14hvt_ulvl_tt0p65v25c_i0p65v'
  Loading link library 'saed14hvt_dlvl_tt0p65v25c_i0p65v'
  Loading link library 'saed14hvt_base_tt0p65v25c'
  Loading link library 'saed14hvt_dlvl_tt0p65v25c_i0p8v'
  Loading link library 'saed14rvt_cg_tt0p65v25c'
  Loading link library 'saed14rvt_iso_tt0p65v25c'
  Loading link library 'saed14rvt_pg_tt0p65v25c'
  Loading link library 'saed14rvt_ret_tt0p65v25c'
  Loading link library 'saed14rvt_ulvl_tt0p65v25c_i0p65v'
  Loading link library 'saed14rvt_dlvl_tt0p65v25c_i0p65v'
  Loading link library 'saed14rvt_base_tt0p65v25c'
  Loading link library 'saed14rvt_dlvl_tt0p65v25c_i0p8v'
  Loading link library 'saed14hvt_cg_ff0p88vm40c'
  Loading link library 'saed14hvt_iso_ff0p88vm40c'
  Loading link library 'saed14hvt_pg_ff0p88vm40c'
  Loading link library 'saed14hvt_ret_ff0p88vm40c'
  Loading link library 'saed14hvt_ulvl_ff0p88vm40c_i0p715v'
  Loading link library 'saed14hvt_ulvl_ff0p88vm40c_i0p88v'
  Loading link library 'saed14hvt_dlvl_ff0p88vm40c_i0p88v'
  Loading link library 'saed14hvt_base_ff0p88vm40c'
  Loading link library 'saed14rvt_cg_ff0p88vm40c'
  Loading link library 'saed14rvt_iso_ff0p88vm40c'
  Loading link library 'saed14rvt_pg_ff0p88vm40c'
  Loading link library 'saed14rvt_ret_ff0p88vm40c'
  Loading link library 'saed14rvt_ulvl_ff0p88vm40c_i0p715v'
  Loading link library 'saed14rvt_ulvl_ff0p88vm40c_i0p88v'
  Loading link library 'saed14rvt_dlvl_ff0p88vm40c_i0p88v'
  Loading link library 'saed14rvt_base_ff0p88vm40c'
  Loading link library 'saed14lvt_cg_ff0p715vm40c'
  Loading link library 'saed14lvt_cg_tt0p65v25c'
  Loading link library 'saed14hvt_base_ss0p585vm40c'
  Loading link library 'saed14hvt_cg_ss0p585vm40c'
  Loading link library 'saed14hvt_iso_ss0p585vm40c'
  Loading link library 'saed14hvt_pg_ss0p585vm40c'
  Loading link library 'saed14hvt_ret_ss0p585vm40c'
  Loading link library 'saed14rvt_base_ss0p585vm40c'
  Loading link library 'saed14rvt_cg_ss0p585vm40c'
  Loading link library 'saed14rvt_iso_ss0p585vm40c'
  Loading link library 'saed14rvt_pg_ss0p585vm40c'
  Loading link library 'saed14rvt_ret_ss0p585vm40c'
  Loading link library 'gtech'
Reading ddc file '/home1/PD07/AMuthuKKumar/Project_CVW_PD12/Synth/msrv_soc_uncore/msrv_soc_uart_apbwrapper/outputs/msrv_soc_uart_apbwrapper.mapped.ddc'.
Information: Block abstraction information will not be preserved. If this
             information is required, you must run the create_block_abstraction
             command prior to writing the design. (DDC-33)
Information: Checking out the license 'DesignWare'. (SEC-104)
Loaded 59 designs.
Current design is 'msrv_soc_uart_apbwrapper'.
RM-info: Reading design msrv_soc_clint_apbwrapper as hierarchical DDC /home1/PD07/AMuthuKKumar/Project_CVW_PD12/Synth/msrv_soc_uncore/msrv_soc_clint_apbwrapper/outputs/msrv_soc_clint_apbwrapper.mapped.ddc
Reading ddc file '/home1/PD07/AMuthuKKumar/Project_CVW_PD12/Synth/msrv_soc_uncore/msrv_soc_clint_apbwrapper/outputs/msrv_soc_clint_apbwrapper.mapped.ddc'.
Information: Block abstraction information will not be preserved. If this
             information is required, you must run the create_block_abstraction
             command prior to writing the design. (DDC-33)
Loaded 20 designs.
Current design is 'msrv_soc_clint_apbwrapper'.
RM-info: Reading design msrv_soc_plic_apbwrapper as hierarchical DDC /home1/PD07/AMuthuKKumar/Project_CVW_PD12/Synth/msrv_soc_uncore/msrv_soc_plic_apbwrapper/outputs/msrv_soc_plic_apbwrapper.mapped.ddc
Reading ddc file '/home1/PD07/AMuthuKKumar/Project_CVW_PD12/Synth/msrv_soc_uncore/msrv_soc_plic_apbwrapper/outputs/msrv_soc_plic_apbwrapper.mapped.ddc'.
Information: Block abstraction information will not be preserved. If this
             information is required, you must run the create_block_abstraction
             command prior to writing the design. (DDC-33)
Loaded 19 designs.
Current design is 'msrv_soc_plic_apbwrapper'.
RM-info: Reading design msrv_soc_spi_apbwrapper as hierarchical DDC /home1/PD07/AMuthuKKumar/Project_CVW_PD12/Synth/msrv_soc_uncore/msrv_soc_spi_apbwrapper/outputs/msrv_soc_spi_apbwrapper.mapped.ddc
Reading ddc file '/home1/PD07/AMuthuKKumar/Project_CVW_PD12/Synth/msrv_soc_uncore/msrv_soc_spi_apbwrapper/outputs/msrv_soc_spi_apbwrapper.mapped.ddc'.
Information: Block abstraction information will not be preserved. If this
             information is required, you must run the create_block_abstraction
             command prior to writing the design. (DDC-33)
Loaded 37 designs.
Current design is 'msrv_soc_spi_apbwrapper'.
RM-info: Reading design msrv_soc_gpio_apbwrapper as hierarchical DDC /home1/PD07/AMuthuKKumar/Project_CVW_PD12/Synth/msrv_soc_uncore/msrv_soc_gpio_apbwrapper/outputs/msrv_soc_gpio_apbwrapper.mapped.ddc
Reading ddc file '/home1/PD07/AMuthuKKumar/Project_CVW_PD12/Synth/msrv_soc_uncore/msrv_soc_gpio_apbwrapper/outputs/msrv_soc_gpio_apbwrapper.mapped.ddc'.
Information: Block abstraction information will not be preserved. If this
             information is required, you must run the create_block_abstraction
             command prior to writing the design. (DDC-33)
Loaded 10 designs.
Current design is 'msrv_soc_gpio_apbwrapper'.
RM-info: Reading design msrv_soc_ahbapbbridgewrapper as hierarchical DDC /home1/PD07/AMuthuKKumar/Project_CVW_PD12/Synth/msrv_soc_uncore/msrv_soc_ahbapbbridgewrapper/outputs/msrv_soc_ahbapbbridgewrapper.mapped.ddc
Reading ddc file '/home1/PD07/AMuthuKKumar/Project_CVW_PD12/Synth/msrv_soc_uncore/msrv_soc_ahbapbbridgewrapper/outputs/msrv_soc_ahbapbbridgewrapper.mapped.ddc'.
Information: Block abstraction information will not be preserved. If this
             information is required, you must run the create_block_abstraction
             command prior to writing the design. (DDC-33)
Loaded 9 designs.
Current design is 'msrv_soc_ahbapbbridgewrapper'.
RM-info: Reading design msrv_soc_adrdecswrapper as hierarchical DDC /home1/PD07/AMuthuKKumar/Project_CVW_PD12/Synth/msrv_soc_uncore/msrv_soc_adrdecswrapper/outputs/msrv_soc_adrdecswrapper.mapped.ddc
Reading ddc file '/home1/PD07/AMuthuKKumar/Project_CVW_PD12/Synth/msrv_soc_uncore/msrv_soc_adrdecswrapper/outputs/msrv_soc_adrdecswrapper.mapped.ddc'.
Information: Block abstraction information will not be preserved. If this
             information is required, you must run the create_block_abstraction
             command prior to writing the design. (DDC-33)
Loaded 10 designs.
Current design is 'msrv_soc_adrdecswrapper'.
Current design is 'msrv_soc_adrdecswrapper'.
dcnxt_shell> elaborate ${DESIGN_NAME}
Information: Optimization is being performed with the 'simplified_verification_mode' variable enabled.  (INFO-114)
Running PRESTO HDLC
Presto compilation completed successfully. (msrv_soc_uncore)
Elaborated 1 design.
Current design is now 'msrv_soc_uncore'.
Information: Building the design 'msrv_soc_flopenl' instantiated from design 'msrv_soc_uncore' with
	the parameters "13". (HDL-193)

Inferred memory devices in process
	in routine msrv_soc_flopenl_WIDTH13 line 29 in file
		'/home1/PD07/AMuthuKKumar/Project_CVW_PD12/Synth/rtl/msrv_soc_generic/msrv_soc_flop/msrv_soc_flopenl.sv'.
===============================================================================
|    Register Name    |   Type    | Width | Bus | MB | AR | AS | SR | SS | ST |
===============================================================================
|        q_reg        | Flip-flop |  13   |  Y  | N  | N  | N  | N  | N  | N  |
===============================================================================
Presto compilation completed successfully. (msrv_soc_flopenl_WIDTH13)
Information: Building the design 'msrv_soc_flopenr' instantiated from design 'msrv_soc_uncore' with
	the parameters "1". (HDL-193)

Inferred memory devices in process
	in routine msrv_soc_flopenr_WIDTH1 line 27 in file
		'/home1/PD07/AMuthuKKumar/Project_CVW_PD12/Synth/rtl/msrv_soc_generic/msrv_soc_flop/msrv_soc_flopenr.sv'.
===============================================================================
|    Register Name    |   Type    | Width | Bus | MB | AR | AS | SR | SS | ST |
===============================================================================
|        q_reg        | Flip-flop |   1   |  N  | N  | N  | N  | N  | N  | N  |
===============================================================================
Presto compilation completed successfully. (msrv_soc_flopenr_WIDTH1)
1
current_design ${DESIGN_NAME}
Current design is 'msrv_soc_uncore'.
{msrv_soc_uncore}
link

  Linking design 'msrv_soc_uncore'
  Using the following designs and libraries:
  --------------------------------------------------------------------------
  * (167 designs)             /home1/PD07/AMuthuKKumar/Project_CVW_PD12/Synth/msrv_soc_uncore/msrv_soc_uncore/work/msrv_soc_uncore.db, etc
  saed14lvt_base_ff0p715v125c (library) /home1/SAED14_EDK/SAED14_EDK/SAED14nm_EDK_STD_LVT/liberty/nldm/base/saed14lvt_base_ff0p715v125c.db
  saed14lvt_base_ff0p715v25c (library) /home1/SAED14_EDK/SAED14_EDK/SAED14nm_EDK_STD_LVT/liberty/nldm/base/saed14lvt_base_ff0p715v25c.db
  saed14lvt_pg_ff0p715vm40c (library) /home1/SAED14_EDK/SAED14_EDK/SAED14nm_EDK_STD_LVT/liberty/nldm/pg/saed14lvt_pg_ff0p715vm40c.db
  saed14lvt_base_ff0p715vm40c (library) /home1/SAED14_EDK/SAED14_EDK/SAED14nm_EDK_STD_LVT/liberty/nldm/base/saed14lvt_base_ff0p715vm40c.db
  saed14rvt_cg_ff0p715vm40c (library) /home1/SAED14_EDK/SAED14_EDK/SAED14nm_EDK_STD_RVT/liberty/nldm/cg/saed14rvt_cg_ff0p715vm40c.db
  saed14rvt_pg_ff0p715vm40c (library) /home1/SAED14_EDK/SAED14_EDK/SAED14nm_EDK_STD_RVT/liberty/nldm/pg/saed14rvt_pg_ff0p715vm40c.db
  saed14rvt_base_ff0p715vm40c (library) /home1/SAED14_EDK/SAED14_EDK/SAED14nm_EDK_STD_RVT/liberty/nldm/base/saed14rvt_base_ff0p715vm40c.db
  saed14sram_ss0p72vm40c (library) /home1/SAED14_EDK/SAED14_EDK/SAED14nm_EDK_SRAM/liberty/nldm/saed14sram_ss0p72vm40c.db
  saed14lvt_cg_ss0p72v125c (library) /home1/SAED14_EDK/SAED14_EDK/SAED14nm_EDK_STD_LVT/liberty/nldm/cg/saed14lvt_cg_ss0p72v125c.db
  saed14rvt_cg_ss0p72v125c (library) /home1/SAED14_EDK/SAED14_EDK/SAED14nm_EDK_STD_RVT/liberty/nldm/cg/saed14rvt_cg_ss0p72v125c.db
  saed14lvt_base_ss0p72v125c (library) /home1/SAED14_EDK/SAED14_EDK/SAED14nm_EDK_STD_LVT/liberty/nldm/base/saed14lvt_base_ss0p72v125c.db
  saed14rvt_base_ss0p72v125c (library) /home1/SAED14_EDK/SAED14_EDK/SAED14nm_EDK_STD_RVT/liberty/nldm/base/saed14rvt_base_ss0p72v125c.db
  saed14lvt_dlvl_tt0p65v125c_i0p8v (library) /home1/SAED14_EDK/SAED14_EDK/SAED14nm_EDK_STD_LVT/liberty/nldm/dlvl/saed14lvt_dlvl_tt0p65v125c_i0p8v.db
  saed14rvt_dlvl_tt0p65v125c_i0p8v (library) /home1/SAED14_EDK/SAED14_EDK/SAED14nm_EDK_STD_RVT/liberty/nldm/dlvl/saed14rvt_dlvl_tt0p65v125c_i0p8v.db
  saed14lvt_ulvl_tt0p8v25c_i0p65v (library) /home1/SAED14_EDK/SAED14_EDK/SAED14nm_EDK_STD_LVT/liberty/nldm/ulvl/saed14lvt_ulvl_tt0p8v25c_i0p65v.db
  saed14rvt_ulvl_tt0p8v25c_i0p65v (library) /home1/SAED14_EDK/SAED14_EDK/SAED14nm_EDK_STD_RVT/liberty/nldm/ulvl/saed14rvt_ulvl_tt0p8v25c_i0p65v.db
  saed14hvt_cg_ss0p585v125c (library) /home1/SAED14_EDK/SAED14_EDK/SAED14nm_EDK_STD_HVT/liberty/nldm/cg/saed14hvt_cg_ss0p585v125c.db
  saed14hvt_iso_ss0p585v125c (library) /home1/SAED14_EDK/SAED14_EDK/SAED14nm_EDK_STD_HVT/liberty/nldm/iso/saed14hvt_iso_ss0p585v125c.db
  saed14hvt_pg_ss0p585v125c (library) /home1/SAED14_EDK/SAED14_EDK/SAED14nm_EDK_STD_HVT/liberty/nldm/pg/saed14hvt_pg_ss0p585v125c.db
  saed14hvt_ret_ss0p585v125c (library) /home1/SAED14_EDK/SAED14_EDK/SAED14nm_EDK_STD_HVT/liberty/nldm/ret/saed14hvt_ret_ss0p585v125c.db
  saed14hvt_ulvl_ss0p585v125c_i0p585v (library) /home1/SAED14_EDK/SAED14_EDK/SAED14nm_EDK_STD_HVT/liberty/nldm/ulvl/saed14hvt_ulvl_ss0p585v125c_i0p585v.db
  saed14hvt_dlvl_ss0p585v125c_i0p585v (library) /home1/SAED14_EDK/SAED14_EDK/SAED14nm_EDK_STD_HVT/liberty/nldm/dlvl/saed14hvt_dlvl_ss0p585v125c_i0p585v.db
  saed14hvt_dlvl_ss0p585v125c_i0p72v (library) /home1/SAED14_EDK/SAED14_EDK/SAED14nm_EDK_STD_HVT/liberty/nldm/dlvl/saed14hvt_dlvl_ss0p585v125c_i0p72v.db
  saed14hvt_base_ss0p585v125c (library) /home1/SAED14_EDK/SAED14_EDK/SAED14nm_EDK_STD_HVT/liberty/nldm/base/saed14hvt_base_ss0p585v125c.db
  saed14rvt_cg_ss0p585v125c (library) /home1/SAED14_EDK/SAED14_EDK/SAED14nm_EDK_STD_RVT/liberty/nldm/cg/saed14rvt_cg_ss0p585v125c.db
  saed14rvt_iso_ss0p585v125c (library) /home1/SAED14_EDK/SAED14_EDK/SAED14nm_EDK_STD_RVT/liberty/nldm/iso/saed14rvt_iso_ss0p585v125c.db
  saed14rvt_pg_ss0p585v125c (library) /home1/SAED14_EDK/SAED14_EDK/SAED14nm_EDK_STD_RVT/liberty/nldm/pg/saed14rvt_pg_ss0p585v125c.db
  saed14rvt_ret_ss0p585v125c (library) /home1/SAED14_EDK/SAED14_EDK/SAED14nm_EDK_STD_RVT/liberty/nldm/ret/saed14rvt_ret_ss0p585v125c.db
  saed14rvt_ulvl_ss0p585v125c_i0p585v (library) /home1/SAED14_EDK/SAED14_EDK/SAED14nm_EDK_STD_RVT/liberty/nldm/ulvl/saed14rvt_ulvl_ss0p585v125c_i0p585v.db
  saed14rvt_dlvl_ss0p585v125c_i0p585v (library) /home1/SAED14_EDK/SAED14_EDK/SAED14nm_EDK_STD_RVT/liberty/nldm/dlvl/saed14rvt_dlvl_ss0p585v125c_i0p585v.db
  saed14rvt_dlvl_ss0p585v125c_i0p72v (library) /home1/SAED14_EDK/SAED14_EDK/SAED14nm_EDK_STD_RVT/liberty/nldm/dlvl/saed14rvt_dlvl_ss0p585v125c_i0p72v.db
  saed14rvt_base_ss0p585v125c (library) /home1/SAED14_EDK/SAED14_EDK/SAED14nm_EDK_STD_RVT/liberty/nldm/base/saed14rvt_base_ss0p585v125c.db
  saed14hvt_cg_tt0p65v25c (library) /home1/SAED14_EDK/SAED14_EDK/SAED14nm_EDK_STD_HVT/liberty/nldm/cg/saed14hvt_cg_tt0p65v25c.db
  saed14hvt_iso_tt0p65v25c (library) /home1/SAED14_EDK/SAED14_EDK/SAED14nm_EDK_STD_HVT/liberty/nldm/iso/saed14hvt_iso_tt0p65v25c.db
  saed14hvt_pg_tt0p65v25c (library) /home1/SAED14_EDK/SAED14_EDK/SAED14nm_EDK_STD_HVT/liberty/nldm/pg/saed14hvt_pg_tt0p65v25c.db
  saed14hvt_ret_tt0p65v25c (library) /home1/SAED14_EDK/SAED14_EDK/SAED14nm_EDK_STD_HVT/liberty/nldm/ret/saed14hvt_ret_tt0p65v25c.db
  saed14hvt_ulvl_tt0p65v25c_i0p65v (library) /home1/SAED14_EDK/SAED14_EDK/SAED14nm_EDK_STD_HVT/liberty/nldm/ulvl/saed14hvt_ulvl_tt0p65v25c_i0p65v.db
  saed14hvt_dlvl_tt0p65v25c_i0p65v (library) /home1/SAED14_EDK/SAED14_EDK/SAED14nm_EDK_STD_HVT/liberty/nldm/dlvl/saed14hvt_dlvl_tt0p65v25c_i0p65v.db
  saed14hvt_base_tt0p65v25c (library) /home1/SAED14_EDK/SAED14_EDK/SAED14nm_EDK_STD_HVT/liberty/nldm/base/saed14hvt_base_tt0p65v25c.db
  saed14hvt_dlvl_tt0p65v25c_i0p8v (library) /home1/SAED14_EDK/SAED14_EDK/SAED14nm_EDK_STD_HVT/liberty/nldm/dlvl/saed14hvt_dlvl_tt0p65v25c_i0p8v.db
  saed14rvt_cg_tt0p65v25c (library) /home1/SAED14_EDK/SAED14_EDK/SAED14nm_EDK_STD_RVT/liberty/nldm/cg/saed14rvt_cg_tt0p65v25c.db
  saed14rvt_iso_tt0p65v25c (library) /home1/SAED14_EDK/SAED14_EDK/SAED14nm_EDK_STD_RVT/liberty/nldm/iso/saed14rvt_iso_tt0p65v25c.db
  saed14rvt_pg_tt0p65v25c (library) /home1/SAED14_EDK/SAED14_EDK/SAED14nm_EDK_STD_RVT/liberty/nldm/pg/saed14rvt_pg_tt0p65v25c.db
  saed14rvt_ret_tt0p65v25c (library) /home1/SAED14_EDK/SAED14_EDK/SAED14nm_EDK_STD_RVT/liberty/nldm/ret/saed14rvt_ret_tt0p65v25c.db
  saed14rvt_ulvl_tt0p65v25c_i0p65v (library) /home1/SAED14_EDK/SAED14_EDK/SAED14nm_EDK_STD_RVT/liberty/nldm/ulvl/saed14rvt_ulvl_tt0p65v25c_i0p65v.db
  saed14rvt_dlvl_tt0p65v25c_i0p65v (library) /home1/SAED14_EDK/SAED14_EDK/SAED14nm_EDK_STD_RVT/liberty/nldm/dlvl/saed14rvt_dlvl_tt0p65v25c_i0p65v.db
  saed14rvt_base_tt0p65v25c (library) /home1/SAED14_EDK/SAED14_EDK/SAED14nm_EDK_STD_RVT/liberty/nldm/base/saed14rvt_base_tt0p65v25c.db
  saed14rvt_dlvl_tt0p65v25c_i0p8v (library) /home1/SAED14_EDK/SAED14_EDK/SAED14nm_EDK_STD_RVT/liberty/nldm/dlvl/saed14rvt_dlvl_tt0p65v25c_i0p8v.db
  saed14hvt_cg_ff0p88vm40c (library) /home1/SAED14_EDK/SAED14_EDK/SAED14nm_EDK_STD_HVT/liberty/nldm/cg/saed14hvt_cg_ff0p88vm40c.db
  saed14hvt_iso_ff0p88vm40c (library) /home1/SAED14_EDK/SAED14_EDK/SAED14nm_EDK_STD_HVT/liberty/nldm/iso/saed14hvt_iso_ff0p88vm40c.db
  saed14hvt_pg_ff0p88vm40c (library) /home1/SAED14_EDK/SAED14_EDK/SAED14nm_EDK_STD_HVT/liberty/nldm/pg/saed14hvt_pg_ff0p88vm40c.db
  saed14hvt_ret_ff0p88vm40c (library) /home1/SAED14_EDK/SAED14_EDK/SAED14nm_EDK_STD_HVT/liberty/nldm/ret/saed14hvt_ret_ff0p88vm40c.db
  saed14hvt_ulvl_ff0p88vm40c_i0p715v (library) /home1/SAED14_EDK/SAED14_EDK/SAED14nm_EDK_STD_HVT/liberty/nldm/ulvl/saed14hvt_ulvl_ff0p88vm40c_i0p715v.db
  saed14hvt_ulvl_ff0p88vm40c_i0p88v (library) /home1/SAED14_EDK/SAED14_EDK/SAED14nm_EDK_STD_HVT/liberty/nldm/ulvl/saed14hvt_ulvl_ff0p88vm40c_i0p88v.db
  saed14hvt_dlvl_ff0p88vm40c_i0p88v (library) /home1/SAED14_EDK/SAED14_EDK/SAED14nm_EDK_STD_HVT/liberty/nldm/dlvl/saed14hvt_dlvl_ff0p88vm40c_i0p88v.db
  saed14hvt_base_ff0p88vm40c (library) /home1/SAED14_EDK/SAED14_EDK/SAED14nm_EDK_STD_HVT/liberty/nldm/base/saed14hvt_base_ff0p88vm40c.db
  saed14rvt_cg_ff0p88vm40c (library) /home1/SAED14_EDK/SAED14_EDK/SAED14nm_EDK_STD_RVT/liberty/nldm/cg/saed14rvt_cg_ff0p88vm40c.db
  saed14rvt_iso_ff0p88vm40c (library) /home1/SAED14_EDK/SAED14_EDK/SAED14nm_EDK_STD_RVT/liberty/nldm/iso/saed14rvt_iso_ff0p88vm40c.db
  saed14rvt_pg_ff0p88vm40c (library) /home1/SAED14_EDK/SAED14_EDK/SAED14nm_EDK_STD_RVT/liberty/nldm/pg/saed14rvt_pg_ff0p88vm40c.db
  saed14rvt_ret_ff0p88vm40c (library) /home1/SAED14_EDK/SAED14_EDK/SAED14nm_EDK_STD_RVT/liberty/nldm/ret/saed14rvt_ret_ff0p88vm40c.db
  saed14rvt_ulvl_ff0p88vm40c_i0p715v (library) /home1/SAED14_EDK/SAED14_EDK/SAED14nm_EDK_STD_RVT/liberty/nldm/ulvl/saed14rvt_ulvl_ff0p88vm40c_i0p715v.db
  saed14rvt_ulvl_ff0p88vm40c_i0p88v (library) /home1/SAED14_EDK/SAED14_EDK/SAED14nm_EDK_STD_RVT/liberty/nldm/ulvl/saed14rvt_ulvl_ff0p88vm40c_i0p88v.db
  saed14rvt_dlvl_ff0p88vm40c_i0p88v (library) /home1/SAED14_EDK/SAED14_EDK/SAED14nm_EDK_STD_RVT/liberty/nldm/dlvl/saed14rvt_dlvl_ff0p88vm40c_i0p88v.db
  saed14rvt_base_ff0p88vm40c (library) /home1/SAED14_EDK/SAED14_EDK/SAED14nm_EDK_STD_RVT/liberty/nldm/base/saed14rvt_base_ff0p88vm40c.db
  saed14lvt_cg_ff0p715vm40c (library) /home1/SAED14_EDK/SAED14_EDK/SAED14nm_EDK_STD_LVT/liberty/nldm/cg/saed14lvt_cg_ff0p715vm40c.db
  saed14lvt_cg_tt0p65v25c (library) /home1/SAED14_EDK/SAED14_EDK/SAED14nm_EDK_STD_LVT/liberty/nldm/cg/saed14lvt_cg_tt0p65v25c.db
  saed14hvt_base_ss0p585vm40c (library) /home1/SAED14_EDK/SAED14_EDK/SAED14nm_EDK_STD_HVT/liberty/nldm/base/saed14hvt_base_ss0p585vm40c.db
  saed14hvt_cg_ss0p585vm40c (library) /home1/SAED14_EDK/SAED14_EDK/SAED14nm_EDK_STD_HVT/liberty/nldm/cg/saed14hvt_cg_ss0p585vm40c.db
  saed14hvt_iso_ss0p585vm40c (library) /home1/SAED14_EDK/SAED14_EDK/SAED14nm_EDK_STD_HVT/liberty/nldm/iso/saed14hvt_iso_ss0p585vm40c.db
  saed14hvt_pg_ss0p585vm40c (library) /home1/SAED14_EDK/SAED14_EDK/SAED14nm_EDK_STD_HVT/liberty/nldm/pg/saed14hvt_pg_ss0p585vm40c.db
  saed14hvt_ret_ss0p585vm40c (library) /home1/SAED14_EDK/SAED14_EDK/SAED14nm_EDK_STD_HVT/liberty/nldm/ret/saed14hvt_ret_ss0p585vm40c.db
  saed14rvt_base_ss0p585vm40c (library) /home1/SAED14_EDK/SAED14_EDK/SAED14nm_EDK_STD_RVT/liberty/nldm/base/saed14rvt_base_ss0p585vm40c.db
  saed14rvt_cg_ss0p585vm40c (library) /home1/SAED14_EDK/SAED14_EDK/SAED14nm_EDK_STD_RVT/liberty/nldm/cg/saed14rvt_cg_ss0p585vm40c.db
  saed14rvt_iso_ss0p585vm40c (library) /home1/SAED14_EDK/SAED14_EDK/SAED14nm_EDK_STD_RVT/liberty/nldm/iso/saed14rvt_iso_ss0p585vm40c.db
  saed14rvt_pg_ss0p585vm40c (library) /home1/SAED14_EDK/SAED14_EDK/SAED14nm_EDK_STD_RVT/liberty/nldm/pg/saed14rvt_pg_ss0p585vm40c.db
  saed14rvt_ret_ss0p585vm40c (library) /home1/SAED14_EDK/SAED14_EDK/SAED14nm_EDK_STD_RVT/liberty/nldm/ret/saed14rvt_ret_ss0p585vm40c.db
  dw_foundation.sldb (library) /home/cad/eda/SYNOPSYS/Design_Compiler_2022.03/syn/T-2022.03-SP4/libraries/syn/dw_foundation.sldb

1
Current design is 'msrv_soc_uncore'.
dcnxt_shell> set upf_create_implicit_supply_sets false
false
dcnxt_shell> if {$DESIGN_STYLE == "hier" && $PHYSICAL_HIERARCHY_LEVEL == "top"} {
  # Check to make sure that all the correct designs were linked
  # Pay special attention to the source location of your physical blocks
  list_designs -show_file
  
  # Don't optimize ${DDC_HIER_DESIGNS}
  if { ${DDC_HIER_DESIGNS} != ""} {
    if {[shell_is_in_topographical_mode]} {
      # Hierarchical .ddc blocks must be marked as physical hierarchy
      # In case of multiply instantiated designs, only set_physical_hierarchy on ONE instance
      set_physical_hierarchy [sub_instances_of -hierarchy -master_instance -of_references ${DDC_HIER_DESIGNS} ${DESIGN_NAME}]
      puts "RM-info: Marked as physical hierarchy: [get_physical_hierarchy]"
    } else {
      # Don't touch these blocks in DC-WLM
      # TODO
      set_dont_touch [get_designs ${DDC_HIER_DESIGNS}]
    }
#TODO
    #create_link_block_abstraction
  }
  #TODO
  set HIER_DESIGNS "${DDC_HIER_DESIGNS} ${DC_BLOCK_ABSTRACTION_DESIGNS}"
  # Prevent optimization of top-level logic based on physical block contents
  # (required for hierarchical formal verification flow)
  set_boundary_optimization ${HIER_DESIGNS} false
  set_app_var compile_preserve_subdesign_interfaces true
  set_app_var compile_enable_constant_propagation_with_no_boundary_opt false
  
  #################################################################################
  # Propagate UPF Data from Hierarchical Blocks to Top
  #################################################################################
  
  # For the top-level design in a UPF hierarchical flow, remove the block-level
  # scenarios in memory before propagating the power supply data.
  ###remove_scenario -all
  propagate_constraints -power_supply_data
}

/home1/PD07/AMuthuKKumar/Project_CVW_PD12/Synth/msrv_soc_uncore/msrv_soc_uart_apbwrapper/outputs/msrv_soc_uart_apbwrapper.mapped.ddc
msrv_soc_uart_apbwrapper
msrv_soc_uart_apbwrapper_SNPS_CLOCK_GATE_HIGH_msrv_soc_uartPC16550D_UART_PRESCALE1_0
msrv_soc_uart_apbwrapper_SNPS_CLOCK_GATE_HIGH_msrv_soc_uartPC16550D_UART_PRESCALE1_1
msrv_soc_uart_apbwrapper_SNPS_CLOCK_GATE_HIGH_msrv_soc_uartPC16550D_UART_PRESCALE1_2
msrv_soc_uart_apbwrapper_SNPS_CLOCK_GATE_HIGH_msrv_soc_uartPC16550D_UART_PRESCALE1_3
msrv_soc_uart_apbwrapper_SNPS_CLOCK_GATE_HIGH_msrv_soc_uartPC16550D_UART_PRESCALE1_4
msrv_soc_uart_apbwrapper_SNPS_CLOCK_GATE_HIGH_msrv_soc_uartPC16550D_UART_PRESCALE1_5
msrv_soc_uart_apbwrapper_SNPS_CLOCK_GATE_HIGH_msrv_soc_uartPC16550D_UART_PRESCALE1_6
msrv_soc_uart_apbwrapper_SNPS_CLOCK_GATE_HIGH_msrv_soc_uartPC16550D_UART_PRESCALE1_7
msrv_soc_uart_apbwrapper_SNPS_CLOCK_GATE_HIGH_msrv_soc_uartPC16550D_UART_PRESCALE1_8
msrv_soc_uart_apbwrapper_SNPS_CLOCK_GATE_HIGH_msrv_soc_uartPC16550D_UART_PRESCALE1_9
msrv_soc_uart_apbwrapper_SNPS_CLOCK_GATE_HIGH_msrv_soc_uartPC16550D_UART_PRESCALE1_10
msrv_soc_uart_apbwrapper_SNPS_CLOCK_GATE_HIGH_msrv_soc_uartPC16550D_UART_PRESCALE1_11
msrv_soc_uart_apbwrapper_SNPS_CLOCK_GATE_HIGH_msrv_soc_uartPC16550D_UART_PRESCALE1_12
msrv_soc_uart_apbwrapper_SNPS_CLOCK_GATE_HIGH_msrv_soc_uartPC16550D_UART_PRESCALE1_13
msrv_soc_uart_apbwrapper_SNPS_CLOCK_GATE_HIGH_msrv_soc_uartPC16550D_UART_PRESCALE1_14
msrv_soc_uart_apbwrapper_SNPS_CLOCK_GATE_HIGH_msrv_soc_uartPC16550D_UART_PRESCALE1_15
msrv_soc_uart_apbwrapper_SNPS_CLOCK_GATE_HIGH_msrv_soc_uartPC16550D_UART_PRESCALE1_16
msrv_soc_uart_apbwrapper_SNPS_CLOCK_GATE_HIGH_msrv_soc_uartPC16550D_UART_PRESCALE1_17
msrv_soc_uart_apbwrapper_SNPS_CLOCK_GATE_HIGH_msrv_soc_uartPC16550D_UART_PRESCALE1_18
msrv_soc_uart_apbwrapper_SNPS_CLOCK_GATE_HIGH_msrv_soc_uartPC16550D_UART_PRESCALE1_19
msrv_soc_uart_apbwrapper_SNPS_CLOCK_GATE_HIGH_msrv_soc_uartPC16550D_UART_PRESCALE1_20
msrv_soc_uart_apbwrapper_SNPS_CLOCK_GATE_HIGH_msrv_soc_uartPC16550D_UART_PRESCALE1_21
msrv_soc_uart_apbwrapper_SNPS_CLOCK_GATE_HIGH_msrv_soc_uartPC16550D_UART_PRESCALE1_22
msrv_soc_uart_apbwrapper_SNPS_CLOCK_GATE_HIGH_msrv_soc_uartPC16550D_UART_PRESCALE1_23
msrv_soc_uart_apbwrapper_SNPS_CLOCK_GATE_HIGH_msrv_soc_uartPC16550D_UART_PRESCALE1_24
msrv_soc_uart_apbwrapper_SNPS_CLOCK_GATE_HIGH_msrv_soc_uartPC16550D_UART_PRESCALE1_25
msrv_soc_uart_apbwrapper_SNPS_CLOCK_GATE_HIGH_msrv_soc_uartPC16550D_UART_PRESCALE1_26
msrv_soc_uart_apbwrapper_SNPS_CLOCK_GATE_HIGH_msrv_soc_uartPC16550D_UART_PRESCALE1_27
msrv_soc_uart_apbwrapper_SNPS_CLOCK_GATE_HIGH_msrv_soc_uartPC16550D_UART_PRESCALE1_28
msrv_soc_uart_apbwrapper_SNPS_CLOCK_GATE_HIGH_msrv_soc_uartPC16550D_UART_PRESCALE1_29
msrv_soc_uart_apbwrapper_SNPS_CLOCK_GATE_HIGH_msrv_soc_uartPC16550D_UART_PRESCALE1_30
msrv_soc_uart_apbwrapper_SNPS_CLOCK_GATE_HIGH_msrv_soc_uartPC16550D_UART_PRESCALE1_31
msrv_soc_uart_apbwrapper_SNPS_CLOCK_GATE_HIGH_msrv_soc_uartPC16550D_UART_PRESCALE1_32
msrv_soc_uart_apbwrapper_SNPS_CLOCK_GATE_HIGH_msrv_soc_uartPC16550D_UART_PRESCALE1_33
msrv_soc_uart_apbwrapper_SNPS_CLOCK_GATE_HIGH_msrv_soc_uartPC16550D_UART_PRESCALE1_34
msrv_soc_uart_apbwrapper_SNPS_CLOCK_GATE_HIGH_msrv_soc_uartPC16550D_UART_PRESCALE1_35
msrv_soc_uart_apbwrapper_SNPS_CLOCK_GATE_HIGH_msrv_soc_uartPC16550D_UART_PRESCALE1_36
msrv_soc_uart_apbwrapper_SNPS_CLOCK_GATE_HIGH_msrv_soc_uartPC16550D_UART_PRESCALE1_37
msrv_soc_uart_apbwrapper_SNPS_CLOCK_GATE_HIGH_msrv_soc_uartPC16550D_UART_PRESCALE1_38
msrv_soc_uart_apbwrapper_SNPS_CLOCK_GATE_HIGH_msrv_soc_uartPC16550D_UART_PRESCALE1_39
msrv_soc_uart_apbwrapper_SNPS_CLOCK_GATE_HIGH_msrv_soc_uartPC16550D_UART_PRESCALE1_40
msrv_soc_uart_apbwrapper_SNPS_CLOCK_GATE_HIGH_msrv_soc_uartPC16550D_UART_PRESCALE1_41
msrv_soc_uart_apbwrapper_SNPS_CLOCK_GATE_HIGH_msrv_soc_uartPC16550D_UART_PRESCALE1_42
msrv_soc_uart_apbwrapper_SNPS_CLOCK_GATE_HIGH_msrv_soc_uartPC16550D_UART_PRESCALE1_43
msrv_soc_uart_apbwrapper_SNPS_CLOCK_GATE_HIGH_msrv_soc_uartPC16550D_UART_PRESCALE1_44
msrv_soc_uart_apbwrapper_SNPS_CLOCK_GATE_HIGH_msrv_soc_uartPC16550D_UART_PRESCALE1_45
msrv_soc_uart_apbwrapper_SNPS_CLOCK_GATE_HIGH_msrv_soc_uartPC16550D_UART_PRESCALE1_46
msrv_soc_uart_apbwrapper_SNPS_CLOCK_GATE_HIGH_msrv_soc_uartPC16550D_UART_PRESCALE1_47
msrv_soc_uart_apbwrapper_SNPS_CLOCK_GATE_HIGH_msrv_soc_uartPC16550D_UART_PRESCALE1_48
msrv_soc_uart_apbwrapper_SNPS_CLOCK_GATE_HIGH_msrv_soc_uartPC16550D_UART_PRESCALE1_49
msrv_soc_uart_apbwrapper_SNPS_CLOCK_GATE_HIGH_msrv_soc_uartPC16550D_UART_PRESCALE1_50
msrv_soc_uart_apbwrapper_SNPS_CLOCK_GATE_HIGH_msrv_soc_uartPC16550D_UART_PRESCALE1_51
msrv_soc_uart_apbwrapper_msrv_soc_flopr_WIDTH1_0
msrv_soc_uart_apbwrapper_msrv_soc_flopr_WIDTH1_1
msrv_soc_uart_apbwrapper_msrv_soc_uartPC16550D_UART_PRESCALE1_0
msrv_soc_uart_apbwrapper_msrv_soc_uartPC16550D_UART_PRESCALE1_DW01_inc_J1_0_0
msrv_soc_uart_apbwrapper_msrv_soc_uartPC16550D_UART_PRESCALE1_DW01_inc_J1_1_0
msrv_soc_uart_apbwrapper_msrv_soc_uart_apb__939583_0

/home1/PD07/AMuthuKKumar/Project_CVW_PD12/Synth/msrv_soc_uncore/msrv_soc_clint_apbwrapper/outputs/msrv_soc_clint_apbwrapper.mapped.ddc
msrv_soc_clint_apbwrapper
msrv_soc_clint_apbwrapper_SNPS_CLOCK_GATE_HIGH_msrv_soc_clint_apb__939583_0
msrv_soc_clint_apbwrapper_SNPS_CLOCK_GATE_HIGH_msrv_soc_clint_apb__939583_1
msrv_soc_clint_apbwrapper_SNPS_CLOCK_GATE_HIGH_msrv_soc_clint_apb__939583_2
msrv_soc_clint_apbwrapper_SNPS_CLOCK_GATE_HIGH_msrv_soc_clint_apb__939583_3
msrv_soc_clint_apbwrapper_SNPS_CLOCK_GATE_HIGH_msrv_soc_clint_apb__939583_4
msrv_soc_clint_apbwrapper_SNPS_CLOCK_GATE_HIGH_msrv_soc_clint_apb__939583_5
msrv_soc_clint_apbwrapper_SNPS_CLOCK_GATE_HIGH_msrv_soc_clint_apb__939583_6
msrv_soc_clint_apbwrapper_SNPS_CLOCK_GATE_HIGH_msrv_soc_clint_apb__939583_7
msrv_soc_clint_apbwrapper_SNPS_CLOCK_GATE_HIGH_msrv_soc_clint_apb__939583_8
msrv_soc_clint_apbwrapper_SNPS_CLOCK_GATE_HIGH_msrv_soc_clint_apb__939583_9
msrv_soc_clint_apbwrapper_SNPS_CLOCK_GATE_HIGH_msrv_soc_clint_apb__939583_10
msrv_soc_clint_apbwrapper_SNPS_CLOCK_GATE_HIGH_msrv_soc_clint_apb__939583_11
msrv_soc_clint_apbwrapper_SNPS_CLOCK_GATE_HIGH_msrv_soc_clint_apb__939583_12
msrv_soc_clint_apbwrapper_SNPS_CLOCK_GATE_HIGH_msrv_soc_clint_apb__939583_13
msrv_soc_clint_apbwrapper_SNPS_CLOCK_GATE_HIGH_msrv_soc_clint_apb__939583_14
msrv_soc_clint_apbwrapper_SNPS_CLOCK_GATE_HIGH_msrv_soc_clint_apb__939583_15
msrv_soc_clint_apbwrapper_msrv_soc_clint_apb__939583_0
msrv_soc_clint_apbwrapper_msrv_soc_clint_apb__939583_DW01_inc_1_0
msrv_soc_clint_apbwrapper_msrv_soc_clint_apb__939583_DW_cmp_J1_0_0

/home1/PD07/AMuthuKKumar/Project_CVW_PD12/Synth/msrv_soc_uncore/msrv_soc_plic_apbwrapper/outputs/msrv_soc_plic_apbwrapper.mapped.ddc
msrv_soc_plic_apbwrapper
msrv_soc_plic_apbwrapper_SNPS_CLOCK_GATE_HIGH_msrv_soc_plic_apb__939583_0
msrv_soc_plic_apbwrapper_SNPS_CLOCK_GATE_HIGH_msrv_soc_plic_apb__939583_1
msrv_soc_plic_apbwrapper_SNPS_CLOCK_GATE_HIGH_msrv_soc_plic_apb__939583_2
msrv_soc_plic_apbwrapper_SNPS_CLOCK_GATE_HIGH_msrv_soc_plic_apb__939583_3
msrv_soc_plic_apbwrapper_SNPS_CLOCK_GATE_HIGH_msrv_soc_plic_apb__939583_4
msrv_soc_plic_apbwrapper_SNPS_CLOCK_GATE_HIGH_msrv_soc_plic_apb__939583_5
msrv_soc_plic_apbwrapper_SNPS_CLOCK_GATE_HIGH_msrv_soc_plic_apb__939583_6
msrv_soc_plic_apbwrapper_SNPS_CLOCK_GATE_HIGH_msrv_soc_plic_apb__939583_7
msrv_soc_plic_apbwrapper_SNPS_CLOCK_GATE_HIGH_msrv_soc_plic_apb__939583_8
msrv_soc_plic_apbwrapper_SNPS_CLOCK_GATE_HIGH_msrv_soc_plic_apb__939583_9
msrv_soc_plic_apbwrapper_SNPS_CLOCK_GATE_HIGH_msrv_soc_plic_apb__939583_10
msrv_soc_plic_apbwrapper_SNPS_CLOCK_GATE_HIGH_msrv_soc_plic_apb__939583_11
msrv_soc_plic_apbwrapper_SNPS_CLOCK_GATE_HIGH_msrv_soc_plic_apb__939583_12
msrv_soc_plic_apbwrapper_SNPS_CLOCK_GATE_HIGH_msrv_soc_plic_apb__939583_13
msrv_soc_plic_apbwrapper_SNPS_CLOCK_GATE_HIGH_msrv_soc_plic_apb__939583_14
msrv_soc_plic_apbwrapper_SNPS_CLOCK_GATE_HIGH_msrv_soc_plic_apb__939583_15
msrv_soc_plic_apbwrapper_msrv_soc_flopr_WIDTH10_0
msrv_soc_plic_apbwrapper_msrv_soc_plic_apb__939583_0

/home1/PD07/AMuthuKKumar/Project_CVW_PD12/Synth/msrv_soc_uncore/msrv_soc_spi_apbwrapper/outputs/msrv_soc_spi_apbwrapper.mapped.ddc
msrv_soc_spi_apbwrapper
msrv_soc_spi_apbwrapper_SNPS_CLOCK_GATE_HIGH_msrv_soc_spi_apb__939583_0
msrv_soc_spi_apbwrapper_SNPS_CLOCK_GATE_HIGH_msrv_soc_spi_apb__939583_1
msrv_soc_spi_apbwrapper_SNPS_CLOCK_GATE_HIGH_msrv_soc_spi_apb__939583_2
msrv_soc_spi_apbwrapper_SNPS_CLOCK_GATE_HIGH_msrv_soc_spi_apb__939583_3
msrv_soc_spi_apbwrapper_SNPS_CLOCK_GATE_HIGH_msrv_soc_spi_apb__939583_4
msrv_soc_spi_apbwrapper_SNPS_CLOCK_GATE_HIGH_msrv_soc_spi_controller_0
msrv_soc_spi_apbwrapper_SNPS_CLOCK_GATE_HIGH_msrv_soc_spi_controller_1
msrv_soc_spi_apbwrapper_SNPS_CLOCK_GATE_HIGH_msrv_soc_spi_controller_2
msrv_soc_spi_apbwrapper_SNPS_CLOCK_GATE_HIGH_msrv_soc_spi_fifo_M3_N8_0_0
msrv_soc_spi_apbwrapper_SNPS_CLOCK_GATE_HIGH_msrv_soc_spi_fifo_M3_N8_0_1
msrv_soc_spi_apbwrapper_SNPS_CLOCK_GATE_HIGH_msrv_soc_spi_fifo_M3_N8_0_2
msrv_soc_spi_apbwrapper_SNPS_CLOCK_GATE_HIGH_msrv_soc_spi_fifo_M3_N8_0_3
msrv_soc_spi_apbwrapper_SNPS_CLOCK_GATE_HIGH_msrv_soc_spi_fifo_M3_N8_0_4
msrv_soc_spi_apbwrapper_SNPS_CLOCK_GATE_HIGH_msrv_soc_spi_fifo_M3_N8_0_5
msrv_soc_spi_apbwrapper_SNPS_CLOCK_GATE_HIGH_msrv_soc_spi_fifo_M3_N8_0_6
msrv_soc_spi_apbwrapper_SNPS_CLOCK_GATE_HIGH_msrv_soc_spi_fifo_M3_N8_0_7
msrv_soc_spi_apbwrapper_SNPS_CLOCK_GATE_HIGH_msrv_soc_spi_fifo_M3_N8_0_8
msrv_soc_spi_apbwrapper_SNPS_CLOCK_GATE_HIGH_msrv_soc_spi_fifo_M3_N8_1_0
msrv_soc_spi_apbwrapper_SNPS_CLOCK_GATE_HIGH_msrv_soc_spi_fifo_M3_N8_1_1
msrv_soc_spi_apbwrapper_SNPS_CLOCK_GATE_HIGH_msrv_soc_spi_fifo_M3_N8_1_2
msrv_soc_spi_apbwrapper_SNPS_CLOCK_GATE_HIGH_msrv_soc_spi_fifo_M3_N8_1_3
msrv_soc_spi_apbwrapper_SNPS_CLOCK_GATE_HIGH_msrv_soc_spi_fifo_M3_N8_1_4
msrv_soc_spi_apbwrapper_SNPS_CLOCK_GATE_HIGH_msrv_soc_spi_fifo_M3_N8_1_5
msrv_soc_spi_apbwrapper_SNPS_CLOCK_GATE_HIGH_msrv_soc_spi_fifo_M3_N8_1_6
msrv_soc_spi_apbwrapper_SNPS_CLOCK_GATE_HIGH_msrv_soc_spi_fifo_M3_N8_1_7
msrv_soc_spi_apbwrapper_SNPS_CLOCK_GATE_HIGH_msrv_soc_spi_fifo_M3_N8_1_8
msrv_soc_spi_apbwrapper_msrv_soc_flopenr_WIDTH1_0
msrv_soc_spi_apbwrapper_msrv_soc_flopenr_WIDTH1_1
msrv_soc_spi_apbwrapper_msrv_soc_flopr_WIDTH1_0
msrv_soc_spi_apbwrapper_msrv_soc_flopr_WIDTH1_1
msrv_soc_spi_apbwrapper_msrv_soc_spi_apb__939583_0
msrv_soc_spi_apbwrapper_msrv_soc_spi_controller_0
msrv_soc_spi_apbwrapper_msrv_soc_spi_controller_DW01_inc_J1_0_0
msrv_soc_spi_apbwrapper_msrv_soc_spi_controller_DW01_inc_J1_1_0
msrv_soc_spi_apbwrapper_msrv_soc_spi_fifo_M3_N8_0
msrv_soc_spi_apbwrapper_msrv_soc_spi_fifo_M3_N8_1

/home1/PD07/AMuthuKKumar/Project_CVW_PD12/Synth/msrv_soc_uncore/msrv_soc_gpio_apbwrapper/outputs/msrv_soc_gpio_apbwrapper.mapped.ddc
msrv_soc_gpio_apbwrapper
msrv_soc_gpio_apbwrapper_SNPS_CLOCK_GATE_HIGH_msrv_soc_gpio_register_0
msrv_soc_gpio_apbwrapper_SNPS_CLOCK_GATE_HIGH_msrv_soc_gpio_register_1
msrv_soc_gpio_apbwrapper_SNPS_CLOCK_GATE_HIGH_msrv_soc_gpio_register_2
msrv_soc_gpio_apbwrapper_SNPS_CLOCK_GATE_HIGH_msrv_soc_gpio_register_3
msrv_soc_gpio_apbwrapper_SNPS_CLOCK_GATE_HIGH_msrv_soc_gpio_register_4
msrv_soc_gpio_apbwrapper_msrv_soc_apb_slave_interface__939583_0
msrv_soc_gpio_apbwrapper_msrv_soc_aux_interface_0
msrv_soc_gpio_apbwrapper_msrv_soc_gpio_apb__939583_0
msrv_soc_gpio_apbwrapper_msrv_soc_gpio_register_0

/home1/PD07/AMuthuKKumar/Project_CVW_PD12/Synth/msrv_soc_uncore/msrv_soc_ahbapbbridgewrapper/outputs/msrv_soc_ahbapbbridgewrapper.mapped.ddc
msrv_soc_ahbapbbridgewrapper
msrv_soc_ahbapbbridgewrapper_SNPS_CLOCK_GATE_HIGH_msrv_soc_ahb_slave_5_939583_0
msrv_soc_ahbapbbridgewrapper_SNPS_CLOCK_GATE_HIGH_msrv_soc_ahb_slave_5_939583_1
msrv_soc_ahbapbbridgewrapper_SNPS_CLOCK_GATE_HIGH_msrv_soc_apb_master_5_939583_0
msrv_soc_ahbapbbridgewrapper_msrv_soc_ahb_slave_5_939583_0
msrv_soc_ahbapbbridgewrapper_msrv_soc_ahbapbbridge_5_939583_0
msrv_soc_ahbapbbridgewrapper_msrv_soc_apb_master_5_939583_0
msrv_soc_ahbapbbridgewrapper_msrv_soc_synchronizer_0
msrv_soc_ahbapbbridgewrapper_msrv_soc_synchronizer_1

/home1/PD07/AMuthuKKumar/Project_CVW_PD12/Synth/msrv_soc_uncore/msrv_soc_adrdecswrapper/outputs/msrv_soc_adrdecswrapper.mapped.ddc
msrv_soc_adrdecswrapper
msrv_soc_adrdecswrapper_msrv_soc_adrdec_PA_BITS56_0
msrv_soc_adrdecswrapper_msrv_soc_adrdec_PA_BITS56_1
msrv_soc_adrdecswrapper_msrv_soc_adrdec_PA_BITS56_2
msrv_soc_adrdecswrapper_msrv_soc_adrdec_PA_BITS56_3
msrv_soc_adrdecswrapper_msrv_soc_adrdec_PA_BITS56_4
msrv_soc_adrdecswrapper_msrv_soc_adrdec_PA_BITS56_5
msrv_soc_adrdecswrapper_msrv_soc_adrdec_PA_BITS56_6
msrv_soc_adrdecswrapper_msrv_soc_adrdec_PA_BITS56_7
msrv_soc_adrdecswrapper_msrv_soc_adrdecs__939583_0

/home1/PD07/AMuthuKKumar/Project_CVW_PD12/Synth/msrv_soc_uncore/msrv_soc_uncore/work/msrv_soc_uncore.db
msrv_soc_uncore (*)

/home1/PD07/AMuthuKKumar/Project_CVW_PD12/Synth/msrv_soc_uncore/msrv_soc_uncore/work/msrv_soc_flopenl_WIDTH13.db
msrv_soc_flopenl_WIDTH13

/home1/PD07/AMuthuKKumar/Project_CVW_PD12/Synth/msrv_soc_uncore/msrv_soc_uncore/work/msrv_soc_flopenr_WIDTH1.db
msrv_soc_flopenr_WIDTH1

#   Propagate Constraints from cell hselbridgedelayreg/ (msrv_soc_flopenr_WIDTH1) #

#   Propagate Constraints from cell hseldelayreg/ (msrv_soc_flopenl_WIDTH13) #

#   Propagate Constraints from cell spi_synth/ (msrv_soc_spi_apbwrapper) #

#   Propagate Constraints from cell spi_synth/dut/ (msrv_soc_spi_apbwrapper_msrv_soc_spi_apb__939583_0) #

#   Propagate Constraints from cell spi_synth/dut/clk_gate_SckDiv_reg/ (msrv_soc_spi_apbwrapper_SNPS_CLOCK_GATE_HIGH_msrv_soc_spi_apb__939583_1) #

#   Propagate Constraints from cell spi_synth/dut/clk_gate_ReceiveShiftReg_reg/ (msrv_soc_spi_apbwrapper_SNPS_CLOCK_GATE_HIGH_msrv_soc_spi_apb__939583_2) #

#   Propagate Constraints from cell spi_synth/dut/clk_gate_TransmitReg_reg/ (msrv_soc_spi_apbwrapper_SNPS_CLOCK_GATE_HIGH_msrv_soc_spi_apb__939583_3) #

#   Propagate Constraints from cell spi_synth/dut/clk_gate_TransmitData_reg/ (msrv_soc_spi_apbwrapper_SNPS_CLOCK_GATE_HIGH_msrv_soc_spi_apb__939583_4) #

#   Propagate Constraints from cell spi_synth/dut/clk_gate_Dout_reg/ (msrv_soc_spi_apbwrapper_SNPS_CLOCK_GATE_HIGH_msrv_soc_spi_apb__939583_0) #

#   Propagate Constraints from cell spi_synth/dut/rxFIFO/ (msrv_soc_spi_apbwrapper_msrv_soc_spi_fifo_M3_N8_1) #

#   Propagate Constraints from cell spi_synth/dut/rxFIFO/clk_gate_wptr_reg/ (msrv_soc_spi_apbwrapper_SNPS_CLOCK_GATE_HIGH_msrv_soc_spi_fifo_M3_N8_0_1) #

#   Propagate Constraints from cell spi_synth/dut/rxFIFO/clk_gate_mem_reg_7_/ (msrv_soc_spi_apbwrapper_SNPS_CLOCK_GATE_HIGH_msrv_soc_spi_fifo_M3_N8_0_2) #

#   Propagate Constraints from cell spi_synth/dut/rxFIFO/clk_gate_mem_reg_6_/ (msrv_soc_spi_apbwrapper_SNPS_CLOCK_GATE_HIGH_msrv_soc_spi_fifo_M3_N8_0_3) #

#   Propagate Constraints from cell spi_synth/dut/rxFIFO/clk_gate_mem_reg_5_/ (msrv_soc_spi_apbwrapper_SNPS_CLOCK_GATE_HIGH_msrv_soc_spi_fifo_M3_N8_0_4) #

#   Propagate Constraints from cell spi_synth/dut/rxFIFO/clk_gate_mem_reg_4_/ (msrv_soc_spi_apbwrapper_SNPS_CLOCK_GATE_HIGH_msrv_soc_spi_fifo_M3_N8_0_5) #

#   Propagate Constraints from cell spi_synth/dut/rxFIFO/clk_gate_mem_reg_3_/ (msrv_soc_spi_apbwrapper_SNPS_CLOCK_GATE_HIGH_msrv_soc_spi_fifo_M3_N8_0_6) #

#   Propagate Constraints from cell spi_synth/dut/rxFIFO/clk_gate_mem_reg_2_/ (msrv_soc_spi_apbwrapper_SNPS_CLOCK_GATE_HIGH_msrv_soc_spi_fifo_M3_N8_0_7) #

#   Propagate Constraints from cell spi_synth/dut/rxFIFO/clk_gate_mem_reg_1_/ (msrv_soc_spi_apbwrapper_SNPS_CLOCK_GATE_HIGH_msrv_soc_spi_fifo_M3_N8_0_8) #

#   Propagate Constraints from cell spi_synth/dut/rxFIFO/clk_gate_mem_reg_0_/ (msrv_soc_spi_apbwrapper_SNPS_CLOCK_GATE_HIGH_msrv_soc_spi_fifo_M3_N8_0_0) #

#   Propagate Constraints from cell spi_synth/dut/rxfifowincreg/ (msrv_soc_spi_apbwrapper_msrv_soc_flopenr_WIDTH1_1) #

#   Propagate Constraints from cell spi_synth/dut/rxfiforincreg/ (msrv_soc_spi_apbwrapper_msrv_soc_flopr_WIDTH1_1) #

#   Propagate Constraints from cell spi_synth/dut/txFIFO/ (msrv_soc_spi_apbwrapper_msrv_soc_spi_fifo_M3_N8_0) #

#   Propagate Constraints from cell spi_synth/dut/txFIFO/clk_gate_rempty_reg/ (msrv_soc_spi_apbwrapper_SNPS_CLOCK_GATE_HIGH_msrv_soc_spi_fifo_M3_N8_1_1) #

#   Propagate Constraints from cell spi_synth/dut/txFIFO/clk_gate_mem_reg_7_/ (msrv_soc_spi_apbwrapper_SNPS_CLOCK_GATE_HIGH_msrv_soc_spi_fifo_M3_N8_1_2) #

#   Propagate Constraints from cell spi_synth/dut/txFIFO/clk_gate_mem_reg_6_/ (msrv_soc_spi_apbwrapper_SNPS_CLOCK_GATE_HIGH_msrv_soc_spi_fifo_M3_N8_1_3) #

#   Propagate Constraints from cell spi_synth/dut/txFIFO/clk_gate_mem_reg_5_/ (msrv_soc_spi_apbwrapper_SNPS_CLOCK_GATE_HIGH_msrv_soc_spi_fifo_M3_N8_1_4) #

#   Propagate Constraints from cell spi_synth/dut/txFIFO/clk_gate_mem_reg_4_/ (msrv_soc_spi_apbwrapper_SNPS_CLOCK_GATE_HIGH_msrv_soc_spi_fifo_M3_N8_1_5) #

#   Propagate Constraints from cell spi_synth/dut/txFIFO/clk_gate_mem_reg_3_/ (msrv_soc_spi_apbwrapper_SNPS_CLOCK_GATE_HIGH_msrv_soc_spi_fifo_M3_N8_1_6) #

#   Propagate Constraints from cell spi_synth/dut/txFIFO/clk_gate_mem_reg_2_/ (msrv_soc_spi_apbwrapper_SNPS_CLOCK_GATE_HIGH_msrv_soc_spi_fifo_M3_N8_1_7) #

#   Propagate Constraints from cell spi_synth/dut/txFIFO/clk_gate_mem_reg_1_/ (msrv_soc_spi_apbwrapper_SNPS_CLOCK_GATE_HIGH_msrv_soc_spi_fifo_M3_N8_1_8) #

#   Propagate Constraints from cell spi_synth/dut/txFIFO/clk_gate_mem_reg_0_/ (msrv_soc_spi_apbwrapper_SNPS_CLOCK_GATE_HIGH_msrv_soc_spi_fifo_M3_N8_1_0) #

#   Propagate Constraints from cell spi_synth/dut/txrincreg/ (msrv_soc_spi_apbwrapper_msrv_soc_flopenr_WIDTH1_0) #

#   Propagate Constraints from cell spi_synth/dut/txwincreg/ (msrv_soc_spi_apbwrapper_msrv_soc_flopr_WIDTH1_0) #

#   Propagate Constraints from cell spi_synth/dut/controller/ (msrv_soc_spi_apbwrapper_msrv_soc_spi_controller_0) #

#   Propagate Constraints from cell spi_synth/dut/controller/add_x_9/ (msrv_soc_spi_apbwrapper_msrv_soc_spi_controller_DW01_inc_J1_1_0) #

#   Propagate Constraints from cell spi_synth/dut/controller/add_x_10/ (msrv_soc_spi_apbwrapper_msrv_soc_spi_controller_DW01_inc_J1_0_0) #

#   Propagate Constraints from cell spi_synth/dut/controller/clk_gate_CurrState_reg/ (msrv_soc_spi_apbwrapper_SNPS_CLOCK_GATE_HIGH_msrv_soc_spi_controller_1) #

#   Propagate Constraints from cell spi_synth/dut/controller/clk_gate_BitNum_reg/ (msrv_soc_spi_apbwrapper_SNPS_CLOCK_GATE_HIGH_msrv_soc_spi_controller_2) #

#   Propagate Constraints from cell spi_synth/dut/controller/clk_gate_DelayCounter_reg/ (msrv_soc_spi_apbwrapper_SNPS_CLOCK_GATE_HIGH_msrv_soc_spi_controller_0) #

#   Propagate Constraints from cell uart_synth/ (msrv_soc_uart_apbwrapper) #

#   Propagate Constraints from cell uart_synth/dut/ (msrv_soc_uart_apbwrapper_msrv_soc_uart_apb__939583_0) #

#   Propagate Constraints from cell uart_synth/dut/uartPC/ (msrv_soc_uart_apbwrapper_msrv_soc_uartPC16550D_UART_PRESCALE1_0) #

#   Propagate Constraints from cell uart_synth/dut/uartPC/add_x_52/ (msrv_soc_uart_apbwrapper_msrv_soc_uartPC16550D_UART_PRESCALE1_DW01_inc_J1_1_0) #

#   Propagate Constraints from cell uart_synth/dut/uartPC/add_x_61/ (msrv_soc_uart_apbwrapper_msrv_soc_uartPC16550D_UART_PRESCALE1_DW01_inc_J1_0_0) #

#   Propagate Constraints from cell uart_synth/dut/uartPC/clk_gate_txsr_reg/ (msrv_soc_uart_apbwrapper_SNPS_CLOCK_GATE_HIGH_msrv_soc_uartPC16550D_UART_PRESCALE1_1) #

#   Propagate Constraints from cell uart_synth/dut/uartPC/clk_gate_TXHR_reg/ (msrv_soc_uart_apbwrapper_SNPS_CLOCK_GATE_HIGH_msrv_soc_uartPC16550D_UART_PRESCALE1_2) #

#   Propagate Constraints from cell uart_synth/dut/uartPC/clk_gate_txfifotail_reg/ (msrv_soc_uart_apbwrapper_SNPS_CLOCK_GATE_HIGH_msrv_soc_uartPC16550D_UART_PRESCALE1_3) #

#   Propagate Constraints from cell uart_synth/dut/uartPC/clk_gate_txfifohead_reg/ (msrv_soc_uart_apbwrapper_SNPS_CLOCK_GATE_HIGH_msrv_soc_uartPC16550D_UART_PRESCALE1_4) #

#   Propagate Constraints from cell uart_synth/dut/uartPC/clk_gate_txfifo_reg_0_/ (msrv_soc_uart_apbwrapper_SNPS_CLOCK_GATE_HIGH_msrv_soc_uartPC16550D_UART_PRESCALE1_5) #

#   Propagate Constraints from cell uart_synth/dut/uartPC/clk_gate_txfifo_reg_1_/ (msrv_soc_uart_apbwrapper_SNPS_CLOCK_GATE_HIGH_msrv_soc_uartPC16550D_UART_PRESCALE1_6) #

#   Propagate Constraints from cell uart_synth/dut/uartPC/clk_gate_txfifo_reg_2_/ (msrv_soc_uart_apbwrapper_SNPS_CLOCK_GATE_HIGH_msrv_soc_uartPC16550D_UART_PRESCALE1_7) #

#   Propagate Constraints from cell uart_synth/dut/uartPC/clk_gate_txfifo_reg_3_/ (msrv_soc_uart_apbwrapper_SNPS_CLOCK_GATE_HIGH_msrv_soc_uartPC16550D_UART_PRESCALE1_8) #

#   Propagate Constraints from cell uart_synth/dut/uartPC/clk_gate_txfifo_reg_4_/ (msrv_soc_uart_apbwrapper_SNPS_CLOCK_GATE_HIGH_msrv_soc_uartPC16550D_UART_PRESCALE1_9) #

#   Propagate Constraints from cell uart_synth/dut/uartPC/clk_gate_txfifo_reg_5_/ (msrv_soc_uart_apbwrapper_SNPS_CLOCK_GATE_HIGH_msrv_soc_uartPC16550D_UART_PRESCALE1_10) #

#   Propagate Constraints from cell uart_synth/dut/uartPC/clk_gate_txfifo_reg_6_/ (msrv_soc_uart_apbwrapper_SNPS_CLOCK_GATE_HIGH_msrv_soc_uartPC16550D_UART_PRESCALE1_11) #

#   Propagate Constraints from cell uart_synth/dut/uartPC/clk_gate_txfifo_reg_7_/ (msrv_soc_uart_apbwrapper_SNPS_CLOCK_GATE_HIGH_msrv_soc_uartPC16550D_UART_PRESCALE1_12) #

#   Propagate Constraints from cell uart_synth/dut/uartPC/clk_gate_txfifo_reg_8_/ (msrv_soc_uart_apbwrapper_SNPS_CLOCK_GATE_HIGH_msrv_soc_uartPC16550D_UART_PRESCALE1_13) #

#   Propagate Constraints from cell uart_synth/dut/uartPC/clk_gate_txfifo_reg_9_/ (msrv_soc_uart_apbwrapper_SNPS_CLOCK_GATE_HIGH_msrv_soc_uartPC16550D_UART_PRESCALE1_14) #

#   Propagate Constraints from cell uart_synth/dut/uartPC/clk_gate_txfifo_reg_10_/ (msrv_soc_uart_apbwrapper_SNPS_CLOCK_GATE_HIGH_msrv_soc_uartPC16550D_UART_PRESCALE1_15) #

#   Propagate Constraints from cell uart_synth/dut/uartPC/clk_gate_txfifo_reg_11_/ (msrv_soc_uart_apbwrapper_SNPS_CLOCK_GATE_HIGH_msrv_soc_uartPC16550D_UART_PRESCALE1_16) #

#   Propagate Constraints from cell uart_synth/dut/uartPC/clk_gate_txfifo_reg_12_/ (msrv_soc_uart_apbwrapper_SNPS_CLOCK_GATE_HIGH_msrv_soc_uartPC16550D_UART_PRESCALE1_17) #

#   Propagate Constraints from cell uart_synth/dut/uartPC/clk_gate_txfifo_reg_13_/ (msrv_soc_uart_apbwrapper_SNPS_CLOCK_GATE_HIGH_msrv_soc_uartPC16550D_UART_PRESCALE1_18) #

#   Propagate Constraints from cell uart_synth/dut/uartPC/clk_gate_txfifo_reg_14_/ (msrv_soc_uart_apbwrapper_SNPS_CLOCK_GATE_HIGH_msrv_soc_uartPC16550D_UART_PRESCALE1_19) #

#   Propagate Constraints from cell uart_synth/dut/uartPC/clk_gate_txfifo_reg_15_/ (msrv_soc_uart_apbwrapper_SNPS_CLOCK_GATE_HIGH_msrv_soc_uartPC16550D_UART_PRESCALE1_20) #

#   Propagate Constraints from cell uart_synth/dut/uartPC/clk_gate_txoversampledcnt_reg/ (msrv_soc_uart_apbwrapper_SNPS_CLOCK_GATE_HIGH_msrv_soc_uartPC16550D_UART_PRESCALE1_21) #

#   Propagate Constraints from cell uart_synth/dut/uartPC/clk_gate_txbitssent_reg/ (msrv_soc_uart_apbwrapper_SNPS_CLOCK_GATE_HIGH_msrv_soc_uartPC16550D_UART_PRESCALE1_22) #

#   Propagate Constraints from cell uart_synth/dut/uartPC/clk_gate_RXBR_reg/ (msrv_soc_uart_apbwrapper_SNPS_CLOCK_GATE_HIGH_msrv_soc_uartPC16550D_UART_PRESCALE1_23) #

#   Propagate Constraints from cell uart_synth/dut/uartPC/clk_gate_rxfifotail_reg/ (msrv_soc_uart_apbwrapper_SNPS_CLOCK_GATE_HIGH_msrv_soc_uartPC16550D_UART_PRESCALE1_24) #

#   Propagate Constraints from cell uart_synth/dut/uartPC/clk_gate_rxfifohead_reg/ (msrv_soc_uart_apbwrapper_SNPS_CLOCK_GATE_HIGH_msrv_soc_uartPC16550D_UART_PRESCALE1_25) #

#   Propagate Constraints from cell uart_synth/dut/uartPC/clk_gate_rxfifo_reg_0_/ (msrv_soc_uart_apbwrapper_SNPS_CLOCK_GATE_HIGH_msrv_soc_uartPC16550D_UART_PRESCALE1_26) #

#   Propagate Constraints from cell uart_synth/dut/uartPC/clk_gate_rxfifo_reg_1_/ (msrv_soc_uart_apbwrapper_SNPS_CLOCK_GATE_HIGH_msrv_soc_uartPC16550D_UART_PRESCALE1_27) #

#   Propagate Constraints from cell uart_synth/dut/uartPC/clk_gate_rxfifo_reg_2_/ (msrv_soc_uart_apbwrapper_SNPS_CLOCK_GATE_HIGH_msrv_soc_uartPC16550D_UART_PRESCALE1_28) #

#   Propagate Constraints from cell uart_synth/dut/uartPC/clk_gate_rxfifo_reg_3_/ (msrv_soc_uart_apbwrapper_SNPS_CLOCK_GATE_HIGH_msrv_soc_uartPC16550D_UART_PRESCALE1_29) #

#   Propagate Constraints from cell uart_synth/dut/uartPC/clk_gate_rxfifo_reg_4_/ (msrv_soc_uart_apbwrapper_SNPS_CLOCK_GATE_HIGH_msrv_soc_uartPC16550D_UART_PRESCALE1_30) #

#   Propagate Constraints from cell uart_synth/dut/uartPC/clk_gate_rxfifo_reg_5_/ (msrv_soc_uart_apbwrapper_SNPS_CLOCK_GATE_HIGH_msrv_soc_uartPC16550D_UART_PRESCALE1_31) #

#   Propagate Constraints from cell uart_synth/dut/uartPC/clk_gate_rxfifo_reg_6_/ (msrv_soc_uart_apbwrapper_SNPS_CLOCK_GATE_HIGH_msrv_soc_uartPC16550D_UART_PRESCALE1_32) #

#   Propagate Constraints from cell uart_synth/dut/uartPC/clk_gate_rxfifo_reg_7_/ (msrv_soc_uart_apbwrapper_SNPS_CLOCK_GATE_HIGH_msrv_soc_uartPC16550D_UART_PRESCALE1_33) #

#   Propagate Constraints from cell uart_synth/dut/uartPC/clk_gate_rxfifo_reg_8_/ (msrv_soc_uart_apbwrapper_SNPS_CLOCK_GATE_HIGH_msrv_soc_uartPC16550D_UART_PRESCALE1_34) #

#   Propagate Constraints from cell uart_synth/dut/uartPC/clk_gate_rxfifo_reg_9_/ (msrv_soc_uart_apbwrapper_SNPS_CLOCK_GATE_HIGH_msrv_soc_uartPC16550D_UART_PRESCALE1_35) #

#   Propagate Constraints from cell uart_synth/dut/uartPC/clk_gate_rxfifo_reg_10_/ (msrv_soc_uart_apbwrapper_SNPS_CLOCK_GATE_HIGH_msrv_soc_uartPC16550D_UART_PRESCALE1_36) #

#   Propagate Constraints from cell uart_synth/dut/uartPC/clk_gate_rxfifo_reg_11_/ (msrv_soc_uart_apbwrapper_SNPS_CLOCK_GATE_HIGH_msrv_soc_uartPC16550D_UART_PRESCALE1_37) #

#   Propagate Constraints from cell uart_synth/dut/uartPC/clk_gate_rxfifo_reg_12_/ (msrv_soc_uart_apbwrapper_SNPS_CLOCK_GATE_HIGH_msrv_soc_uartPC16550D_UART_PRESCALE1_38) #

#   Propagate Constraints from cell uart_synth/dut/uartPC/clk_gate_rxfifo_reg_13_/ (msrv_soc_uart_apbwrapper_SNPS_CLOCK_GATE_HIGH_msrv_soc_uartPC16550D_UART_PRESCALE1_39) #

#   Propagate Constraints from cell uart_synth/dut/uartPC/clk_gate_rxfifo_reg_14_/ (msrv_soc_uart_apbwrapper_SNPS_CLOCK_GATE_HIGH_msrv_soc_uartPC16550D_UART_PRESCALE1_40) #

#   Propagate Constraints from cell uart_synth/dut/uartPC/clk_gate_rxfifo_reg_15_/ (msrv_soc_uart_apbwrapper_SNPS_CLOCK_GATE_HIGH_msrv_soc_uartPC16550D_UART_PRESCALE1_41) #

#   Propagate Constraints from cell uart_synth/dut/uartPC/clk_gate_rxshiftreg_reg/ (msrv_soc_uart_apbwrapper_SNPS_CLOCK_GATE_HIGH_msrv_soc_uartPC16550D_UART_PRESCALE1_42) #

#   Propagate Constraints from cell uart_synth/dut/uartPC/clk_gate_rxbitsreceived_reg/ (msrv_soc_uart_apbwrapper_SNPS_CLOCK_GATE_HIGH_msrv_soc_uartPC16550D_UART_PRESCALE1_43) #

#   Propagate Constraints from cell uart_synth/dut/uartPC/clk_gate_rxoversampledcnt_reg/ (msrv_soc_uart_apbwrapper_SNPS_CLOCK_GATE_HIGH_msrv_soc_uartPC16550D_UART_PRESCALE1_44) #

#   Propagate Constraints from cell uart_synth/dut/uartPC/clk_gate_rxtimeoutcnt_reg/ (msrv_soc_uart_apbwrapper_SNPS_CLOCK_GATE_HIGH_msrv_soc_uartPC16550D_UART_PRESCALE1_45) #

#   Propagate Constraints from cell uart_synth/dut/uartPC/clk_gate_DLM_reg/ (msrv_soc_uart_apbwrapper_SNPS_CLOCK_GATE_HIGH_msrv_soc_uartPC16550D_UART_PRESCALE1_46) #

#   Propagate Constraints from cell uart_synth/dut/uartPC/clk_gate_DLL_reg/ (msrv_soc_uart_apbwrapper_SNPS_CLOCK_GATE_HIGH_msrv_soc_uartPC16550D_UART_PRESCALE1_47) #

#   Propagate Constraints from cell uart_synth/dut/uartPC/clk_gate_MCR_reg/ (msrv_soc_uart_apbwrapper_SNPS_CLOCK_GATE_HIGH_msrv_soc_uartPC16550D_UART_PRESCALE1_48) #

#   Propagate Constraints from cell uart_synth/dut/uartPC/clk_gate_LCR_reg/ (msrv_soc_uart_apbwrapper_SNPS_CLOCK_GATE_HIGH_msrv_soc_uartPC16550D_UART_PRESCALE1_49) #

#   Propagate Constraints from cell uart_synth/dut/uartPC/clk_gate_FCR_reg/ (msrv_soc_uart_apbwrapper_SNPS_CLOCK_GATE_HIGH_msrv_soc_uartPC16550D_UART_PRESCALE1_50) #

#   Propagate Constraints from cell uart_synth/dut/uartPC/clk_gate_IER_reg/ (msrv_soc_uart_apbwrapper_SNPS_CLOCK_GATE_HIGH_msrv_soc_uartPC16550D_UART_PRESCALE1_51) #

#   Propagate Constraints from cell uart_synth/dut/uartPC/clk_gate_SCR_reg/ (msrv_soc_uart_apbwrapper_SNPS_CLOCK_GATE_HIGH_msrv_soc_uartPC16550D_UART_PRESCALE1_0) #

#   Propagate Constraints from cell uart_synth/dut/uartPC/squashTHRE_IPreg/ (msrv_soc_uart_apbwrapper_msrv_soc_flopr_WIDTH1_1) #

#   Propagate Constraints from cell uart_synth/dut/uartPC/squashRXerrIPreg/ (msrv_soc_uart_apbwrapper_msrv_soc_flopr_WIDTH1_0) #

#   Propagate Constraints from cell gpio_synth/ (msrv_soc_gpio_apbwrapper) #

#   Propagate Constraints from cell gpio_synth/dut/ (msrv_soc_gpio_apbwrapper_msrv_soc_gpio_apb__939583_0) #

#   Propagate Constraints from cell gpio_synth/dut/GPIO_REGISTER/ (msrv_soc_gpio_apbwrapper_msrv_soc_gpio_register_0) #

#   Propagate Constraints from cell gpio_synth/dut/GPIO_REGISTER/clk_gate_rgpio_ints_reg/ (msrv_soc_gpio_apbwrapper_SNPS_CLOCK_GATE_HIGH_msrv_soc_gpio_register_1) #

#   Propagate Constraints from cell gpio_synth/dut/GPIO_REGISTER/clk_gate_rgpio_aux_reg/ (msrv_soc_gpio_apbwrapper_SNPS_CLOCK_GATE_HIGH_msrv_soc_gpio_register_2) #

#   Propagate Constraints from cell gpio_synth/dut/GPIO_REGISTER/clk_gate_rgpio_inte_reg/ (msrv_soc_gpio_apbwrapper_SNPS_CLOCK_GATE_HIGH_msrv_soc_gpio_register_3) #

#   Propagate Constraints from cell gpio_synth/dut/GPIO_REGISTER/clk_gate_rgpio_oe_reg/ (msrv_soc_gpio_apbwrapper_SNPS_CLOCK_GATE_HIGH_msrv_soc_gpio_register_4) #

#   Propagate Constraints from cell gpio_synth/dut/GPIO_REGISTER/clk_gate_rgpio_out_reg/ (msrv_soc_gpio_apbwrapper_SNPS_CLOCK_GATE_HIGH_msrv_soc_gpio_register_0) #

#   Propagate Constraints from cell gpio_synth/dut/AUX_INTERFACE/ (msrv_soc_gpio_apbwrapper_msrv_soc_aux_interface_0) #

#   Propagate Constraints from cell gpio_synth/dut/APB_INTERFACE/ (msrv_soc_gpio_apbwrapper_msrv_soc_apb_slave_interface__939583_0) #

#   Propagate Constraints from cell plic_synth/ (msrv_soc_plic_apbwrapper) #

#   Propagate Constraints from cell plic_synth/dut/ (msrv_soc_plic_apbwrapper_msrv_soc_plic_apb__939583_0) #

#   Propagate Constraints from cell plic_synth/dut/clk_gate_intInProgress_reg/ (msrv_soc_plic_apbwrapper_SNPS_CLOCK_GATE_HIGH_msrv_soc_plic_apb__939583_1) #

#   Propagate Constraints from cell plic_synth/dut/clk_gate_Dout_reg/ (msrv_soc_plic_apbwrapper_SNPS_CLOCK_GATE_HIGH_msrv_soc_plic_apb__939583_2) #

#   Propagate Constraints from cell plic_synth/dut/clk_gate_intThreshold_reg_0_/ (msrv_soc_plic_apbwrapper_SNPS_CLOCK_GATE_HIGH_msrv_soc_plic_apb__939583_3) #

#   Propagate Constraints from cell plic_synth/dut/clk_gate_intThreshold_reg_1_/ (msrv_soc_plic_apbwrapper_SNPS_CLOCK_GATE_HIGH_msrv_soc_plic_apb__939583_4) #

#   Propagate Constraints from cell plic_synth/dut/clk_gate_intEn_reg_0_/ (msrv_soc_plic_apbwrapper_SNPS_CLOCK_GATE_HIGH_msrv_soc_plic_apb__939583_5) #

#   Propagate Constraints from cell plic_synth/dut/clk_gate_intEn_reg_1_/ (msrv_soc_plic_apbwrapper_SNPS_CLOCK_GATE_HIGH_msrv_soc_plic_apb__939583_6) #

#   Propagate Constraints from cell plic_synth/dut/clk_gate_intPriority_reg_1_/ (msrv_soc_plic_apbwrapper_SNPS_CLOCK_GATE_HIGH_msrv_soc_plic_apb__939583_7) #

#   Propagate Constraints from cell plic_synth/dut/clk_gate_intPriority_reg_2_/ (msrv_soc_plic_apbwrapper_SNPS_CLOCK_GATE_HIGH_msrv_soc_plic_apb__939583_8) #

#   Propagate Constraints from cell plic_synth/dut/clk_gate_intPriority_reg_3_/ (msrv_soc_plic_apbwrapper_SNPS_CLOCK_GATE_HIGH_msrv_soc_plic_apb__939583_9) #

#   Propagate Constraints from cell plic_synth/dut/clk_gate_intPriority_reg_4_/ (msrv_soc_plic_apbwrapper_SNPS_CLOCK_GATE_HIGH_msrv_soc_plic_apb__939583_10) #

#   Propagate Constraints from cell plic_synth/dut/clk_gate_intPriority_reg_5_/ (msrv_soc_plic_apbwrapper_SNPS_CLOCK_GATE_HIGH_msrv_soc_plic_apb__939583_11) #

#   Propagate Constraints from cell plic_synth/dut/clk_gate_intPriority_reg_6_/ (msrv_soc_plic_apbwrapper_SNPS_CLOCK_GATE_HIGH_msrv_soc_plic_apb__939583_12) #

#   Propagate Constraints from cell plic_synth/dut/clk_gate_intPriority_reg_7_/ (msrv_soc_plic_apbwrapper_SNPS_CLOCK_GATE_HIGH_msrv_soc_plic_apb__939583_13) #

#   Propagate Constraints from cell plic_synth/dut/clk_gate_intPriority_reg_8_/ (msrv_soc_plic_apbwrapper_SNPS_CLOCK_GATE_HIGH_msrv_soc_plic_apb__939583_14) #

#   Propagate Constraints from cell plic_synth/dut/clk_gate_intPriority_reg_9_/ (msrv_soc_plic_apbwrapper_SNPS_CLOCK_GATE_HIGH_msrv_soc_plic_apb__939583_15) #

#   Propagate Constraints from cell plic_synth/dut/clk_gate_intPriority_reg_10_/ (msrv_soc_plic_apbwrapper_SNPS_CLOCK_GATE_HIGH_msrv_soc_plic_apb__939583_0) #

#   Propagate Constraints from cell plic_synth/dut/intPendingFlop/ (msrv_soc_plic_apbwrapper_msrv_soc_flopr_WIDTH10_0) #

#   Propagate Constraints from cell clint_synth/ (msrv_soc_clint_apbwrapper) #

#   Propagate Constraints from cell clint_synth/dut/ (msrv_soc_clint_apbwrapper_msrv_soc_clint_apb__939583_0) #

#   Propagate Constraints from cell clint_synth/dut/add_x_8/ (msrv_soc_clint_apbwrapper_msrv_soc_clint_apb__939583_DW01_inc_1_0) #

#   Propagate Constraints from cell clint_synth/dut/gte_x_12/ (msrv_soc_clint_apbwrapper_msrv_soc_clint_apb__939583_DW_cmp_J1_0_0) #

#   Propagate Constraints from cell clint_synth/dut/clk_gate_MTIME_reg_6/ (msrv_soc_clint_apbwrapper_SNPS_CLOCK_GATE_HIGH_msrv_soc_clint_apb__939583_1) #

#   Propagate Constraints from cell clint_synth/dut/clk_gate_MTIME_reg_5/ (msrv_soc_clint_apbwrapper_SNPS_CLOCK_GATE_HIGH_msrv_soc_clint_apb__939583_2) #

#   Propagate Constraints from cell clint_synth/dut/clk_gate_MTIME_reg_4/ (msrv_soc_clint_apbwrapper_SNPS_CLOCK_GATE_HIGH_msrv_soc_clint_apb__939583_3) #

#   Propagate Constraints from cell clint_synth/dut/clk_gate_MTIME_reg_3/ (msrv_soc_clint_apbwrapper_SNPS_CLOCK_GATE_HIGH_msrv_soc_clint_apb__939583_4) #

#   Propagate Constraints from cell clint_synth/dut/clk_gate_MTIME_reg_2/ (msrv_soc_clint_apbwrapper_SNPS_CLOCK_GATE_HIGH_msrv_soc_clint_apb__939583_5) #

#   Propagate Constraints from cell clint_synth/dut/clk_gate_MTIME_reg_1/ (msrv_soc_clint_apbwrapper_SNPS_CLOCK_GATE_HIGH_msrv_soc_clint_apb__939583_6) #

#   Propagate Constraints from cell clint_synth/dut/clk_gate_MTIME_reg_0/ (msrv_soc_clint_apbwrapper_SNPS_CLOCK_GATE_HIGH_msrv_soc_clint_apb__939583_7) #

#   Propagate Constraints from cell clint_synth/dut/clk_gate_MTIME_reg/ (msrv_soc_clint_apbwrapper_SNPS_CLOCK_GATE_HIGH_msrv_soc_clint_apb__939583_8) #

#   Propagate Constraints from cell clint_synth/dut/clk_gate_MTIMECMP_reg_6/ (msrv_soc_clint_apbwrapper_SNPS_CLOCK_GATE_HIGH_msrv_soc_clint_apb__939583_9) #

#   Propagate Constraints from cell clint_synth/dut/clk_gate_MTIMECMP_reg_5/ (msrv_soc_clint_apbwrapper_SNPS_CLOCK_GATE_HIGH_msrv_soc_clint_apb__939583_10) #

#   Propagate Constraints from cell clint_synth/dut/clk_gate_MTIMECMP_reg_4/ (msrv_soc_clint_apbwrapper_SNPS_CLOCK_GATE_HIGH_msrv_soc_clint_apb__939583_11) #

#   Propagate Constraints from cell clint_synth/dut/clk_gate_MTIMECMP_reg_3/ (msrv_soc_clint_apbwrapper_SNPS_CLOCK_GATE_HIGH_msrv_soc_clint_apb__939583_12) #

#   Propagate Constraints from cell clint_synth/dut/clk_gate_MTIMECMP_reg_2/ (msrv_soc_clint_apbwrapper_SNPS_CLOCK_GATE_HIGH_msrv_soc_clint_apb__939583_13) #

#   Propagate Constraints from cell clint_synth/dut/clk_gate_MTIMECMP_reg_1/ (msrv_soc_clint_apbwrapper_SNPS_CLOCK_GATE_HIGH_msrv_soc_clint_apb__939583_14) #

#   Propagate Constraints from cell clint_synth/dut/clk_gate_MTIMECMP_reg_0/ (msrv_soc_clint_apbwrapper_SNPS_CLOCK_GATE_HIGH_msrv_soc_clint_apb__939583_15) #

#   Propagate Constraints from cell clint_synth/dut/clk_gate_MTIMECMP_reg/ (msrv_soc_clint_apbwrapper_SNPS_CLOCK_GATE_HIGH_msrv_soc_clint_apb__939583_0) #

#   Propagate Constraints from cell ahbapbbridge_synth/ (msrv_soc_ahbapbbridgewrapper) #

#   Propagate Constraints from cell ahbapbbridge_synth/dut/ (msrv_soc_ahbapbbridgewrapper_msrv_soc_ahbapbbridge_5_939583_0) #

#   Propagate Constraints from cell ahbapbbridge_synth/dut/APB_MASTER/ (msrv_soc_ahbapbbridgewrapper_msrv_soc_apb_master_5_939583_0) #

#   Propagate Constraints from cell ahbapbbridge_synth/dut/APB_MASTER/clk_gate_s_rdata_reg/ (msrv_soc_ahbapbbridgewrapper_SNPS_CLOCK_GATE_HIGH_msrv_soc_apb_master_5_939583_0) #

#   Propagate Constraints from cell ahbapbbridge_synth/dut/SYNCHRONIZER2/ (msrv_soc_ahbapbbridgewrapper_msrv_soc_synchronizer_1) #

#   Propagate Constraints from cell ahbapbbridge_synth/dut/SYNCHRONIZER1/ (msrv_soc_ahbapbbridgewrapper_msrv_soc_synchronizer_0) #

#   Propagate Constraints from cell ahbapbbridge_synth/dut/AHB_SLAVE/ (msrv_soc_ahbapbbridgewrapper_msrv_soc_ahb_slave_5_939583_0) #

#   Propagate Constraints from cell ahbapbbridge_synth/dut/AHB_SLAVE/clk_gate_pstrb_reg_reg/ (msrv_soc_ahbapbbridgewrapper_SNPS_CLOCK_GATE_HIGH_msrv_soc_ahb_slave_5_939583_1) #

#   Propagate Constraints from cell ahbapbbridge_synth/dut/AHB_SLAVE/clk_gate_s_addr_reg/ (msrv_soc_ahbapbbridgewrapper_SNPS_CLOCK_GATE_HIGH_msrv_soc_ahb_slave_5_939583_0) #

#   Propagate Constraints from cell adrdecs_synth/ (msrv_soc_adrdecswrapper) #

#   Propagate Constraints from cell adrdecs_synth/dut/ (msrv_soc_adrdecswrapper_msrv_soc_adrdecs__939583_0) #

#   Propagate Constraints from cell adrdecs_synth/dut/systemcontrollerdec/ (msrv_soc_adrdecswrapper_msrv_soc_adrdec_PA_BITS56_1) #

#   Propagate Constraints from cell adrdecs_synth/dut/spidec/ (msrv_soc_adrdecswrapper_msrv_soc_adrdec_PA_BITS56_3) #

#   Propagate Constraints from cell adrdecs_synth/dut/plicdec/ (msrv_soc_adrdecswrapper_msrv_soc_adrdec_PA_BITS56_6) #

#   Propagate Constraints from cell adrdecs_synth/dut/uartdec/ (msrv_soc_adrdecswrapper_msrv_soc_adrdec_PA_BITS56_0) #

#   Propagate Constraints from cell adrdecs_synth/dut/gpiodec/ (msrv_soc_adrdecswrapper_msrv_soc_adrdec_PA_BITS56_2) #

#   Propagate Constraints from cell adrdecs_synth/dut/clintdec/ (msrv_soc_adrdecswrapper_msrv_soc_adrdec_PA_BITS56_5) #

#   Propagate Constraints from cell adrdecs_synth/dut/uncoreramdec/ (msrv_soc_adrdecswrapper_msrv_soc_adrdec_PA_BITS56_7) #

#   Propagate Constraints from cell adrdecs_synth/dut/bootromdec/ (msrv_soc_adrdecswrapper_msrv_soc_adrdec_PA_BITS56_4) #
1
dcnxt_shell> remove_upf
1
dcnxt_shell> set upf_create_implicit_supply_sets false
false
dcnxt_shell> if {$UPF_MODE != "none"} {
  if {$UPF_FILE != ""} {
    set load_upf_cmd "load_upf ${UPF_FILE}"

    if {$UPF_MODE == "golden"} {lappend load_upf_cmd -strict_check true}

    puts "RM-info: Running $load_upf_cmd"
    eval ${load_upf_cmd}
  }
}RM-info: Running load_upf ../scripts/msrv_soc_uncore.upf -strict_check true


Loading Golden UPF file ../scripts/msrv_soc_uncore.upf ...
###load_upf  /home1/PD07/AMuthuKKumar/Project_CVW_PD12/Synth/msrv_soc_uncore/upf/msrv_soc_clint_apbwrapper.upf -scope clint_synth
load_upf /home1/PD07/AMuthuKKumar/Project_CVW_PD12/Synth/msrv_soc_uncore/msrv_soc_clint_apbwrapper/scripts/msrv_soc_clint_apbwrapper.upf -scope clint_synth


Loading Golden UPF file /home1/PD07/AMuthuKKumar/Project_CVW_PD12/Synth/msrv_soc_uncore/msrv_soc_clint_apbwrapper/scripts/msrv_soc_clint_apbwrapper.upf ...
# ===================================================================
# SPI — Block-level local UPF (power-gated domain)
# - Block-level only: top-level owns power switch and supplies.
# - This UPF exposes the gated supply and control signals as ports.
# ===================================================================
upf_version 1.0
# 1) Power domain for SPI (local instance name 'spi' assumed)
create_power_domain pd_clint -include_scope
# 2) Supply ports (block expects these from top)
#    Only declare the *gated* supply as an input port (driven by top)
#create_supply_port VDD 
create_supply_port VDDL -domain pd_clint -direction in  
create_supply_port VSS  -domain pd_clint -direction in  
# 3) Supply nets (local representation)
#    Create nets only for the ports you declared (no VDDL main driver here)
#create_supply_net VDD            
#create_supply_net VDD -domain pd_clint -reuse
create_supply_net VDDL 
create_supply_net VDDL -domain pd_clint -reuse
create_supply_net VSS            
create_supply_net VSS  -domain pd_clint -reuse
# Connect supply nets to ports (block-level mapping)
#connect_supply_net VDD -ports VDD	
connect_supply_net VDDL -ports VDDL
connect_supply_net VSS  -ports VSS
set_domain_supply_net pd_clint -primary_power_net VDDL -primary_ground_net VSS
#set_related_supply_net -power VDDL -ground VSS

End loading UPF file /home1/PD07/AMuthuKKumar/Project_CVW_PD12/Synth/msrv_soc_uncore/msrv_soc_clint_apbwrapper/scripts/msrv_soc_clint_apbwrapper.upf
###load_upf  /home1/PD07/AMuthuKKumar/Project_CVW_PD12/Synth/msrv_soc_uncore/upf/msrv_soc_plic_apbwrapper.upf -scope plic_synth
load_upf /home1/PD07/AMuthuKKumar/Project_CVW_PD12/Synth/msrv_soc_uncore/msrv_soc_plic_apbwrapper/scripts/msrv_soc_plic_apbwrapper.upf -scope plic_synth


Loading Golden UPF file /home1/PD07/AMuthuKKumar/Project_CVW_PD12/Synth/msrv_soc_uncore/msrv_soc_plic_apbwrapper/scripts/msrv_soc_plic_apbwrapper.upf ...
# ===================================================================
# SPI — Block-level local UPF (power-gated domain)
# - Block-level only: top-level owns power switch and supplies.
# - This UPF exposes the gated supply and control signals as ports.
# ===================================================================
upf_version 1.0
create_power_domain pd_plic -include_scope 
#create_supply_port VDD 
create_supply_port VDDL -domain pd_plic -direction in  
create_supply_port VSS  -domain pd_plic -direction in  
#create_supply_net VDD            
#create_supply_net VDD -domain pd_plic -reuse
create_supply_net VDDL 
create_supply_net VDDL -domain pd_plic -reuse
create_supply_net VSS            
create_supply_net VSS  -domain pd_plic -reuse
#connect_supply_net VDD -ports VDD	
connect_supply_net VDDL -ports VDDL
connect_supply_net VSS  -ports VSS
set_domain_supply_net pd_plic -primary_power_net VDDL -primary_ground_net VSS
#set_related_supply_net -power VDDL -ground VSS

End loading UPF file /home1/PD07/AMuthuKKumar/Project_CVW_PD12/Synth/msrv_soc_uncore/msrv_soc_plic_apbwrapper/scripts/msrv_soc_plic_apbwrapper.upf
###load_upf  /home1/PD07/AMuthuKKumar/Project_CVW_PD12/Synth/uncore/msrv_soc_uncore/upf/msrv_soc_spi_apbwrapper.upf -scope spi_synth
load_upf /home1/PD07/AMuthuKKumar/Project_CVW_PD12/Synth/msrv_soc_uncore/msrv_soc_spi_apbwrapper/scripts/msrv_soc_spi_apbwrapper.upf -scope spi_synth


Loading Golden UPF file /home1/PD07/AMuthuKKumar/Project_CVW_PD12/Synth/msrv_soc_uncore/msrv_soc_spi_apbwrapper/scripts/msrv_soc_spi_apbwrapper.upf ...
# ===================================================================
# SPI — Block-level local UPF (power-gated domain)
# - Block-level only: top-level owns power switch and supplies.
# - This UPF exposes the gated supply and control signals as ports.
# ===================================================================
upf_version 1.0
# 1) Power domain for SPI (local instance name 'spi' assumed)
create_power_domain pd_spi_gated -include_scope
# 2) Supply ports (block expects these from top)
#    Only declare the *gated* supply as an input port (driven by top)
#create_supply_port VDD -domain pd_spi_gated
create_supply_port VDDL -domain pd_spi_gated
create_supply_port VDDL_spi_gated -direction in  -domain pd_spi_gated
create_supply_port VSS            -direction in  -domain pd_spi_gated
# 3) Supply nets (local representation)
#    Create nets only for the ports you declared (no VDDL main driver here)
#create_supply_net VDD            -domain pd_spi_gated
#create_supply_net VDD            -domain pd_spi_gated -reuse
create_supply_net VDDL -domain pd_spi_gated
create_supply_net VDDL -domain pd_spi_gated -reuse
create_supply_net VDDL_spi_gated -domain pd_spi_gated
create_supply_net VDDL_spi_gated -domain pd_spi_gated -reuse
create_supply_net VSS            -domain pd_spi_gated
create_supply_net VSS            -domain pd_spi_gated -reuse
# Connect supply nets to ports (block-level mapping)
#connect_supply_net VDD -ports VDD
connect_supply_net VDDL -ports VDDL
connect_supply_net VDDL_spi_gated -ports VDDL_spi_gated
connect_supply_net VSS            -ports VSS
# 4) Bind the domain to its (external) gated supply
#    primary_power_net must be the gated supply the block expects
#set_domain_supply_net pd_spi_gated \
#    -primary_power_net VDDL_spi_gated \
#    -primary_ground_net GND
# If tool expects supply set usage:
#create_supply_set SS_SPI -supplies {VDDL_spi_gated GND}
#set_domain_supply_set pd_spi_gated -supply_set SS_SPI
set_domain_supply_net pd_spi_gated -primary_power_net VDDL_spi_gated -primary_ground_net VSS
#set_related_supply_net -power VDDL_spi_gated -ground VSS
###set_related_supply_net -power VDDL -ground VSS
# -------------------------------------------------------------------
# 5) Local virtual control ports (do not exist in block RTL)
#    These are UPF logical ports so the block-level flow will not fail
#    due to missing drivers. At top-level these will be connected to PMU.
# -------------------------------------------------------------------
###create_logic_port spi_powergate_enb -direction in
###create_logic_port spi_isolation_enb -direction in
###create_logic_port spi_retention_save_enb -direction in
#create_logic_port spi_save          -direction in
###create_logic_port spi_retention_restore_enb  -direction in
# -------------------------------------------------------------------
# 6) DO NOT create power_switch here (top-level owns it).
#    If you had one in prior file, remove it to avoid multiple drivers.
# -------------------------------------------------------------------
# (no create_power_switch in block UPF)
###create_power_switch sw_spi -domain pd_spi_gated -input_supply_port "sw_spi_VDDL VDDL" \
### -output_supply_port "sw_VDDL_spi_gated VDDL_spi_gated" \
### -control_port       "sw_spi_powergate_enb spi_powergate_enb" \
### -on_state           "SW_PGD_SPI_ON sw_spi_VDDL {!sw_spi_powergate_enb}"
# -------------------------------------------------------------------
# 7) Isolation — reference only local block boundary signals (local names)
#    Use the actual signal names as they appear inside the spi block.
#    Do NOT use absolute 'dut/...' paths at block level.
# -------------------------------------------------------------------
#set_isolation isol_clamp1_sig_spi_from_pgd -domain pd_spi_gated \
# -applies_to outputs \
# -isolation_power_net VDDL_spi_gated \
# -isolation_ground_net VSS \
# -clamp_value 1 \
# -elements {
#    dut/SPIOut
#    dut/SPICS
#    dut/SPICLK
#    dut/SPIIntr
#    dut/PRDATA
# }
# Bind isolation control to the local logical control port
#set_isolation_control isol_clamp1_sig_spi_from_pgd \
 #-domain pd_spi_gated \
 #-isolation_signal spi_isolation_enb \
 #-isolation_sense high \
 #-location parent
# -------------------------------------------------------------------
# 8) Retention — list registers (local names)
# -------------------------------------------------------------------
#set_retention pgd_retain_spi -domain pd_spi_gated \
 #-retention_power_net VDDL_spi_gated \
 #-retention_ground_net VSS \
 #-elements {
#dut/SckDiv_reg[*]
#dut/SckMode_reg[*]
#dut/ChipSelectID_reg[*]
#dut/ChipSelectDef_reg[*]
#dut/ChipSelectMode_reg[*]
#dut/Delay0_reg[*]
#dut/Delay1_reg[*]
#dut/Format_reg[*]
#dut/TransmitData_reg[*]
#dut/TransmitWatermark_reg[*]
#dut/ReceiveWatermark_reg[*]
# dut/InterruptEnable_reg[*]
#  dut/TransmitReg_reg[*]
#}
#set_retention_control pgd_retain_spi -domain pd_spi_gated \
 #-save_signal    { spi_retention_save_enb high } \
 #-restore_signal { spi_retention_restore_enb high }
#map_retention_cell pgd_retain_spi -domain pd_spi_gated -lib_cells {SAEDLVT14_*}
# -------------------------------------------------------------------
# 9) Level shifters
#    Prefer to keep LS/ISO insertion to top-level; but block UPF can
#    mark inputs/outputs as needing LS if you want.
# -------------------------------------------------------------------
###set_level_shifter LtoH_sig_to_spi -domain pd_spi_gated \
### -applies_to inputs -rule low_to_high -location self
###set_level_shifter HtoL_sig_from_spi -domain pd_spi_gated \
### -applies_to outputs -rule high_to_low -location self
# optionally associate elements with LS (local names)
# add_level_shifter LtoH_sig_to_spi -elements { clk mosi sclk cs resetn }
# add_level_shifter HtoL_sig_from_spi -elements { miso irq PRDATA }
# -------------------------------------------------------------------
# Notes:
# 1) Replace the local element names (SPIOut, PRDATA, SckDiv_reg[*], etc.)
#    with exact names from your SPI netlist if they differ. Use
#    `report_hierarchy`/`report_cells` to get the correct names.
# 2) Top-level UPF must:
#    - create the power switch that drives VDDL_spi_gated
#    - connect the top/PMU signals to spi_powergate_enb, spi_isolation_enb,
#      spi_retention_enb (via connect_logic_net / connect_supply_net or by
#      referencing the block local ports)
# 3) Do NOT create VDDL or VDDL_spi_gated drivers in this file. The top
#    must own the create_power_switch command that drives the gated net.
# ===================================================================

End loading UPF file /home1/PD07/AMuthuKKumar/Project_CVW_PD12/Synth/msrv_soc_uncore/msrv_soc_spi_apbwrapper/scripts/msrv_soc_spi_apbwrapper.upf
###load_upf  /home1/PD07/AMuthuKKumar/Project_CVW_PD12/Synth/uncore/msrv_soc_uncore/upf/msrv_soc_uart_apbwrapper.upf -scope uart_synth
load_upf /home1/PD07/AMuthuKKumar/Project_CVW_PD12/Synth/msrv_soc_uncore/msrv_soc_uart_apbwrapper/scripts/msrv_soc_uart_apbwrapper.upf -scope uart_synth


Loading Golden UPF file /home1/PD07/AMuthuKKumar/Project_CVW_PD12/Synth/msrv_soc_uncore/msrv_soc_uart_apbwrapper/scripts/msrv_soc_uart_apbwrapper.upf ...
# ===================================================================
# UART — Block-level local UPF (power-gating-ready)
# - Block-level only: top-level owns power switch and gated supply.
# - Use for UART block synthesis (no RTL port changes required).
# ===================================================================
upf_version 1.0
# -------------------------------------------------------------------
# 1) Power domain for UART (assumes block instance name 'uart')
# -------------------------------------------------------------------
create_power_domain pd_uart_gated -include_scope
# -------------------------------------------------------------------
# 2) Supply ports (block expects these from top)
#    Declare gated supply as input port driven by top-level power switch
# -------------------------------------------------------------------
#create_supply_port VDD -domain pd_uart_gated
create_supply_port VDDL_uart_gated -direction in  -domain pd_uart_gated
create_supply_port VSS              -direction in  -domain pd_uart_gated
create_supply_port VDDL -direction in  -domain pd_uart_gated
# -------------------------------------------------------------------
# 3) Supply nets (local)
# -------------------------------------------------------------------
#create_supply_net VDD            -domain pd_uart_gated
#create_supply_net VDD            -domain pd_uart_gated -reuse
###create_supply_net VDDL_uart_gated -domain pd_uart_gated
###create_supply_net VDDL_uart_gated -domain pd_uart_gated -reuse
create_supply_net VDDL -domain pd_uart_gated 
create_supply_net VDDL -domain pd_uart_gated -reuse
create_supply_net VSS             -domain pd_uart_gated
create_supply_net VSS             -domain pd_uart_gated -reuse
create_supply_net VDDL_uart_gated -domain pd_uart_gated 
create_supply_net VDDL_uart_gated -domain pd_uart_gated -reuse
# Connect supply nets to ports (block-level mapping)
connect_supply_net VDDL_uart_gated -ports VDDL_uart_gated
connect_supply_net VDDL -ports VDDL
connect_supply_net VSS             -ports VSS
#connect_supply_net VDD             -ports VDD
# -------------------------------------------------------------------
# 4) Bind the domain to its external gated supply
# -------------------------------------------------------------------
set_domain_supply_net pd_uart_gated -primary_power_net VDDL_uart_gated -primary_ground_net VSS
#set_related_supply_net -power VDDL_uart_gated -ground VSS
###set_related_supply_net -power VDDL -ground VSS
### I added the above cmd
#set_domain_supply_net pd_uart_gated  -primary_power_net VDD -primary_ground_net VSS
# Optionally create a supply set for hierarchical stitching
#create_supply_set SS_UART -supplies {VDDL_uart_gated VSS}
#set_domain_supply_set pd_uart_gated -supply_set SS_UART
# -------------------------------------------------------------------
# 5) Local virtual control ports (UPF logical ports; not RTL ports)
#    These prevent "missing real driver" errors at block-level.
#    Top-level will later connect these to PMU signals.
# -------------------------------------------------------------------
###create_logic_port uart_powergate_enb  -direction in
###create_logic_port uart_isolation_enb  -direction in
###create_logic_port uart_retention_save_enb  -direction in
#create_logic_port uart_save            -direction in
###create_logic_port uart_retention_restore_enb    -direction in
# -------------------------------------------------------------------
# 6) DO NOT create/create_power_switch here (top-level owns it)
#    If you had a create_power_switch in previous attempts, remove it.
# -------------------------------------------------------------------
# (no create_power_switch in block UPF)
#te_power_switch sw_uart -domain pd_uart_gated -input_supply_port "sw_uart_VDDL VDDL" \
# -output_supply_port "sw_VDDL_uart_gated VDDL_uart_gated"                                 \
#  -control_port       "sw_uart_powergate_enb dut/SOC_CORE/sys_ctrl_gen.sys_ctrl/PMU/uart_powergate_enb" \

#   -on_state           "SW_PGD_UART_ON sw_uart_VDDL {!sw_uart_powergate_enb}"
###create_power_switch sw_uart -domain pd_uart_gated -input_supply_port "sw_uart_VDDL VDDL" \
### -output_supply_port "sw_VDDL_uart_gated VDDL_uart_gated" \
### -control_port       "sw_uart_powergate_enb uart_powergate_enb" \
### -on_state           "SW_PGD_UART_ON sw_uart_VDDL {!sw_uart_powergate_enb}"
#   -------------------------------------------------------------------
# 7) Isolation — reference only local block boundary signals (local names)
#    Use clamp_value as in main UPF (you used clamp_value = 1 there).
#    Replace element names if your UART netlist uses different names.
# -------------------------------------------------------------------
#set_isolation isol_clamp1_sig_uart_from_pgd -domain pd_uart_gated \
 #-applies_to outputs \
 #-isolation_power_net VDDL_uart_gated \
 #-isolation_ground_net VSS \
 #-clamp_value 1 \
 #-elements {
#  SOUT
# INTR
#PRDATA
# }
# Bind isolation control to the local logical control port
#set_isolation_control isol_clamp1_sig_uart_from_pgd \
# -domain pd_uart_gated \
# -isolation_signal uart_isolation_enb \
# -isolation_sense high \
# -location parent
# -------------------------------------------------------------------
# 8) Retention — list the registers (local names as per your main UPF)
#    Replace names/paths with exact netlist names if different.
# -------------------------------------------------------------------
#set_retention pgd_retain_uart -domain pd_uart_gated \
# -retention_power_net VDDL_uart_gated \
# -retention_ground_net VSS \
# -elements {
#   dut/uartPC/FCR_reg[*]
#   dut/uartPC/LCR_reg[*]
#   dut/uartPC/SCR_reg[*]
#   dut/uartPC/DLL_reg[*]
#  dut/uartPC/DLM_reg[*]
#  dut/uartPC/IER_reg[*]
#  dut/uartPC/txsr_reg[*]
#  dut/uartPC/MCR_reg[*]
#    dut/uartPC/TXHR_reg[*]
#}
# Retention control: local virtual control (top-level will map it)
#set_retention_control pgd_retain_uart -domain pd_uart_gated \
# -save_signal    { uart_retention_save_enb high } \
# -restore_signal { uart_retention_restore_enb high }
#map_retention_cell pgd_retain_uart -domain pd_uart_gated -lib_cells {SAEDLVT14_*}
# -------------------------------------------------------------------
# 9) Level shifters (optional markers)
#    Prefer insertion decisions to top-level, but block UPF may mark
#    which inputs/outputs need LS when integrated.
# -------------------------------------------------------------------
###set_level_shifter LtoH_sig_to_uart -domain pd_uart_gated \
### -applies_to inputs -rule low_to_high -location self
###set_level_shifter HtoL_sig_from_uart -domain pd_uart_gated \
### -applies_to outputs -rule high_to_low -location self
# Example element lists (uncomment and update if you want explicit mapping)
# add_level_shifter LtoH_sig_to_uart -elements { clk resetn RXD TXD ... }
# add_level_shifter HtoL_sig_from_uart -elements { SOUT INTR PRDATA }
# -------------------------------------------------------------------
# 10) Notes / checklist
# -------------------------------------------------------------------
# 1) Replace local element names (SOUT, INTR, PRDATA, uartPC/... registers)
#    with exact names from your UART netlist. Use `report_hierarchy`
#    or `report_cells` to confirm exact paths/names and update the lists.
# 2) Do NOT create the gated supply driver (power switch) at block level.
#    The SoC/uncore UPF must own create_power_switch and drive
#    VDDL_uart_gated. This prevents "multiple drivers" errors.
# 3) At integration (uncore/SoC-level UPF), connect the local logical
#    control ports to PMU signals, for example:
#      connect_logic_net uart_isolation_enb -nets dut/SOC_CORE/.../PMU/uart_isolation_enb
#    or replace local references with the full PMU signal path in top UPF.
# ===================================================================

End loading UPF file /home1/PD07/AMuthuKKumar/Project_CVW_PD12/Synth/msrv_soc_uncore/msrv_soc_uart_apbwrapper/scripts/msrv_soc_uart_apbwrapper.upf
###load_upf  /home1/PD07/AMuthuKKumar/Project_CVW_PD12/Synth/msrv_soc_uncore/upf/msrv_soc_gpio_apbwrapper.upf -scope gpio_synth
load_upf /home1/PD07/AMuthuKKumar/Project_CVW_PD12/Synth/msrv_soc_uncore/msrv_soc_gpio_apbwrapper/scripts/msrv_soc_gpio_apbwrapper.upf -scope gpio_synth


Loading Golden UPF file /home1/PD07/AMuthuKKumar/Project_CVW_PD12/Synth/msrv_soc_uncore/msrv_soc_gpio_apbwrapper/scripts/msrv_soc_gpio_apbwrapper.upf ...
upf_version 1.0
# 1) Power domain for SPI (local instance name 'spi' assumed)
create_power_domain pd_gpio -include_scope
# 2) Supply ports (block expects these from top)
#    Only declare the *gated* supply as an input port (driven by top)
#create_supply_port VDD 
create_supply_port VDDL -domain pd_gpio -direction in  
create_supply_port VSS  -domain pd_gpio -direction in  
# 3) Supply nets (local representation)
#    Create nets only for the ports you declared (no VDDL main driver here)
#create_supply_net VDD            
#create_supply_net VDD -domain pd_gpio -reuse
create_supply_net VDDL 
create_supply_net VDDL -domain pd_gpio -reuse
create_supply_net VSS            
create_supply_net VSS  -domain pd_gpio -reuse
# Connect supply nets to ports (block-level mapping)
#connect_supply_net VDD -ports VDD	
connect_supply_net VDDL -ports VDDL
connect_supply_net VSS  -ports VSS
set_domain_supply_net pd_gpio -primary_power_net VDDL -primary_ground_net VSS
#set_related_supply_net -power VDDL -ground VSS

End loading UPF file /home1/PD07/AMuthuKKumar/Project_CVW_PD12/Synth/msrv_soc_uncore/msrv_soc_gpio_apbwrapper/scripts/msrv_soc_gpio_apbwrapper.upf
###load_upf  /home1/PD07/AMuthuKKumar/Project_CVW_PD12/Synth/msrv_soc_uncore/upf/msrv_soc_adrdecswrapper.upf -scope adrdecs_synth
load_upf /home1/PD07/AMuthuKKumar/Project_CVW_PD12/Synth/msrv_soc_uncore/msrv_soc_adrdecswrapper/scripts/msrv_soc_adrdecswrapper.upf -scope adrdecs_synth


Loading Golden UPF file /home1/PD07/AMuthuKKumar/Project_CVW_PD12/Synth/msrv_soc_uncore/msrv_soc_adrdecswrapper/scripts/msrv_soc_adrdecswrapper.upf ...
# ===================================================================
# SPI — Block-level local UPF (power-gated domain)
# - Block-level only: top-level owns power switch and supplies.
# - This UPF exposes the gated supply and control signals as ports.
# ===================================================================
upf_version 1.0
# 1) Power domain for SPI (local instance name 'spi' assumed)
create_power_domain pd_adrdecs -include_scope
# 2) Supply ports (block expects these from top)
#    Only declare the *gated* supply as an input port (driven by top)
#create_supply_port VDD 
create_supply_port VDDL -domain pd_adrdecs -direction in  
create_supply_port VSS  -domain pd_adrdecs -direction in  
# 3) Supply nets (local representation)
#    Create nets only for the ports you declared (no VDDL main driver here)
#create_supply_net VDD            
#create_supply_net VDD -domain pd_adrdecs -reuse
create_supply_net VDDL 
create_supply_net VDDL -domain pd_adrdecs -reuse
create_supply_net VSS            
create_supply_net VSS  -domain pd_adrdecs -reuse
# Connect supply nets to ports (block-level mapping)
#connect_supply_net VDD -ports VDD	
connect_supply_net VDDL -ports VDDL
connect_supply_net VSS  -ports VSS
set_domain_supply_net pd_adrdecs -primary_power_net VDDL -primary_ground_net VSS
#set_related_supply_net -power VDDL -ground VSS

End loading UPF file /home1/PD07/AMuthuKKumar/Project_CVW_PD12/Synth/msrv_soc_uncore/msrv_soc_adrdecswrapper/scripts/msrv_soc_adrdecswrapper.upf
#load_upf /home1/PD07/AMuthuKKumar/Project_CVW_PD12/Synth/uncore/msrv_soc_uncore/upf/msrv_soc_adrdecswrapper.upf -scope dut/bootrom_synth
####load_upf  /home1/PD07/AMuthuKKumar/Project_CVW_PD12/Synth/msrv_soc_uncore/upf/msrv_soc_ahbapbbridgewrapper.upf -scope ahbapbbridge_synth
load_upf /home1/PD07/AMuthuKKumar/Project_CVW_PD12/Synth/msrv_soc_uncore/msrv_soc_ahbapbbridgewrapper/scripts/msrv_soc_ahbapbbridgewrapper.upf -scope ahbapbbridge_synth


Loading Golden UPF file /home1/PD07/AMuthuKKumar/Project_CVW_PD12/Synth/msrv_soc_uncore/msrv_soc_ahbapbbridgewrapper/scripts/msrv_soc_ahbapbbridgewrapper.upf ...
# =====================================================
# Local UPF for AHB-APB Bridge (non power-gated)
# Extracted from SoC main UPF
# =====================================================
upf_version 1.0
# -----------------------------------------------------
# 1) Power domain for bridge
# -----------------------------------------------------
create_power_domain pd_bridge -include_scope
# -----------------------------------------------------
# 2) Supply ports (local to bridge block)
# -----------------------------------------------------
#create_supply_port VDD -direction in -domain pd_bridge
create_supply_port VDDM -direction in -domain pd_bridge
create_supply_port VSS  -direction in -domain pd_bridge
# -----------------------------------------------------
# 3) Supply nets (local nets mapped to SoC supplies)
# -----------------------------------------------------
#create_supply_net VDD -domain pd_bridge
#create_supply_net VDD -domain pd_bridge -reuse
create_supply_net VDDM -domain pd_bridge
create_supply_net VDDM -domain pd_bridge -reuse
create_supply_net VSS  -domain pd_bridge
create_supply_net VSS  -domain pd_bridge -reuse
# Connect supply nets to supply ports
#connect_supply_net VDD -ports VDD
connect_supply_net VDDM -ports VDDM
connect_supply_net VSS  -ports VSS
# -----------------------------------------------------
# 4) Assign supply nets to the bridge domain
# -----------------------------------------------------
set_domain_supply_net pd_bridge -primary_power_net VDDM -primary_ground_net VSS
#set_related_supply_net -power VDDM -ground VSS
# -----------------------------------------------------
# 5) (Optional) Level shifters
# If bridge interfaces with other domains, define LS here.
# For example, if signals cross from bridge <-> pd_core or pd_io_interface.
# -----------------------------------------------------
set_level_shifter LtoH_sig_to_bridge -domain pd_bridge \
    -applies_to inputs -rule low_to_high -location self
#
set_level_shifter HtoL_sig_from_bridge -domain pd_bridge \
    -applies_to outputs -rule high_to_low -location self

End loading UPF file /home1/PD07/AMuthuKKumar/Project_CVW_PD12/Synth/msrv_soc_uncore/msrv_soc_ahbapbbridgewrapper/scripts/msrv_soc_ahbapbbridgewrapper.upf
create_power_domain pd_uncore
#create_supply_port VDD
create_supply_port VDDL 
create_supply_port VSS
create_supply_port VDDM
#create_supply_net VDD -domain pd_uncore
#create_supply_net VDD -domain pd_uncore -reuse
create_supply_net VDDL -domain pd_uncore
create_supply_net VDDL -domain pd_uncore -reuse
create_supply_net VSS -domain pd_uncore
create_supply_net VSS -domain pd_uncore -reuse
create_supply_net VDDM -domain pd_uncore
create_supply_net VDDM -domain pd_uncore -reuse
#Connect Supply Nets
#connect_supply_net VDD -ports {VDD clint_synth/VDD  plic_synth/VDD spi_synth/VDD gpio_synth/VDD adrdecs_synth/VDD ahbapbbridge_synth/VDD uart_synth/VDD}
connect_supply_net VSS -ports {VSS clint_synth/VSS plic_synth/VSS spi_synth/VSS  gpio_synth/VSS adrdecs_synth/VSS ahbapbbridge_synth/VSS uart_synth/VSS }
connect_supply_net VDDL -ports {VDDL clint_synth/VDDL plic_synth/VDDL spi_synth/VDDL gpio_synth/VDDL adrdecs_synth/VDDL uart_synth/VDDL }
connect_supply_net VDDM -ports {VDDM  ahbapbbridge_synth/VDDM}
#connect_supply_net VDD -ports VDD
#connect_supply_net VDDL -ports VDDL
#connect_supply_net VSS  -ports VSS
set_domain_supply_net pd_uncore -primary_power_net VDDL -primary_ground_net VSS
#set_related_supply_net -power VDDL -ground VSS
set_level_shifter LtoH_sig_to_uncore -domain pd_uncore  -applies_to inputs -rule low_to_high -location  self
set_level_shifter HtoL_sig_from_uncore -domain pd_uncore -applies_to outputs -rule high_to_low -location self

End loading UPF file ../scripts/msrv_soc_uncore.upf
1
dcnxt_shell> set_voltage 0.585 -object_list {VDDL}
1
set_voltage 0.585 -object_list {spi_synth/VDDL_spi_gated}
1
set_voltage 0.585 -object_list {uart_synth/VDDL_uart_gated}
1
#set_voltage 0.715 -object_list {VDDM_eeprom_gated}
set_voltage 0.715 -object_list {VDDM}
1
#set_voltage 0.65 -object_list {VDD}
#set_voltage 0.6 -object_list {VDDL}
set_voltage 0.00 -object_list {VSS}
1
dcnxt_shell> source ${SCRIPTS}/${DESIGN_NAME}.sdc -echo
set scenario default
set ip [remove_from_collection [all_inputs] [get_ports HCLK]]
set ip1 [remove_from_collection [all_inputs] [get_ports PCLK]]
if {[shell_is_in_topographical_mode]} {
  create_scenario ${scenario}
  create_clock -period 4 -name MAIN [get_ports HCLK]
  set_input_delay 0.75 -clock MAIN $ip
  set_output_delay -clock MAIN 0.75 [get_ports [all_outputs]]
  set_load -pin_load 0.004 [get_ports [all_outputs]]
  set_max_fanout 200 [current_design]
  set_max_transition 0.1 [current_design]
  set_max_capacitance 100 [current_design]
  set_voltage 0.65 -object_list VDD
  set_voltage 0.585 -object_list VDDL
  set_voltage 0 -object_list VSS
  set_operating_conditions  -min default -max default

  set_tlu_plus_files -max_tluplus /home1/Harini_MTS/SAED14_EDK/SAED14nm_EDK_TECH_DATA/tlup/saed14nm_1p9m_Cnom.tlup \
                   -tech2itf_map /home1/Harini_MTS/SAED14_EDK/SAED14nm_EDK_TECH_DATA/map/saed14nm_tf_itf_tluplus.map 
  check_tlu_plus_files
  # Set options for worst case setup scenario
  set_scenario_options -setup true -hold false -leakage_power false
  report_scenario_options
} else {
  create_clock -name MAIN -period 4 [get_ports HCLK]
  set_input_delay 0.75 -clock MAIN $ip
  set_output_delay -clock MAIN 0.75 [get_ports [all_outputs]]
	
  create_clock -name PCLK -period 6 [get_ports PCLK]
  set_input_delay 0.75 -clock PCLK $ip1
  set_output_delay -clock PCLK 0.75 [get_ports [all_outputs]]


  set_load -pin_load 0.004 [get_ports [all_outputs]]
  set_max_fanout 200 [current_design]
  set_max_transition 0.1 [current_design]
  set_max_capacitance 100 [current_design]
  #set_voltage 0.65 -object_list VDD
  set_voltage 0.585 -object_list VDDL
  set_voltage 0.715 -object_list VDDM
set_voltage 0.585 -object_list {spi_synth/VDDL_spi_gated}
set_voltage 0.585 -object_list {uart_synth/VDDL_uart_gated}	
  set_voltage 0 -object_list VSS
  #set_operating_conditions -min tt0p65v25c -max tt0p65v25c

  #set_operating_conditions -min  -max 
set_operating_conditions -min ss0p585vm40c -max ss0p585v125c
 # set_operating_conditions -max ss0p585v125c 

#ss0p585vm40c
}Current design is 'msrv_soc_uncore'.
Current design is 'msrv_soc_uncore'.
Current design is 'msrv_soc_uncore'.
Using operating conditions 'ss0p585v125c' found in library 'saed14hvt_cg_ss0p585v125c'.
Using operating conditions 'ss0p585vm40c' found in library 'saed14hvt_base_ss0p585vm40c'.
1
dcnxt_shell> check_mv_designInformation: Library cell 'SAEDLVT14_TAPPN' has been identified as a cell with insulated bias well(s). (UPF-710)
Note - message 'UPF-710' limit (1) exceeded.  Remainder will be suppressed.
--------------------------------------------------------------------------------
                            Clock Gating Style Checks
--------------------------------------------------------------------------------
No clock gating style defined yet.

--------------------------------------------------------------------------------
                         Target Library Subset Checks
--------------------------------------------------------------------------------
No Errors/Warnings Found.

--------------------------------------------------------------------------------
                             Level Shifter Checks
--------------------------------------------------------------------------------
Warning: Found 1071 pin to pin connections requiring level shifter(s).  (MV-229)
Warning: Found 4 pin (tie cell pin) to pin connections requiring level shifter(s).  (MV-229b)

--------------------------------------------------------------------------------
                             Power Domain Checks
--------------------------------------------------------------------------------
No Errors/Warnings Found.

--------------------------------------------------------------------------------
                               Always On Checks
--------------------------------------------------------------------------------

--------------------------------------------------------------------------------
                         Always On Checks Summary
--------------------------------------------------------------------------------
No Errors/Warnings Found.

--------------------------------------------------------------------------------
                 Design And Library Operating Condition Checks
--------------------------------------------------------------------------------
No Errors/Warnings Found.

--------------------------------------------------------------------------------
                        Cell Operating Condition Checks
--------------------------------------------------------------------------------
Error: A total of 856 cells have been detected with operating condition problems (LIBSETUP-050/051/052/053/054); 0 of them have been reported above. Delay calculation will be incorrect if these problems are not fixed.  (LIBSETUP-022)
The libraries that have been searched for suitable lib_cells are:
  saed14lvt_base_ff0p715v125c.db:saed14lvt_base_ff0p715v125c (Voltage=0.715000V, Process=1.500000, Temperature =125.000000)
  saed14lvt_base_ff0p715v25c.db:saed14lvt_base_ff0p715v25c (Voltage=0.715000V, Process=1.500000, Temperature =25.000000)
  saed14lvt_pg_ff0p715vm40c.db:saed14lvt_pg_ff0p715vm40c (Voltage=0.715000V, Process=1.500000, Temperature =-40.000000)
  saed14lvt_base_ff0p715vm40c.db:saed14lvt_base_ff0p715vm40c (Voltage=0.715000V, Process=1.500000, Temperature =-40.000000)
  saed14rvt_cg_ff0p715vm40c.db:saed14rvt_cg_ff0p715vm40c (Voltage=0.715000V, Process=1.500000, Temperature =-40.000000)
  saed14rvt_pg_ff0p715vm40c.db:saed14rvt_pg_ff0p715vm40c (Voltage=0.715000V, Process=1.500000, Temperature =-40.000000)
  saed14rvt_base_ff0p715vm40c.db:saed14rvt_base_ff0p715vm40c (Voltage=0.715000V, Process=1.500000, Temperature =-40.000000)
  saed14sram_ss0p72vm40c.db:saed14sram_ss0p72vm40c (Voltage=0.720000V, Process=0.500000, Temperature =-40.000000)
  saed14lvt_cg_ss0p72v125c.db:saed14lvt_cg_ss0p72v125c (Voltage=0.720000V, Process=0.500000, Temperature =125.000000)
  saed14rvt_cg_ss0p72v125c.db:saed14rvt_cg_ss0p72v125c (Voltage=0.720000V, Process=0.500000, Temperature =125.000000)
  saed14lvt_base_ss0p72v125c.db:saed14lvt_base_ss0p72v125c (Voltage=0.720000V, Process=0.500000, Temperature =125.000000)
  saed14rvt_base_ss0p72v125c.db:saed14rvt_base_ss0p72v125c (Voltage=0.720000V, Process=0.500000, Temperature =125.000000)
  saed14lvt_dlvl_tt0p65v125c_i0p8v.db:saed14lvt_dlvl_tt0p65v125c_i0p8v (Voltage=0.650000V, Process=1.000000, Temperature =125.000000)
  saed14rvt_dlvl_tt0p65v125c_i0p8v.db:saed14rvt_dlvl_tt0p65v125c_i0p8v (Voltage=0.650000V, Process=1.000000, Temperature =125.000000)
  saed14lvt_ulvl_tt0p8v25c_i0p65v.db:saed14lvt_ulvl_tt0p8v25c_i0p65v (Voltage=0.800000V, Process=1.000000, Temperature =25.000000)
  saed14rvt_ulvl_tt0p8v25c_i0p65v.db:saed14rvt_ulvl_tt0p8v25c_i0p65v (Voltage=0.800000V, Process=1.000000, Temperature =25.000000)
  saed14hvt_cg_ss0p585v125c.db:saed14hvt_cg_ss0p585v125c (Voltage=0.585000V, Process=0.500000, Temperature =125.000000)
  saed14hvt_iso_ss0p585v125c.db:saed14hvt_iso_ss0p585v125c (Voltage=0.585000V, Process=0.500000, Temperature =125.000000)
  saed14hvt_pg_ss0p585v125c.db:saed14hvt_pg_ss0p585v125c (Voltage=0.585000V, Process=0.500000, Temperature =125.000000)
  saed14hvt_ret_ss0p585v125c.db:saed14hvt_ret_ss0p585v125c (Voltage=0.585000V, Process=0.500000, Temperature =125.000000)
  saed14hvt_ulvl_ss0p585v125c_i0p585v.db:saed14hvt_ulvl_ss0p585v125c_i0p585v (Voltage=0.585000V, Process=0.500000, Temperature =125.000000)
  saed14hvt_dlvl_ss0p585v125c_i0p585v.db:saed14hvt_dlvl_ss0p585v125c_i0p585v (Voltage=0.585000V, Process=0.500000, Temperature =125.000000)
  saed14hvt_dlvl_ss0p585v125c_i0p72v.db:saed14hvt_dlvl_ss0p585v125c_i0p72v (Voltage=0.585000V, Process=0.500000, Temperature =125.000000)
  saed14hvt_base_ss0p585v125c.db:saed14hvt_base_ss0p585v125c (Voltage=0.585000V, Process=0.500000, Temperature =125.000000)
  saed14rvt_cg_ss0p585v125c.db:saed14rvt_cg_ss0p585v125c (Voltage=0.585000V, Process=0.500000, Temperature =125.000000)
  saed14rvt_iso_ss0p585v125c.db:saed14rvt_iso_ss0p585v125c (Voltage=0.585000V, Process=0.500000, Temperature =125.000000)
  saed14rvt_pg_ss0p585v125c.db:saed14rvt_pg_ss0p585v125c (Voltage=0.585000V, Process=0.500000, Temperature =125.000000)
  saed14rvt_ret_ss0p585v125c.db:saed14rvt_ret_ss0p585v125c (Voltage=0.585000V, Process=0.500000, Temperature =125.000000)
  saed14rvt_ulvl_ss0p585v125c_i0p585v.db:saed14rvt_ulvl_ss0p585v125c_i0p585v (Voltage=0.585000V, Process=0.500000, Temperature =125.000000)
  saed14rvt_dlvl_ss0p585v125c_i0p585v.db:saed14rvt_dlvl_ss0p585v125c_i0p585v (Voltage=0.585000V, Process=0.500000, Temperature =125.000000)
  saed14rvt_dlvl_ss0p585v125c_i0p72v.db:saed14rvt_dlvl_ss0p585v125c_i0p72v (Voltage=0.585000V, Process=0.500000, Temperature =125.000000)
  saed14rvt_base_ss0p585v125c.db:saed14rvt_base_ss0p585v125c (Voltage=0.585000V, Process=0.500000, Temperature =125.000000)
  saed14hvt_cg_tt0p65v25c.db:saed14hvt_cg_tt0p65v25c (Voltage=0.650000V, Process=1.000000, Temperature =25.000000)
  saed14hvt_iso_tt0p65v25c.db:saed14hvt_iso_tt0p65v25c (Voltage=0.650000V, Process=1.000000, Temperature =25.000000)
  saed14hvt_pg_tt0p65v25c.db:saed14hvt_pg_tt0p65v25c (Voltage=0.650000V, Process=1.000000, Temperature =25.000000)
  saed14hvt_ret_tt0p65v25c.db:saed14hvt_ret_tt0p65v25c (Voltage=0.650000V, Process=1.000000, Temperature =25.000000)
  saed14hvt_ulvl_tt0p65v25c_i0p65v.db:saed14hvt_ulvl_tt0p65v25c_i0p65v (Voltage=0.650000V, Process=1.000000, Temperature =25.000000)
  saed14hvt_dlvl_tt0p65v25c_i0p65v.db:saed14hvt_dlvl_tt0p65v25c_i0p65v (Voltage=0.650000V, Process=1.000000, Temperature =25.000000)
  saed14hvt_base_tt0p65v25c.db:saed14hvt_base_tt0p65v25c (Voltage=0.650000V, Process=1.000000, Temperature =25.000000)
  saed14hvt_dlvl_tt0p65v25c_i0p8v.db:saed14hvt_dlvl_tt0p65v25c_i0p8v (Voltage=0.650000V, Process=1.000000, Temperature =25.000000)
  saed14rvt_cg_tt0p65v25c.db:saed14rvt_cg_tt0p65v25c (Voltage=0.650000V, Process=1.000000, Temperature =25.000000)
  saed14rvt_iso_tt0p65v25c.db:saed14rvt_iso_tt0p65v25c (Voltage=0.650000V, Process=1.000000, Temperature =25.000000)
  saed14rvt_pg_tt0p65v25c.db:saed14rvt_pg_tt0p65v25c (Voltage=0.650000V, Process=1.000000, Temperature =25.000000)
  saed14rvt_ret_tt0p65v25c.db:saed14rvt_ret_tt0p65v25c (Voltage=0.650000V, Process=1.000000, Temperature =25.000000)
  saed14rvt_ulvl_tt0p65v25c_i0p65v.db:saed14rvt_ulvl_tt0p65v25c_i0p65v (Voltage=0.650000V, Process=1.000000, Temperature =25.000000)
  saed14rvt_dlvl_tt0p65v25c_i0p65v.db:saed14rvt_dlvl_tt0p65v25c_i0p65v (Voltage=0.650000V, Process=1.000000, Temperature =25.000000)
  saed14rvt_base_tt0p65v25c.db:saed14rvt_base_tt0p65v25c (Voltage=0.650000V, Process=1.000000, Temperature =25.000000)
  saed14rvt_dlvl_tt0p65v25c_i0p8v.db:saed14rvt_dlvl_tt0p65v25c_i0p8v (Voltage=0.650000V, Process=1.000000, Temperature =25.000000)
  saed14hvt_cg_ff0p88vm40c.db:saed14hvt_cg_ff0p88vm40c (Voltage=0.880000V, Process=1.500000, Temperature =-40.000000)
  saed14hvt_iso_ff0p88vm40c.db:saed14hvt_iso_ff0p88vm40c (Voltage=0.880000V, Process=1.500000, Temperature =-40.000000)
  saed14hvt_pg_ff0p88vm40c.db:saed14hvt_pg_ff0p88vm40c (Voltage=0.880000V, Process=1.500000, Temperature =-40.000000)
  saed14hvt_ret_ff0p88vm40c.db:saed14hvt_ret_ff0p88vm40c (Voltage=0.880000V, Process=1.500000, Temperature =-40.000000)
  saed14hvt_ulvl_ff0p88vm40c_i0p715v.db:saed14hvt_ulvl_ff0p88vm40c_i0p715v (Voltage=0.880000V, Process=1.500000, Temperature =-40.000000)
  saed14hvt_ulvl_ff0p88vm40c_i0p88v.db:saed14hvt_ulvl_ff0p88vm40c_i0p88v (Voltage=0.880000V, Process=1.500000, Temperature =-40.000000)
  saed14hvt_dlvl_ff0p88vm40c_i0p88v.db:saed14hvt_dlvl_ff0p88vm40c_i0p88v (Voltage=0.880000V, Process=1.500000, Temperature =-40.000000)
  saed14hvt_base_ff0p88vm40c.db:saed14hvt_base_ff0p88vm40c (Voltage=0.880000V, Process=1.500000, Temperature =-40.000000)
  saed14rvt_cg_ff0p88vm40c.db:saed14rvt_cg_ff0p88vm40c (Voltage=0.880000V, Process=1.500000, Temperature =-40.000000)
  saed14rvt_iso_ff0p88vm40c.db:saed14rvt_iso_ff0p88vm40c (Voltage=0.880000V, Process=1.500000, Temperature =-40.000000)
  saed14rvt_pg_ff0p88vm40c.db:saed14rvt_pg_ff0p88vm40c (Voltage=0.880000V, Process=1.500000, Temperature =-40.000000)
  saed14rvt_ret_ff0p88vm40c.db:saed14rvt_ret_ff0p88vm40c (Voltage=0.880000V, Process=1.500000, Temperature =-40.000000)
  saed14rvt_ulvl_ff0p88vm40c_i0p715v.db:saed14rvt_ulvl_ff0p88vm40c_i0p715v (Voltage=0.880000V, Process=1.500000, Temperature =-40.000000)
  saed14rvt_ulvl_ff0p88vm40c_i0p88v.db:saed14rvt_ulvl_ff0p88vm40c_i0p88v (Voltage=0.880000V, Process=1.500000, Temperature =-40.000000)
  saed14rvt_dlvl_ff0p88vm40c_i0p88v.db:saed14rvt_dlvl_ff0p88vm40c_i0p88v (Voltage=0.880000V, Process=1.500000, Temperature =-40.000000)
  saed14rvt_base_ff0p88vm40c.db:saed14rvt_base_ff0p88vm40c (Voltage=0.880000V, Process=1.500000, Temperature =-40.000000)
  saed14lvt_cg_ff0p715vm40c.db:saed14lvt_cg_ff0p715vm40c (Voltage=0.715000V, Process=1.500000, Temperature =-40.000000)
  saed14lvt_cg_tt0p65v25c.db:saed14lvt_cg_tt0p65v25c (Voltage=0.650000V, Process=1.000000, Temperature =25.000000)
  saed14hvt_base_ss0p585vm40c.db:saed14hvt_base_ss0p585vm40c (Voltage=0.585000V, Process=0.500000, Temperature =-40.000000)
  saed14hvt_cg_ss0p585vm40c.db:saed14hvt_cg_ss0p585vm40c (Voltage=0.585000V, Process=0.500000, Temperature =-40.000000)
  saed14hvt_iso_ss0p585vm40c.db:saed14hvt_iso_ss0p585vm40c (Voltage=0.585000V, Process=0.500000, Temperature =-40.000000)
  saed14hvt_pg_ss0p585vm40c.db:saed14hvt_pg_ss0p585vm40c (Voltage=0.585000V, Process=0.500000, Temperature =-40.000000)
  saed14hvt_ret_ss0p585vm40c.db:saed14hvt_ret_ss0p585vm40c (Voltage=0.585000V, Process=0.500000, Temperature =-40.000000)
  saed14rvt_base_ss0p585vm40c.db:saed14rvt_base_ss0p585vm40c (Voltage=0.585000V, Process=0.500000, Temperature =-40.000000)
  saed14rvt_cg_ss0p585vm40c.db:saed14rvt_cg_ss0p585vm40c (Voltage=0.585000V, Process=0.500000, Temperature =-40.000000)
  saed14rvt_iso_ss0p585vm40c.db:saed14rvt_iso_ss0p585vm40c (Voltage=0.585000V, Process=0.500000, Temperature =-40.000000)
  saed14rvt_pg_ss0p585vm40c.db:saed14rvt_pg_ss0p585vm40c (Voltage=0.585000V, Process=0.500000, Temperature =-40.000000)
  saed14rvt_ret_ss0p585vm40c.db:saed14rvt_ret_ss0p585vm40c (Voltage=0.585000V, Process=0.500000, Temperature =-40.000000)
  gtech.db:gtech (Voltage=5.000000V, Process=1.000000, Temperature =25.000000)


--------------------------------------------------------------------------------
           Power Domain and Operating Condition Consistency Checks
--------------------------------------------------------------------------------
No Errors/Warnings Found.
--------------------------------------------------------------------------------
                      Power/Ground Pin Connection Checks
--------------------------------------------------------------------------------
No Errors/Warnings Found.

--------------------------------------------------------------------------------
                         Supply Operating Voltage Checks
--------------------------------------------------------------------------------
No Errors/Warnings Found.

--------------------------------------------------------------------------------
                                 Model checks
--------------------------------------------------------------------------------
No Errors/Warnings Found.

--------------------------------------------------------------------------------
                          Retention Synthesis Checks
--------------------------------------------------------------------------------
No Errors/Warnings Found.

--------------------------------------------------------------------------------
                          Isolation Synthesis Checks
--------------------------------------------------------------------------------
No Errors/Warnings Found.

--------------------------------------------------------------------------------
                       Power Domains Root Cells Checks
--------------------------------------------------------------------------------
No Errors/Warnings Found.

--------------------------------------------------------------------------------
                                Analog Checks
--------------------------------------------------------------------------------
No Errors/Warnings Found.

--------------------------------------------------------------------------------
                                Pad Pin Checks
--------------------------------------------------------------------------------
No Errors/Warnings Found.

Please review report above for warnings and errors.
0
Current design is 'msrv_soc_uncore'.
dcnxt_shell> 
Memory usage for this session 8666 Mbytes.
Memory usage for this session including child processes 8666 Mbytes.
CPU usage for this session 103 seconds ( 0.03 hours ).
Elapsed time for this session 702 seconds ( 0.19 hours ).

Thank you...
